﻿path;x;y;rotation
project_fotos_raw\22 x_2\14 2_-6\2_-6 14 0.jpg;2;-6;0
project_fotos_raw\22 x_2\14 2_-6\2_-6 15 30.jpg;2;-6;30
project_fotos_raw\22 x_2\14 2_-6\2_-6 16 60.jpg;2;-6;60
project_fotos_raw\22 x_2\14 2_-6\2_-6 17 90.jpg;2;-6;90
project_fotos_raw\22 x_2\14 2_-6\2_-6 18 120.jpg;2;-6;120
project_fotos_raw\22 x_2\14 2_-6\2_-6 19 150.jpg;2;-6;150
project_fotos_raw\22 x_2\14 2_-6\2_-6 20 180.jpg;2;-6;180
project_fotos_raw\22 x_2\14 2_-6\2_-6 21 210.jpg;2;-6;210
project_fotos_raw\22 x_2\14 2_-6\2_-6 22 240.jpg;2;-6;240
project_fotos_raw\22 x_2\14 2_-6\2_-6 23 270.jpg;2;-6;270
project_fotos_raw\22 x_2\14 2_-6\2_-6 24 300.jpg;2;-6;300
project_fotos_raw\22 x_2\14 2_-6\2_-6 25 330.jpg;2;-6;330
project_fotos_raw\22 x_2\15 2_-5\2_-5 14 0.jpg;2;-5;0
project_fotos_raw\22 x_2\15 2_-5\2_-5 15 30.jpg;2;-5;30
project_fotos_raw\22 x_2\15 2_-5\2_-5 16 60.jpg;2;-5;60
project_fotos_raw\22 x_2\15 2_-5\2_-5 17 90.jpg;2;-5;90
project_fotos_raw\22 x_2\15 2_-5\2_-5 18 120.jpg;2;-5;120
project_fotos_raw\22 x_2\15 2_-5\2_-5 19 150.jpg;2;-5;150
project_fotos_raw\22 x_2\15 2_-5\2_-5 20 180.jpg;2;-5;180
project_fotos_raw\22 x_2\15 2_-5\2_-5 21 210.jpg;2;-5;210
project_fotos_raw\22 x_2\15 2_-5\2_-5 22 240.jpg;2;-5;240
project_fotos_raw\22 x_2\15 2_-5\2_-5 23 270.jpg;2;-5;270
project_fotos_raw\22 x_2\15 2_-5\2_-5 24 300.jpg;2;-5;300
project_fotos_raw\22 x_2\15 2_-5\2_-5 25 330.jpg;2;-5;330
project_fotos_raw\22 x_2\16 2_-4\2_-4 14 0.jpg;2;-4;0
project_fotos_raw\22 x_2\16 2_-4\2_-4 15 30.jpg;2;-4;30
project_fotos_raw\22 x_2\16 2_-4\2_-4 16 60.jpg;2;-4;60
project_fotos_raw\22 x_2\16 2_-4\2_-4 17 90.jpg;2;-4;90
project_fotos_raw\22 x_2\16 2_-4\2_-4 18 120.jpg;2;-4;120
project_fotos_raw\22 x_2\16 2_-4\2_-4 19 150.jpg;2;-4;150
project_fotos_raw\22 x_2\16 2_-4\2_-4 20 180.jpg;2;-4;180
project_fotos_raw\22 x_2\16 2_-4\2_-4 21 210.jpg;2;-4;210
project_fotos_raw\22 x_2\16 2_-4\2_-4 22 240.jpg;2;-4;240
project_fotos_raw\22 x_2\16 2_-4\2_-4 23 270.jpg;2;-4;270
project_fotos_raw\22 x_2\16 2_-4\2_-4 24 300.jpg;2;-4;300
project_fotos_raw\22 x_2\16 2_-4\2_-4 25 330.jpg;2;-4;330
project_fotos_raw\22 x_2\17 2_-3\2_-3 14 0.jpg;2;-3;0
project_fotos_raw\22 x_2\17 2_-3\2_-3 15 30.jpg;2;-3;30
project_fotos_raw\22 x_2\17 2_-3\2_-3 16 60.jpg;2;-3;60
project_fotos_raw\22 x_2\17 2_-3\2_-3 17 90.jpg;2;-3;90
project_fotos_raw\22 x_2\17 2_-3\2_-3 18 120.jpg;2;-3;120
project_fotos_raw\22 x_2\17 2_-3\2_-3 19 150.jpg;2;-3;150
project_fotos_raw\22 x_2\17 2_-3\2_-3 20 180.jpg;2;-3;180
project_fotos_raw\22 x_2\17 2_-3\2_-3 21 210.jpg;2;-3;210
project_fotos_raw\22 x_2\17 2_-3\2_-3 22 240.jpg;2;-3;240
project_fotos_raw\22 x_2\17 2_-3\2_-3 23 270.jpg;2;-3;270
project_fotos_raw\22 x_2\17 2_-3\2_-3 24 300.jpg;2;-3;300
project_fotos_raw\22 x_2\17 2_-3\2_-3 25 330.jpg;2;-3;330
project_fotos_raw\22 x_2\18 2_-2\2_-2 14 0.jpg;2;-2;0
project_fotos_raw\22 x_2\18 2_-2\2_-2 15 30.jpg;2;-2;30
project_fotos_raw\22 x_2\18 2_-2\2_-2 16 60.jpg;2;-2;60
project_fotos_raw\22 x_2\18 2_-2\2_-2 17 90.jpg;2;-2;90
project_fotos_raw\22 x_2\18 2_-2\2_-2 18 120.jpg;2;-2;120
project_fotos_raw\22 x_2\18 2_-2\2_-2 19 150.jpg;2;-2;150
project_fotos_raw\22 x_2\18 2_-2\2_-2 20 180.jpg;2;-2;180
project_fotos_raw\22 x_2\18 2_-2\2_-2 21 210.jpg;2;-2;210
project_fotos_raw\22 x_2\18 2_-2\2_-2 22 240.jpg;2;-2;240
project_fotos_raw\22 x_2\18 2_-2\2_-2 23 270.jpg;2;-2;270
project_fotos_raw\22 x_2\18 2_-2\2_-2 24 300.jpg;2;-2;300
project_fotos_raw\22 x_2\18 2_-2\2_-2 25 330.jpg;2;-2;330
project_fotos_raw\22 x_2\19 2_-1\2_-1 14 0.jpg;2;-1;0
project_fotos_raw\22 x_2\19 2_-1\2_-1 15 30.jpg;2;-1;30
project_fotos_raw\22 x_2\19 2_-1\2_-1 16 60.jpg;2;-1;60
project_fotos_raw\22 x_2\19 2_-1\2_-1 17 90.jpg;2;-1;90
project_fotos_raw\22 x_2\19 2_-1\2_-1 18 120.jpg;2;-1;120
project_fotos_raw\22 x_2\19 2_-1\2_-1 19 150.jpg;2;-1;150
project_fotos_raw\22 x_2\19 2_-1\2_-1 20 180.jpg;2;-1;180
project_fotos_raw\22 x_2\19 2_-1\2_-1 21 210.jpg;2;-1;210
project_fotos_raw\22 x_2\19 2_-1\2_-1 22 240.jpg;2;-1;240
project_fotos_raw\22 x_2\19 2_-1\2_-1 23 270.jpg;2;-1;270
project_fotos_raw\22 x_2\19 2_-1\2_-1 24 300.jpg;2;-1;300
project_fotos_raw\22 x_2\19 2_-1\2_-1 25 330.jpg;2;-1;330
project_fotos_raw\22 x_2\20 2_0\2_0 14 0.jpg;2;0;0
project_fotos_raw\22 x_2\20 2_0\2_0 15 30.jpg;2;0;30
project_fotos_raw\22 x_2\20 2_0\2_0 16 60.jpg;2;0;60
project_fotos_raw\22 x_2\20 2_0\2_0 17 90.jpg;2;0;90
project_fotos_raw\22 x_2\20 2_0\2_0 18 120.jpg;2;0;120
project_fotos_raw\22 x_2\20 2_0\2_0 19 150.jpg;2;0;150
project_fotos_raw\22 x_2\20 2_0\2_0 20 180.jpg;2;0;180
project_fotos_raw\22 x_2\20 2_0\2_0 21 210.jpg;2;0;210
project_fotos_raw\22 x_2\20 2_0\2_0 22 240.jpg;2;0;240
project_fotos_raw\22 x_2\20 2_0\2_0 23 270.jpg;2;0;270
project_fotos_raw\22 x_2\20 2_0\2_0 24 300.jpg;2;0;300
project_fotos_raw\22 x_2\20 2_0\2_0 25 330.jpg;2;0;330
project_fotos_raw\22 x_2\21 2_1\2_1 14 0.jpg;2;1;0
project_fotos_raw\22 x_2\21 2_1\2_1 15 30.jpg;2;1;30
project_fotos_raw\22 x_2\21 2_1\2_1 16 60.jpg;2;1;60
project_fotos_raw\22 x_2\21 2_1\2_1 17 90.jpg;2;1;90
project_fotos_raw\22 x_2\21 2_1\2_1 18 120.jpg;2;1;120
project_fotos_raw\22 x_2\21 2_1\2_1 19 150.jpg;2;1;150
project_fotos_raw\22 x_2\21 2_1\2_1 20 180.jpg;2;1;180
project_fotos_raw\22 x_2\21 2_1\2_1 21 210.jpg;2;1;210
project_fotos_raw\22 x_2\21 2_1\2_1 22 240.jpg;2;1;240
project_fotos_raw\22 x_2\21 2_1\2_1 23 270.jpg;2;1;270
project_fotos_raw\22 x_2\21 2_1\2_1 24 300.jpg;2;1;300
project_fotos_raw\22 x_2\21 2_1\2_1 25 330.jpg;2;1;330
project_fotos_raw\22 x_2\22 2_2\2_2 14 0.jpg;2;2;0
project_fotos_raw\22 x_2\22 2_2\2_2 15 30.jpg;2;2;30
project_fotos_raw\22 x_2\22 2_2\2_2 16 60.jpg;2;2;60
project_fotos_raw\22 x_2\22 2_2\2_2 17 90.jpg;2;2;90
project_fotos_raw\22 x_2\22 2_2\2_2 18 120.jpg;2;2;120
project_fotos_raw\22 x_2\22 2_2\2_2 19 150.jpg;2;2;150
project_fotos_raw\22 x_2\22 2_2\2_2 20 180.jpg;2;2;180
project_fotos_raw\22 x_2\22 2_2\2_2 21 210.jpg;2;2;210
project_fotos_raw\22 x_2\22 2_2\2_2 22 240.jpg;2;2;240
project_fotos_raw\22 x_2\22 2_2\2_2 23 270.jpg;2;2;270
project_fotos_raw\22 x_2\22 2_2\2_2 24 300.jpg;2;2;300
project_fotos_raw\22 x_2\22 2_2\2_2 25 330.jpg;2;2;330
project_fotos_raw\22 x_2\23 2_3\2_3 14 0.jpg;2;3;0
project_fotos_raw\22 x_2\23 2_3\2_3 15 30.jpg;2;3;30
project_fotos_raw\22 x_2\23 2_3\2_3 16 60.jpg;2;3;60
project_fotos_raw\22 x_2\23 2_3\2_3 17 90.jpg;2;3;90
project_fotos_raw\22 x_2\23 2_3\2_3 18 120.jpg;2;3;120
project_fotos_raw\22 x_2\23 2_3\2_3 19 150.jpg;2;3;150
project_fotos_raw\22 x_2\23 2_3\2_3 20 180.jpg;2;3;180
project_fotos_raw\22 x_2\23 2_3\2_3 21 210.jpg;2;3;210
project_fotos_raw\22 x_2\23 2_3\2_3 22 240.jpg;2;3;240
project_fotos_raw\22 x_2\23 2_3\2_3 23 270.jpg;2;3;270
project_fotos_raw\22 x_2\23 2_3\2_3 24 300.jpg;2;3;300
project_fotos_raw\22 x_2\23 2_3\2_3 25 330.jpg;2;3;330
project_fotos_raw\22 x_2\24 2_4\2_4 14 0.jpg;2;4;0
project_fotos_raw\22 x_2\24 2_4\2_4 15 30.jpg;2;4;30
project_fotos_raw\22 x_2\24 2_4\2_4 16 60.jpg;2;4;60
project_fotos_raw\22 x_2\24 2_4\2_4 17 90.jpg;2;4;90
project_fotos_raw\22 x_2\24 2_4\2_4 18 120.jpg;2;4;120
project_fotos_raw\22 x_2\24 2_4\2_4 19 150.jpg;2;4;150
project_fotos_raw\22 x_2\24 2_4\2_4 20 180.jpg;2;4;180
project_fotos_raw\22 x_2\24 2_4\2_4 21 210.jpg;2;4;210
project_fotos_raw\22 x_2\24 2_4\2_4 22 240.jpg;2;4;240
project_fotos_raw\22 x_2\24 2_4\2_4 23 270.jpg;2;4;270
project_fotos_raw\22 x_2\24 2_4\2_4 24 300.jpg;2;4;300
project_fotos_raw\22 x_2\24 2_4\2_4 25 330.jpg;2;4;330
project_fotos_raw\22 x_2\25 2_5\2_5 14 0.jpg;2;5;0
project_fotos_raw\22 x_2\25 2_5\2_5 15 30.jpg;2;5;30
project_fotos_raw\22 x_2\25 2_5\2_5 16 60.jpg;2;5;60
project_fotos_raw\22 x_2\25 2_5\2_5 17 90.jpg;2;5;90
project_fotos_raw\22 x_2\25 2_5\2_5 18 120.jpg;2;5;120
project_fotos_raw\22 x_2\25 2_5\2_5 19 150.jpg;2;5;150
project_fotos_raw\22 x_2\25 2_5\2_5 20 180.jpg;2;5;180
project_fotos_raw\22 x_2\25 2_5\2_5 21 210.jpg;2;5;210
project_fotos_raw\22 x_2\25 2_5\2_5 22 240.jpg;2;5;240
project_fotos_raw\22 x_2\25 2_5\2_5 23 270.jpg;2;5;270
project_fotos_raw\22 x_2\25 2_5\2_5 24 300.jpg;2;5;300
project_fotos_raw\22 x_2\25 2_5\2_5 25 330.jpg;2;5;330
project_fotos_raw\22 x_2\26 2_6\2_6 14 0.jpg;2;6;0
project_fotos_raw\22 x_2\26 2_6\2_6 15 30.jpg;2;6;30
project_fotos_raw\22 x_2\26 2_6\2_6 16 60.jpg;2;6;60
project_fotos_raw\22 x_2\26 2_6\2_6 17 90.jpg;2;6;90
project_fotos_raw\22 x_2\26 2_6\2_6 18 120.jpg;2;6;120
project_fotos_raw\22 x_2\26 2_6\2_6 19 150.jpg;2;6;150
project_fotos_raw\22 x_2\26 2_6\2_6 20 180.jpg;2;6;180
project_fotos_raw\22 x_2\26 2_6\2_6 21 210.jpg;2;6;210
project_fotos_raw\22 x_2\26 2_6\2_6 22 240.jpg;2;6;240
project_fotos_raw\22 x_2\26 2_6\2_6 23 270.jpg;2;6;270
project_fotos_raw\22 x_2\26 2_6\2_6 24 300.jpg;2;6;300
project_fotos_raw\22 x_2\26 2_6\2_6 25 330.jpg;2;6;330
