﻿path;x;y;rotation
project_fotos_raw\22 x_2\14 -6_2\-6_2 14 0.jpg;-6;2;0
project_fotos_raw\22 x_2\14 -6_2\-6_2 15 30.jpg;-6;2;30
project_fotos_raw\22 x_2\14 -6_2\-6_2 16 60.jpg;-6;2;60
project_fotos_raw\22 x_2\14 -6_2\-6_2 17 90.jpg;-6;2;90
project_fotos_raw\22 x_2\14 -6_2\-6_2 18 120.jpg;-6;2;120
project_fotos_raw\22 x_2\14 -6_2\-6_2 19 150.jpg;-6;2;150
project_fotos_raw\22 x_2\14 -6_2\-6_2 20 180.jpg;-6;2;180
project_fotos_raw\22 x_2\14 -6_2\-6_2 21 210.jpg;-6;2;210
project_fotos_raw\22 x_2\14 -6_2\-6_2 22 240.jpg;-6;2;240
project_fotos_raw\22 x_2\14 -6_2\-6_2 23 270.jpg;-6;2;270
project_fotos_raw\22 x_2\14 -6_2\-6_2 24 300.jpg;-6;2;300
project_fotos_raw\22 x_2\14 -6_2\-6_2 25 330.jpg;-6;2;330
project_fotos_raw\22 x_2\15 -5_2\-5_2 14 0.jpg;-5;2;0
project_fotos_raw\22 x_2\15 -5_2\-5_2 15 30.jpg;-5;2;30
project_fotos_raw\22 x_2\15 -5_2\-5_2 16 60.jpg;-5;2;60
project_fotos_raw\22 x_2\15 -5_2\-5_2 17 90.jpg;-5;2;90
project_fotos_raw\22 x_2\15 -5_2\-5_2 18 120.jpg;-5;2;120
project_fotos_raw\22 x_2\15 -5_2\-5_2 19 150.jpg;-5;2;150
project_fotos_raw\22 x_2\15 -5_2\-5_2 20 180.jpg;-5;2;180
project_fotos_raw\22 x_2\15 -5_2\-5_2 21 210.jpg;-5;2;210
project_fotos_raw\22 x_2\15 -5_2\-5_2 22 240.jpg;-5;2;240
project_fotos_raw\22 x_2\15 -5_2\-5_2 23 270.jpg;-5;2;270
project_fotos_raw\22 x_2\15 -5_2\-5_2 24 300.jpg;-5;2;300
project_fotos_raw\22 x_2\15 -5_2\-5_2 25 330.jpg;-5;2;330
project_fotos_raw\22 x_2\16 -4_2\-4_2 14 0.jpg;-4;2;0
project_fotos_raw\22 x_2\16 -4_2\-4_2 15 30.jpg;-4;2;30
project_fotos_raw\22 x_2\16 -4_2\-4_2 16 60.jpg;-4;2;60
project_fotos_raw\22 x_2\16 -4_2\-4_2 17 90.jpg;-4;2;90
project_fotos_raw\22 x_2\16 -4_2\-4_2 18 120.jpg;-4;2;120
project_fotos_raw\22 x_2\16 -4_2\-4_2 19 150.jpg;-4;2;150
project_fotos_raw\22 x_2\16 -4_2\-4_2 20 180.jpg;-4;2;180
project_fotos_raw\22 x_2\16 -4_2\-4_2 21 210.jpg;-4;2;210
project_fotos_raw\22 x_2\16 -4_2\-4_2 22 240.jpg;-4;2;240
project_fotos_raw\22 x_2\16 -4_2\-4_2 23 270.jpg;-4;2;270
project_fotos_raw\22 x_2\16 -4_2\-4_2 24 300.jpg;-4;2;300
project_fotos_raw\22 x_2\16 -4_2\-4_2 25 330.jpg;-4;2;330
project_fotos_raw\22 x_2\17 -3_2\-3_2 14 0.jpg;-3;2;0
project_fotos_raw\22 x_2\17 -3_2\-3_2 15 30.jpg;-3;2;30
project_fotos_raw\22 x_2\17 -3_2\-3_2 16 60.jpg;-3;2;60
project_fotos_raw\22 x_2\17 -3_2\-3_2 17 90.jpg;-3;2;90
project_fotos_raw\22 x_2\17 -3_2\-3_2 18 120.jpg;-3;2;120
project_fotos_raw\22 x_2\17 -3_2\-3_2 19 150.jpg;-3;2;150
project_fotos_raw\22 x_2\17 -3_2\-3_2 20 180.jpg;-3;2;180
project_fotos_raw\22 x_2\17 -3_2\-3_2 21 210.jpg;-3;2;210
project_fotos_raw\22 x_2\17 -3_2\-3_2 22 240.jpg;-3;2;240
project_fotos_raw\22 x_2\17 -3_2\-3_2 23 270.jpg;-3;2;270
project_fotos_raw\22 x_2\17 -3_2\-3_2 24 300.jpg;-3;2;300
project_fotos_raw\22 x_2\17 -3_2\-3_2 25 330.jpg;-3;2;330
project_fotos_raw\22 x_2\18 -2_2\-2_2 14 0.jpg;-2;2;0
project_fotos_raw\22 x_2\18 -2_2\-2_2 15 30.jpg;-2;2;30
project_fotos_raw\22 x_2\18 -2_2\-2_2 16 60.jpg;-2;2;60
project_fotos_raw\22 x_2\18 -2_2\-2_2 17 90.jpg;-2;2;90
project_fotos_raw\22 x_2\18 -2_2\-2_2 18 120.jpg;-2;2;120
project_fotos_raw\22 x_2\18 -2_2\-2_2 19 150.jpg;-2;2;150
project_fotos_raw\22 x_2\18 -2_2\-2_2 20 180.jpg;-2;2;180
project_fotos_raw\22 x_2\18 -2_2\-2_2 21 210.jpg;-2;2;210
project_fotos_raw\22 x_2\18 -2_2\-2_2 22 240.jpg;-2;2;240
project_fotos_raw\22 x_2\18 -2_2\-2_2 23 270.jpg;-2;2;270
project_fotos_raw\22 x_2\18 -2_2\-2_2 24 300.jpg;-2;2;300
project_fotos_raw\22 x_2\18 -2_2\-2_2 25 330.jpg;-2;2;330
project_fotos_raw\22 x_2\19 -1_2\-1_2 14 0.jpg;-1;2;0
project_fotos_raw\22 x_2\19 -1_2\-1_2 15 30.jpg;-1;2;30
project_fotos_raw\22 x_2\19 -1_2\-1_2 16 60.jpg;-1;2;60
project_fotos_raw\22 x_2\19 -1_2\-1_2 17 90.jpg;-1;2;90
project_fotos_raw\22 x_2\19 -1_2\-1_2 18 120.jpg;-1;2;120
project_fotos_raw\22 x_2\19 -1_2\-1_2 19 150.jpg;-1;2;150
project_fotos_raw\22 x_2\19 -1_2\-1_2 20 180.jpg;-1;2;180
project_fotos_raw\22 x_2\19 -1_2\-1_2 21 210.jpg;-1;2;210
project_fotos_raw\22 x_2\19 -1_2\-1_2 22 240.jpg;-1;2;240
project_fotos_raw\22 x_2\19 -1_2\-1_2 23 270.jpg;-1;2;270
project_fotos_raw\22 x_2\19 -1_2\-1_2 24 300.jpg;-1;2;300
project_fotos_raw\22 x_2\19 -1_2\-1_2 25 330.jpg;-1;2;330
project_fotos_raw\22 x_2\20 0_2\0_2 14 0.jpg;0;2;0
project_fotos_raw\22 x_2\20 0_2\0_2 15 30.jpg;0;2;30
project_fotos_raw\22 x_2\20 0_2\0_2 16 60.jpg;0;2;60
project_fotos_raw\22 x_2\20 0_2\0_2 17 90.jpg;0;2;90
project_fotos_raw\22 x_2\20 0_2\0_2 18 120.jpg;0;2;120
project_fotos_raw\22 x_2\20 0_2\0_2 19 150.jpg;0;2;150
project_fotos_raw\22 x_2\20 0_2\0_2 20 180.jpg;0;2;180
project_fotos_raw\22 x_2\20 0_2\0_2 21 210.jpg;0;2;210
project_fotos_raw\22 x_2\20 0_2\0_2 22 240.jpg;0;2;240
project_fotos_raw\22 x_2\20 0_2\0_2 23 270.jpg;0;2;270
project_fotos_raw\22 x_2\20 0_2\0_2 24 300.jpg;0;2;300
project_fotos_raw\22 x_2\20 0_2\0_2 25 330.jpg;0;2;330
project_fotos_raw\22 x_2\21 1_2\1_2 14 0.jpg;1;2;0
project_fotos_raw\22 x_2\21 1_2\1_2 15 30.jpg;1;2;30
project_fotos_raw\22 x_2\21 1_2\1_2 16 60.jpg;1;2;60
project_fotos_raw\22 x_2\21 1_2\1_2 17 90.jpg;1;2;90
project_fotos_raw\22 x_2\21 1_2\1_2 18 120.jpg;1;2;120
project_fotos_raw\22 x_2\21 1_2\1_2 19 150.jpg;1;2;150
project_fotos_raw\22 x_2\21 1_2\1_2 20 180.jpg;1;2;180
project_fotos_raw\22 x_2\21 1_2\1_2 21 210.jpg;1;2;210
project_fotos_raw\22 x_2\21 1_2\1_2 22 240.jpg;1;2;240
project_fotos_raw\22 x_2\21 1_2\1_2 23 270.jpg;1;2;270
project_fotos_raw\22 x_2\21 1_2\1_2 24 300.jpg;1;2;300
project_fotos_raw\22 x_2\21 1_2\1_2 25 330.jpg;1;2;330
project_fotos_raw\22 x_2\22 2_2\2_2 14 0.jpg;2;2;0
project_fotos_raw\22 x_2\22 2_2\2_2 15 30.jpg;2;2;30
project_fotos_raw\22 x_2\22 2_2\2_2 16 60.jpg;2;2;60
project_fotos_raw\22 x_2\22 2_2\2_2 17 90.jpg;2;2;90
project_fotos_raw\22 x_2\22 2_2\2_2 18 120.jpg;2;2;120
project_fotos_raw\22 x_2\22 2_2\2_2 19 150.jpg;2;2;150
project_fotos_raw\22 x_2\22 2_2\2_2 20 180.jpg;2;2;180
project_fotos_raw\22 x_2\22 2_2\2_2 21 210.jpg;2;2;210
project_fotos_raw\22 x_2\22 2_2\2_2 22 240.jpg;2;2;240
project_fotos_raw\22 x_2\22 2_2\2_2 23 270.jpg;2;2;270
project_fotos_raw\22 x_2\22 2_2\2_2 24 300.jpg;2;2;300
project_fotos_raw\22 x_2\22 2_2\2_2 25 330.jpg;2;2;330
project_fotos_raw\22 x_2\23 3_2\3_2 14 0.jpg;3;2;0
project_fotos_raw\22 x_2\23 3_2\3_2 15 30.jpg;3;2;30
project_fotos_raw\22 x_2\23 3_2\3_2 16 60.jpg;3;2;60
project_fotos_raw\22 x_2\23 3_2\3_2 17 90.jpg;3;2;90
project_fotos_raw\22 x_2\23 3_2\3_2 18 120.jpg;3;2;120
project_fotos_raw\22 x_2\23 3_2\3_2 19 150.jpg;3;2;150
project_fotos_raw\22 x_2\23 3_2\3_2 20 180.jpg;3;2;180
project_fotos_raw\22 x_2\23 3_2\3_2 21 210.jpg;3;2;210
project_fotos_raw\22 x_2\23 3_2\3_2 22 240.jpg;3;2;240
project_fotos_raw\22 x_2\23 3_2\3_2 23 270.jpg;3;2;270
project_fotos_raw\22 x_2\23 3_2\3_2 24 300.jpg;3;2;300
project_fotos_raw\22 x_2\23 3_2\3_2 25 330.jpg;3;2;330
project_fotos_raw\22 x_2\24 4_2\4_2 14 0.jpg;4;2;0
project_fotos_raw\22 x_2\24 4_2\4_2 15 30.jpg;4;2;30
project_fotos_raw\22 x_2\24 4_2\4_2 16 60.jpg;4;2;60
project_fotos_raw\22 x_2\24 4_2\4_2 17 90.jpg;4;2;90
project_fotos_raw\22 x_2\24 4_2\4_2 18 120.jpg;4;2;120
project_fotos_raw\22 x_2\24 4_2\4_2 19 150.jpg;4;2;150
project_fotos_raw\22 x_2\24 4_2\4_2 20 180.jpg;4;2;180
project_fotos_raw\22 x_2\24 4_2\4_2 21 210.jpg;4;2;210
project_fotos_raw\22 x_2\24 4_2\4_2 22 240.jpg;4;2;240
project_fotos_raw\22 x_2\24 4_2\4_2 23 270.jpg;4;2;270
project_fotos_raw\22 x_2\24 4_2\4_2 24 300.jpg;4;2;300
project_fotos_raw\22 x_2\24 4_2\4_2 25 330.jpg;4;2;330
project_fotos_raw\22 x_2\25 5_2\5_2 14 0.jpg;5;2;0
project_fotos_raw\22 x_2\25 5_2\5_2 15 30.jpg;5;2;30
project_fotos_raw\22 x_2\25 5_2\5_2 16 60.jpg;5;2;60
project_fotos_raw\22 x_2\25 5_2\5_2 17 90.jpg;5;2;90
project_fotos_raw\22 x_2\25 5_2\5_2 18 120.jpg;5;2;120
project_fotos_raw\22 x_2\25 5_2\5_2 19 150.jpg;5;2;150
project_fotos_raw\22 x_2\25 5_2\5_2 20 180.jpg;5;2;180
project_fotos_raw\22 x_2\25 5_2\5_2 21 210.jpg;5;2;210
project_fotos_raw\22 x_2\25 5_2\5_2 22 240.jpg;5;2;240
project_fotos_raw\22 x_2\25 5_2\5_2 23 270.jpg;5;2;270
project_fotos_raw\22 x_2\25 5_2\5_2 24 300.jpg;5;2;300
project_fotos_raw\22 x_2\25 5_2\5_2 25 330.jpg;5;2;330
project_fotos_raw\22 x_2\26 6_2\6_2 14 0.jpg;6;2;0
project_fotos_raw\22 x_2\26 6_2\6_2 15 30.jpg;6;2;30
project_fotos_raw\22 x_2\26 6_2\6_2 16 60.jpg;6;2;60
project_fotos_raw\22 x_2\26 6_2\6_2 17 90.jpg;6;2;90
project_fotos_raw\22 x_2\26 6_2\6_2 18 120.jpg;6;2;120
project_fotos_raw\22 x_2\26 6_2\6_2 19 150.jpg;6;2;150
project_fotos_raw\22 x_2\26 6_2\6_2 20 180.jpg;6;2;180
project_fotos_raw\22 x_2\26 6_2\6_2 21 210.jpg;6;2;210
project_fotos_raw\22 x_2\26 6_2\6_2 22 240.jpg;6;2;240
project_fotos_raw\22 x_2\26 6_2\6_2 23 270.jpg;6;2;270
project_fotos_raw\22 x_2\26 6_2\6_2 24 300.jpg;6;2;300
project_fotos_raw\22 x_2\26 6_2\6_2 25 330.jpg;6;2;330
