﻿path;x;y;rotation
project_fotos_raw\28 x_8\14 8_-6\8_-6 14 0.jpg;8;-6;0
project_fotos_raw\28 x_8\14 8_-6\8_-6 15 30.jpg;8;-6;30
project_fotos_raw\28 x_8\14 8_-6\8_-6 16 60.jpg;8;-6;60
project_fotos_raw\28 x_8\14 8_-6\8_-6 17 90.jpg;8;-6;90
project_fotos_raw\28 x_8\14 8_-6\8_-6 18 120.jpg;8;-6;120
project_fotos_raw\28 x_8\14 8_-6\8_-6 19 150.jpg;8;-6;150
project_fotos_raw\28 x_8\14 8_-6\8_-6 20 180.jpg;8;-6;180
project_fotos_raw\28 x_8\14 8_-6\8_-6 21 210.jpg;8;-6;210
project_fotos_raw\28 x_8\14 8_-6\8_-6 22 240.jpg;8;-6;240
project_fotos_raw\28 x_8\14 8_-6\8_-6 23 270.jpg;8;-6;270
project_fotos_raw\28 x_8\14 8_-6\8_-6 24 300.jpg;8;-6;300
project_fotos_raw\28 x_8\14 8_-6\8_-6 25 330.jpg;8;-6;330
project_fotos_raw\28 x_8\15 8_-5\8_-5 14 0.jpg;8;-5;0
project_fotos_raw\28 x_8\15 8_-5\8_-5 15 30.jpg;8;-5;30
project_fotos_raw\28 x_8\15 8_-5\8_-5 16 60.jpg;8;-5;60
project_fotos_raw\28 x_8\15 8_-5\8_-5 17 90.jpg;8;-5;90
project_fotos_raw\28 x_8\15 8_-5\8_-5 18 120.jpg;8;-5;120
project_fotos_raw\28 x_8\15 8_-5\8_-5 19 150.jpg;8;-5;150
project_fotos_raw\28 x_8\15 8_-5\8_-5 20 180.jpg;8;-5;180
project_fotos_raw\28 x_8\15 8_-5\8_-5 21 210.jpg;8;-5;210
project_fotos_raw\28 x_8\15 8_-5\8_-5 22 240.jpg;8;-5;240
project_fotos_raw\28 x_8\15 8_-5\8_-5 23 270.jpg;8;-5;270
project_fotos_raw\28 x_8\15 8_-5\8_-5 24 300.jpg;8;-5;300
project_fotos_raw\28 x_8\15 8_-5\8_-5 25 330.jpg;8;-5;330
project_fotos_raw\28 x_8\16 8_-4\8_-4 14 0.jpg;8;-4;0
project_fotos_raw\28 x_8\16 8_-4\8_-4 15 30.jpg;8;-4;30
project_fotos_raw\28 x_8\16 8_-4\8_-4 16 60.jpg;8;-4;60
project_fotos_raw\28 x_8\16 8_-4\8_-4 17 90.jpg;8;-4;90
project_fotos_raw\28 x_8\16 8_-4\8_-4 18 120.jpg;8;-4;120
project_fotos_raw\28 x_8\16 8_-4\8_-4 19 150.jpg;8;-4;150
project_fotos_raw\28 x_8\16 8_-4\8_-4 20 180.jpg;8;-4;180
project_fotos_raw\28 x_8\16 8_-4\8_-4 21 210.jpg;8;-4;210
project_fotos_raw\28 x_8\16 8_-4\8_-4 22 240.jpg;8;-4;240
project_fotos_raw\28 x_8\16 8_-4\8_-4 23 270.jpg;8;-4;270
project_fotos_raw\28 x_8\16 8_-4\8_-4 24 300.jpg;8;-4;300
project_fotos_raw\28 x_8\16 8_-4\8_-4 25 330.jpg;8;-4;330
project_fotos_raw\28 x_8\17 8_-3\8_-3 14 0.jpg;8;-3;0
project_fotos_raw\28 x_8\17 8_-3\8_-3 15 30.jpg;8;-3;30
project_fotos_raw\28 x_8\17 8_-3\8_-3 16 60.jpg;8;-3;60
project_fotos_raw\28 x_8\17 8_-3\8_-3 17 90.jpg;8;-3;90
project_fotos_raw\28 x_8\17 8_-3\8_-3 18 120.jpg;8;-3;120
project_fotos_raw\28 x_8\17 8_-3\8_-3 19 150.jpg;8;-3;150
project_fotos_raw\28 x_8\17 8_-3\8_-3 20 180.jpg;8;-3;180
project_fotos_raw\28 x_8\17 8_-3\8_-3 21 210.jpg;8;-3;210
project_fotos_raw\28 x_8\17 8_-3\8_-3 22 240.jpg;8;-3;240
project_fotos_raw\28 x_8\17 8_-3\8_-3 23 270.jpg;8;-3;270
project_fotos_raw\28 x_8\17 8_-3\8_-3 24 300.jpg;8;-3;300
project_fotos_raw\28 x_8\17 8_-3\8_-3 25 330.jpg;8;-3;330
project_fotos_raw\28 x_8\18 8_-2\8_-2 14 0.jpg;8;-2;0
project_fotos_raw\28 x_8\18 8_-2\8_-2 15 30.jpg;8;-2;30
project_fotos_raw\28 x_8\18 8_-2\8_-2 16 60.jpg;8;-2;60
project_fotos_raw\28 x_8\18 8_-2\8_-2 17 90.jpg;8;-2;90
project_fotos_raw\28 x_8\18 8_-2\8_-2 18 120.jpg;8;-2;120
project_fotos_raw\28 x_8\18 8_-2\8_-2 19 150.jpg;8;-2;150
project_fotos_raw\28 x_8\18 8_-2\8_-2 20 180.jpg;8;-2;180
project_fotos_raw\28 x_8\18 8_-2\8_-2 21 210.jpg;8;-2;210
project_fotos_raw\28 x_8\18 8_-2\8_-2 22 240.jpg;8;-2;240
project_fotos_raw\28 x_8\18 8_-2\8_-2 23 270.jpg;8;-2;270
project_fotos_raw\28 x_8\18 8_-2\8_-2 24 300.jpg;8;-2;300
project_fotos_raw\28 x_8\18 8_-2\8_-2 25 330.jpg;8;-2;330
project_fotos_raw\28 x_8\19 8_-1\8_-1 14 0.jpg;8;-1;0
project_fotos_raw\28 x_8\19 8_-1\8_-1 15 30.jpg;8;-1;30
project_fotos_raw\28 x_8\19 8_-1\8_-1 16 60.jpg;8;-1;60
project_fotos_raw\28 x_8\19 8_-1\8_-1 17 90.jpg;8;-1;90
project_fotos_raw\28 x_8\19 8_-1\8_-1 18 120.jpg;8;-1;120
project_fotos_raw\28 x_8\19 8_-1\8_-1 19 150.jpg;8;-1;150
project_fotos_raw\28 x_8\19 8_-1\8_-1 20 180.jpg;8;-1;180
project_fotos_raw\28 x_8\19 8_-1\8_-1 21 210.jpg;8;-1;210
project_fotos_raw\28 x_8\19 8_-1\8_-1 22 240.jpg;8;-1;240
project_fotos_raw\28 x_8\19 8_-1\8_-1 23 270.jpg;8;-1;270
project_fotos_raw\28 x_8\19 8_-1\8_-1 24 300.jpg;8;-1;300
project_fotos_raw\28 x_8\19 8_-1\8_-1 25 330.jpg;8;-1;330
project_fotos_raw\28 x_8\20 8_0\8_0 14 0.jpg;8;0;0
project_fotos_raw\28 x_8\20 8_0\8_0 15 30.jpg;8;0;30
project_fotos_raw\28 x_8\20 8_0\8_0 16 60.jpg;8;0;60
project_fotos_raw\28 x_8\20 8_0\8_0 17 90.jpg;8;0;90
project_fotos_raw\28 x_8\20 8_0\8_0 18 120.jpg;8;0;120
project_fotos_raw\28 x_8\20 8_0\8_0 19 150.jpg;8;0;150
project_fotos_raw\28 x_8\20 8_0\8_0 20 180.jpg;8;0;180
project_fotos_raw\28 x_8\20 8_0\8_0 21 210.jpg;8;0;210
project_fotos_raw\28 x_8\20 8_0\8_0 22 240.jpg;8;0;240
project_fotos_raw\28 x_8\20 8_0\8_0 23 270.jpg;8;0;270
project_fotos_raw\28 x_8\20 8_0\8_0 24 300.jpg;8;0;300
project_fotos_raw\28 x_8\20 8_0\8_0 25 330.jpg;8;0;330
project_fotos_raw\28 x_8\21 8_1\8_1 14 0.jpg;8;1;0
project_fotos_raw\28 x_8\21 8_1\8_1 15 30.jpg;8;1;30
project_fotos_raw\28 x_8\21 8_1\8_1 16 60.jpg;8;1;60
project_fotos_raw\28 x_8\21 8_1\8_1 17 90.jpg;8;1;90
project_fotos_raw\28 x_8\21 8_1\8_1 18 120.jpg;8;1;120
project_fotos_raw\28 x_8\21 8_1\8_1 19 150.jpg;8;1;150
project_fotos_raw\28 x_8\21 8_1\8_1 20 180.jpg;8;1;180
project_fotos_raw\28 x_8\21 8_1\8_1 21 210.jpg;8;1;210
project_fotos_raw\28 x_8\21 8_1\8_1 22 240.jpg;8;1;240
project_fotos_raw\28 x_8\21 8_1\8_1 23 270.jpg;8;1;270
project_fotos_raw\28 x_8\21 8_1\8_1 24 300.jpg;8;1;300
project_fotos_raw\28 x_8\21 8_1\8_1 25 330.jpg;8;1;330
project_fotos_raw\28 x_8\22 8_2\8_2 14 0.jpg;8;2;0
project_fotos_raw\28 x_8\22 8_2\8_2 15 30.jpg;8;2;30
project_fotos_raw\28 x_8\22 8_2\8_2 16 60.jpg;8;2;60
project_fotos_raw\28 x_8\22 8_2\8_2 17 90.jpg;8;2;90
project_fotos_raw\28 x_8\22 8_2\8_2 18 120.jpg;8;2;120
project_fotos_raw\28 x_8\22 8_2\8_2 19 150.jpg;8;2;150
project_fotos_raw\28 x_8\22 8_2\8_2 20 180.jpg;8;2;180
project_fotos_raw\28 x_8\22 8_2\8_2 21 210.jpg;8;2;210
project_fotos_raw\28 x_8\22 8_2\8_2 22 240.jpg;8;2;240
project_fotos_raw\28 x_8\22 8_2\8_2 23 270.jpg;8;2;270
project_fotos_raw\28 x_8\22 8_2\8_2 24 300.jpg;8;2;300
project_fotos_raw\28 x_8\22 8_2\8_2 25 330.jpg;8;2;330
project_fotos_raw\28 x_8\23 8_3\8_3 14 0.jpg;8;3;0
project_fotos_raw\28 x_8\23 8_3\8_3 15 30.jpg;8;3;30
project_fotos_raw\28 x_8\23 8_3\8_3 16 60.jpg;8;3;60
project_fotos_raw\28 x_8\23 8_3\8_3 17 90.jpg;8;3;90
project_fotos_raw\28 x_8\23 8_3\8_3 18 120.jpg;8;3;120
project_fotos_raw\28 x_8\23 8_3\8_3 19 150.jpg;8;3;150
project_fotos_raw\28 x_8\23 8_3\8_3 20 180.jpg;8;3;180
project_fotos_raw\28 x_8\23 8_3\8_3 21 210.jpg;8;3;210
project_fotos_raw\28 x_8\23 8_3\8_3 22 240.jpg;8;3;240
project_fotos_raw\28 x_8\23 8_3\8_3 23 270.jpg;8;3;270
project_fotos_raw\28 x_8\23 8_3\8_3 24 300.jpg;8;3;300
project_fotos_raw\28 x_8\23 8_3\8_3 25 330.jpg;8;3;330
project_fotos_raw\28 x_8\24 8_4\8_4 14 0.jpg;8;4;0
project_fotos_raw\28 x_8\24 8_4\8_4 15 30.jpg;8;4;30
project_fotos_raw\28 x_8\24 8_4\8_4 16 60.jpg;8;4;60
project_fotos_raw\28 x_8\24 8_4\8_4 17 90.jpg;8;4;90
project_fotos_raw\28 x_8\24 8_4\8_4 18 120.jpg;8;4;120
project_fotos_raw\28 x_8\24 8_4\8_4 19 150.jpg;8;4;150
project_fotos_raw\28 x_8\24 8_4\8_4 20 180.jpg;8;4;180
project_fotos_raw\28 x_8\24 8_4\8_4 21 210.jpg;8;4;210
project_fotos_raw\28 x_8\24 8_4\8_4 22 240.jpg;8;4;240
project_fotos_raw\28 x_8\24 8_4\8_4 23 270.jpg;8;4;270
project_fotos_raw\28 x_8\24 8_4\8_4 24 300.jpg;8;4;300
project_fotos_raw\28 x_8\24 8_4\8_4 25 330.jpg;8;4;330
project_fotos_raw\28 x_8\25 8_5\8_5 14 0.jpg;8;5;0
project_fotos_raw\28 x_8\25 8_5\8_5 15 30.jpg;8;5;30
project_fotos_raw\28 x_8\25 8_5\8_5 16 60.jpg;8;5;60
project_fotos_raw\28 x_8\25 8_5\8_5 17 90.jpg;8;5;90
project_fotos_raw\28 x_8\25 8_5\8_5 18 120.jpg;8;5;120
project_fotos_raw\28 x_8\25 8_5\8_5 19 150.jpg;8;5;150
project_fotos_raw\28 x_8\25 8_5\8_5 20 180.jpg;8;5;180
project_fotos_raw\28 x_8\25 8_5\8_5 21 210.jpg;8;5;210
project_fotos_raw\28 x_8\25 8_5\8_5 22 240.jpg;8;5;240
project_fotos_raw\28 x_8\25 8_5\8_5 23 270.jpg;8;5;270
project_fotos_raw\28 x_8\25 8_5\8_5 24 300.jpg;8;5;300
project_fotos_raw\28 x_8\25 8_5\8_5 25 330.jpg;8;5;330
project_fotos_raw\28 x_8\26 8_6\8_6 14 0.jpg;8;6;0
project_fotos_raw\28 x_8\26 8_6\8_6 15 30.jpg;8;6;30
project_fotos_raw\28 x_8\26 8_6\8_6 16 60.jpg;8;6;60
project_fotos_raw\28 x_8\26 8_6\8_6 17 90.jpg;8;6;90
project_fotos_raw\28 x_8\26 8_6\8_6 18 120.jpg;8;6;120
project_fotos_raw\28 x_8\26 8_6\8_6 19 150.jpg;8;6;150
project_fotos_raw\28 x_8\26 8_6\8_6 20 180.jpg;8;6;180
project_fotos_raw\28 x_8\26 8_6\8_6 21 210.jpg;8;6;210
project_fotos_raw\28 x_8\26 8_6\8_6 22 240.jpg;8;6;240
project_fotos_raw\28 x_8\26 8_6\8_6 23 270.jpg;8;6;270
project_fotos_raw\28 x_8\26 8_6\8_6 24 300.jpg;8;6;300
project_fotos_raw\28 x_8\26 8_6\8_6 25 330.jpg;8;6;330
