﻿path;x;y;rotation
project_fotos_raw\28 x_8\14 -6_8\-6_8 14 0.jpg;-6;8;0
project_fotos_raw\28 x_8\14 -6_8\-6_8 15 30.jpg;-6;8;30
project_fotos_raw\28 x_8\14 -6_8\-6_8 16 60.jpg;-6;8;60
project_fotos_raw\28 x_8\14 -6_8\-6_8 17 90.jpg;-6;8;90
project_fotos_raw\28 x_8\14 -6_8\-6_8 18 120.jpg;-6;8;120
project_fotos_raw\28 x_8\14 -6_8\-6_8 19 150.jpg;-6;8;150
project_fotos_raw\28 x_8\14 -6_8\-6_8 20 180.jpg;-6;8;180
project_fotos_raw\28 x_8\14 -6_8\-6_8 21 210.jpg;-6;8;210
project_fotos_raw\28 x_8\14 -6_8\-6_8 22 240.jpg;-6;8;240
project_fotos_raw\28 x_8\14 -6_8\-6_8 23 270.jpg;-6;8;270
project_fotos_raw\28 x_8\14 -6_8\-6_8 24 300.jpg;-6;8;300
project_fotos_raw\28 x_8\14 -6_8\-6_8 25 330.jpg;-6;8;330
project_fotos_raw\28 x_8\15 -5_8\-5_8 14 0.jpg;-5;8;0
project_fotos_raw\28 x_8\15 -5_8\-5_8 15 30.jpg;-5;8;30
project_fotos_raw\28 x_8\15 -5_8\-5_8 16 60.jpg;-5;8;60
project_fotos_raw\28 x_8\15 -5_8\-5_8 17 90.jpg;-5;8;90
project_fotos_raw\28 x_8\15 -5_8\-5_8 18 120.jpg;-5;8;120
project_fotos_raw\28 x_8\15 -5_8\-5_8 19 150.jpg;-5;8;150
project_fotos_raw\28 x_8\15 -5_8\-5_8 20 180.jpg;-5;8;180
project_fotos_raw\28 x_8\15 -5_8\-5_8 21 210.jpg;-5;8;210
project_fotos_raw\28 x_8\15 -5_8\-5_8 22 240.jpg;-5;8;240
project_fotos_raw\28 x_8\15 -5_8\-5_8 23 270.jpg;-5;8;270
project_fotos_raw\28 x_8\15 -5_8\-5_8 24 300.jpg;-5;8;300
project_fotos_raw\28 x_8\15 -5_8\-5_8 25 330.jpg;-5;8;330
project_fotos_raw\28 x_8\16 -4_8\-4_8 14 0.jpg;-4;8;0
project_fotos_raw\28 x_8\16 -4_8\-4_8 15 30.jpg;-4;8;30
project_fotos_raw\28 x_8\16 -4_8\-4_8 16 60.jpg;-4;8;60
project_fotos_raw\28 x_8\16 -4_8\-4_8 17 90.jpg;-4;8;90
project_fotos_raw\28 x_8\16 -4_8\-4_8 18 120.jpg;-4;8;120
project_fotos_raw\28 x_8\16 -4_8\-4_8 19 150.jpg;-4;8;150
project_fotos_raw\28 x_8\16 -4_8\-4_8 20 180.jpg;-4;8;180
project_fotos_raw\28 x_8\16 -4_8\-4_8 21 210.jpg;-4;8;210
project_fotos_raw\28 x_8\16 -4_8\-4_8 22 240.jpg;-4;8;240
project_fotos_raw\28 x_8\16 -4_8\-4_8 23 270.jpg;-4;8;270
project_fotos_raw\28 x_8\16 -4_8\-4_8 24 300.jpg;-4;8;300
project_fotos_raw\28 x_8\16 -4_8\-4_8 25 330.jpg;-4;8;330
project_fotos_raw\28 x_8\17 -3_8\-3_8 14 0.jpg;-3;8;0
project_fotos_raw\28 x_8\17 -3_8\-3_8 15 30.jpg;-3;8;30
project_fotos_raw\28 x_8\17 -3_8\-3_8 16 60.jpg;-3;8;60
project_fotos_raw\28 x_8\17 -3_8\-3_8 17 90.jpg;-3;8;90
project_fotos_raw\28 x_8\17 -3_8\-3_8 18 120.jpg;-3;8;120
project_fotos_raw\28 x_8\17 -3_8\-3_8 19 150.jpg;-3;8;150
project_fotos_raw\28 x_8\17 -3_8\-3_8 20 180.jpg;-3;8;180
project_fotos_raw\28 x_8\17 -3_8\-3_8 21 210.jpg;-3;8;210
project_fotos_raw\28 x_8\17 -3_8\-3_8 22 240.jpg;-3;8;240
project_fotos_raw\28 x_8\17 -3_8\-3_8 23 270.jpg;-3;8;270
project_fotos_raw\28 x_8\17 -3_8\-3_8 24 300.jpg;-3;8;300
project_fotos_raw\28 x_8\17 -3_8\-3_8 25 330.jpg;-3;8;330
project_fotos_raw\28 x_8\18 -2_8\-2_8 14 0.jpg;-2;8;0
project_fotos_raw\28 x_8\18 -2_8\-2_8 15 30.jpg;-2;8;30
project_fotos_raw\28 x_8\18 -2_8\-2_8 16 60.jpg;-2;8;60
project_fotos_raw\28 x_8\18 -2_8\-2_8 17 90.jpg;-2;8;90
project_fotos_raw\28 x_8\18 -2_8\-2_8 18 120.jpg;-2;8;120
project_fotos_raw\28 x_8\18 -2_8\-2_8 19 150.jpg;-2;8;150
project_fotos_raw\28 x_8\18 -2_8\-2_8 20 180.jpg;-2;8;180
project_fotos_raw\28 x_8\18 -2_8\-2_8 21 210.jpg;-2;8;210
project_fotos_raw\28 x_8\18 -2_8\-2_8 22 240.jpg;-2;8;240
project_fotos_raw\28 x_8\18 -2_8\-2_8 23 270.jpg;-2;8;270
project_fotos_raw\28 x_8\18 -2_8\-2_8 24 300.jpg;-2;8;300
project_fotos_raw\28 x_8\18 -2_8\-2_8 25 330.jpg;-2;8;330
project_fotos_raw\28 x_8\19 -1_8\-1_8 14 0.jpg;-1;8;0
project_fotos_raw\28 x_8\19 -1_8\-1_8 15 30.jpg;-1;8;30
project_fotos_raw\28 x_8\19 -1_8\-1_8 16 60.jpg;-1;8;60
project_fotos_raw\28 x_8\19 -1_8\-1_8 17 90.jpg;-1;8;90
project_fotos_raw\28 x_8\19 -1_8\-1_8 18 120.jpg;-1;8;120
project_fotos_raw\28 x_8\19 -1_8\-1_8 19 150.jpg;-1;8;150
project_fotos_raw\28 x_8\19 -1_8\-1_8 20 180.jpg;-1;8;180
project_fotos_raw\28 x_8\19 -1_8\-1_8 21 210.jpg;-1;8;210
project_fotos_raw\28 x_8\19 -1_8\-1_8 22 240.jpg;-1;8;240
project_fotos_raw\28 x_8\19 -1_8\-1_8 23 270.jpg;-1;8;270
project_fotos_raw\28 x_8\19 -1_8\-1_8 24 300.jpg;-1;8;300
project_fotos_raw\28 x_8\19 -1_8\-1_8 25 330.jpg;-1;8;330
project_fotos_raw\28 x_8\20 0_8\0_8 14 0.jpg;0;8;0
project_fotos_raw\28 x_8\20 0_8\0_8 15 30.jpg;0;8;30
project_fotos_raw\28 x_8\20 0_8\0_8 16 60.jpg;0;8;60
project_fotos_raw\28 x_8\20 0_8\0_8 17 90.jpg;0;8;90
project_fotos_raw\28 x_8\20 0_8\0_8 18 120.jpg;0;8;120
project_fotos_raw\28 x_8\20 0_8\0_8 19 150.jpg;0;8;150
project_fotos_raw\28 x_8\20 0_8\0_8 20 180.jpg;0;8;180
project_fotos_raw\28 x_8\20 0_8\0_8 21 210.jpg;0;8;210
project_fotos_raw\28 x_8\20 0_8\0_8 22 240.jpg;0;8;240
project_fotos_raw\28 x_8\20 0_8\0_8 23 270.jpg;0;8;270
project_fotos_raw\28 x_8\20 0_8\0_8 24 300.jpg;0;8;300
project_fotos_raw\28 x_8\20 0_8\0_8 25 330.jpg;0;8;330
project_fotos_raw\28 x_8\21 1_8\1_8 14 0.jpg;1;8;0
project_fotos_raw\28 x_8\21 1_8\1_8 15 30.jpg;1;8;30
project_fotos_raw\28 x_8\21 1_8\1_8 16 60.jpg;1;8;60
project_fotos_raw\28 x_8\21 1_8\1_8 17 90.jpg;1;8;90
project_fotos_raw\28 x_8\21 1_8\1_8 18 120.jpg;1;8;120
project_fotos_raw\28 x_8\21 1_8\1_8 19 150.jpg;1;8;150
project_fotos_raw\28 x_8\21 1_8\1_8 20 180.jpg;1;8;180
project_fotos_raw\28 x_8\21 1_8\1_8 21 210.jpg;1;8;210
project_fotos_raw\28 x_8\21 1_8\1_8 22 240.jpg;1;8;240
project_fotos_raw\28 x_8\21 1_8\1_8 23 270.jpg;1;8;270
project_fotos_raw\28 x_8\21 1_8\1_8 24 300.jpg;1;8;300
project_fotos_raw\28 x_8\21 1_8\1_8 25 330.jpg;1;8;330
project_fotos_raw\28 x_8\22 2_8\2_8 14 0.jpg;2;8;0
project_fotos_raw\28 x_8\22 2_8\2_8 15 30.jpg;2;8;30
project_fotos_raw\28 x_8\22 2_8\2_8 16 60.jpg;2;8;60
project_fotos_raw\28 x_8\22 2_8\2_8 17 90.jpg;2;8;90
project_fotos_raw\28 x_8\22 2_8\2_8 18 120.jpg;2;8;120
project_fotos_raw\28 x_8\22 2_8\2_8 19 150.jpg;2;8;150
project_fotos_raw\28 x_8\22 2_8\2_8 20 180.jpg;2;8;180
project_fotos_raw\28 x_8\22 2_8\2_8 21 210.jpg;2;8;210
project_fotos_raw\28 x_8\22 2_8\2_8 22 240.jpg;2;8;240
project_fotos_raw\28 x_8\22 2_8\2_8 23 270.jpg;2;8;270
project_fotos_raw\28 x_8\22 2_8\2_8 24 300.jpg;2;8;300
project_fotos_raw\28 x_8\22 2_8\2_8 25 330.jpg;2;8;330
project_fotos_raw\28 x_8\23 3_8\3_8 14 0.jpg;3;8;0
project_fotos_raw\28 x_8\23 3_8\3_8 15 30.jpg;3;8;30
project_fotos_raw\28 x_8\23 3_8\3_8 16 60.jpg;3;8;60
project_fotos_raw\28 x_8\23 3_8\3_8 17 90.jpg;3;8;90
project_fotos_raw\28 x_8\23 3_8\3_8 18 120.jpg;3;8;120
project_fotos_raw\28 x_8\23 3_8\3_8 19 150.jpg;3;8;150
project_fotos_raw\28 x_8\23 3_8\3_8 20 180.jpg;3;8;180
project_fotos_raw\28 x_8\23 3_8\3_8 21 210.jpg;3;8;210
project_fotos_raw\28 x_8\23 3_8\3_8 22 240.jpg;3;8;240
project_fotos_raw\28 x_8\23 3_8\3_8 23 270.jpg;3;8;270
project_fotos_raw\28 x_8\23 3_8\3_8 24 300.jpg;3;8;300
project_fotos_raw\28 x_8\23 3_8\3_8 25 330.jpg;3;8;330
project_fotos_raw\28 x_8\24 4_8\4_8 14 0.jpg;4;8;0
project_fotos_raw\28 x_8\24 4_8\4_8 15 30.jpg;4;8;30
project_fotos_raw\28 x_8\24 4_8\4_8 16 60.jpg;4;8;60
project_fotos_raw\28 x_8\24 4_8\4_8 17 90.jpg;4;8;90
project_fotos_raw\28 x_8\24 4_8\4_8 18 120.jpg;4;8;120
project_fotos_raw\28 x_8\24 4_8\4_8 19 150.jpg;4;8;150
project_fotos_raw\28 x_8\24 4_8\4_8 20 180.jpg;4;8;180
project_fotos_raw\28 x_8\24 4_8\4_8 21 210.jpg;4;8;210
project_fotos_raw\28 x_8\24 4_8\4_8 22 240.jpg;4;8;240
project_fotos_raw\28 x_8\24 4_8\4_8 23 270.jpg;4;8;270
project_fotos_raw\28 x_8\24 4_8\4_8 24 300.jpg;4;8;300
project_fotos_raw\28 x_8\24 4_8\4_8 25 330.jpg;4;8;330
project_fotos_raw\28 x_8\25 5_8\5_8 14 0.jpg;5;8;0
project_fotos_raw\28 x_8\25 5_8\5_8 15 30.jpg;5;8;30
project_fotos_raw\28 x_8\25 5_8\5_8 16 60.jpg;5;8;60
project_fotos_raw\28 x_8\25 5_8\5_8 17 90.jpg;5;8;90
project_fotos_raw\28 x_8\25 5_8\5_8 18 120.jpg;5;8;120
project_fotos_raw\28 x_8\25 5_8\5_8 19 150.jpg;5;8;150
project_fotos_raw\28 x_8\25 5_8\5_8 20 180.jpg;5;8;180
project_fotos_raw\28 x_8\25 5_8\5_8 21 210.jpg;5;8;210
project_fotos_raw\28 x_8\25 5_8\5_8 22 240.jpg;5;8;240
project_fotos_raw\28 x_8\25 5_8\5_8 23 270.jpg;5;8;270
project_fotos_raw\28 x_8\25 5_8\5_8 24 300.jpg;5;8;300
project_fotos_raw\28 x_8\25 5_8\5_8 25 330.jpg;5;8;330
project_fotos_raw\28 x_8\26 6_8\6_8 14 0.jpg;6;8;0
project_fotos_raw\28 x_8\26 6_8\6_8 15 30.jpg;6;8;30
project_fotos_raw\28 x_8\26 6_8\6_8 16 60.jpg;6;8;60
project_fotos_raw\28 x_8\26 6_8\6_8 17 90.jpg;6;8;90
project_fotos_raw\28 x_8\26 6_8\6_8 18 120.jpg;6;8;120
project_fotos_raw\28 x_8\26 6_8\6_8 19 150.jpg;6;8;150
project_fotos_raw\28 x_8\26 6_8\6_8 20 180.jpg;6;8;180
project_fotos_raw\28 x_8\26 6_8\6_8 21 210.jpg;6;8;210
project_fotos_raw\28 x_8\26 6_8\6_8 22 240.jpg;6;8;240
project_fotos_raw\28 x_8\26 6_8\6_8 23 270.jpg;6;8;270
project_fotos_raw\28 x_8\26 6_8\6_8 24 300.jpg;6;8;300
project_fotos_raw\28 x_8\26 6_8\6_8 25 330.jpg;6;8;330
