﻿path;x;y;rotation
project_fotos_raw\15 x_-5\14 -6_-5\-6_-5 14 0.jpg;-6;-5;0
project_fotos_raw\15 x_-5\14 -6_-5\-6_-5 15 30.jpg;-6;-5;30
project_fotos_raw\15 x_-5\14 -6_-5\-6_-5 16 60.jpg;-6;-5;60
project_fotos_raw\15 x_-5\14 -6_-5\-6_-5 17 90.jpg;-6;-5;90
project_fotos_raw\15 x_-5\14 -6_-5\-6_-5 18 120.jpg;-6;-5;120
project_fotos_raw\15 x_-5\14 -6_-5\-6_-5 19 150.jpg;-6;-5;150
project_fotos_raw\15 x_-5\14 -6_-5\-6_-5 20 180.jpg;-6;-5;180
project_fotos_raw\15 x_-5\14 -6_-5\-6_-5 21 210.jpg;-6;-5;210
project_fotos_raw\15 x_-5\14 -6_-5\-6_-5 22 240.jpg;-6;-5;240
project_fotos_raw\15 x_-5\14 -6_-5\-6_-5 23 270.jpg;-6;-5;270
project_fotos_raw\15 x_-5\14 -6_-5\-6_-5 24 300.jpg;-6;-5;300
project_fotos_raw\15 x_-5\14 -6_-5\-6_-5 25 330.jpg;-6;-5;330
project_fotos_raw\15 x_-5\15 -5_-5\-5_-5 14 0.jpg;-5;-5;0
project_fotos_raw\15 x_-5\15 -5_-5\-5_-5 15 30.jpg;-5;-5;30
project_fotos_raw\15 x_-5\15 -5_-5\-5_-5 16 60.jpg;-5;-5;60
project_fotos_raw\15 x_-5\15 -5_-5\-5_-5 17 90.jpg;-5;-5;90
project_fotos_raw\15 x_-5\15 -5_-5\-5_-5 18 120.jpg;-5;-5;120
project_fotos_raw\15 x_-5\15 -5_-5\-5_-5 19 150.jpg;-5;-5;150
project_fotos_raw\15 x_-5\15 -5_-5\-5_-5 20 180.jpg;-5;-5;180
project_fotos_raw\15 x_-5\15 -5_-5\-5_-5 21 210.jpg;-5;-5;210
project_fotos_raw\15 x_-5\15 -5_-5\-5_-5 22 240.jpg;-5;-5;240
project_fotos_raw\15 x_-5\15 -5_-5\-5_-5 23 270.jpg;-5;-5;270
project_fotos_raw\15 x_-5\15 -5_-5\-5_-5 24 300.jpg;-5;-5;300
project_fotos_raw\15 x_-5\15 -5_-5\-5_-5 25 330.jpg;-5;-5;330
project_fotos_raw\15 x_-5\16 -4_-5\-4_-5 14 0.jpg;-4;-5;0
project_fotos_raw\15 x_-5\16 -4_-5\-4_-5 15 30.jpg;-4;-5;30
project_fotos_raw\15 x_-5\16 -4_-5\-4_-5 16 60.jpg;-4;-5;60
project_fotos_raw\15 x_-5\16 -4_-5\-4_-5 17 90.jpg;-4;-5;90
project_fotos_raw\15 x_-5\16 -4_-5\-4_-5 18 120.jpg;-4;-5;120
project_fotos_raw\15 x_-5\16 -4_-5\-4_-5 19 150.jpg;-4;-5;150
project_fotos_raw\15 x_-5\16 -4_-5\-4_-5 20 180.jpg;-4;-5;180
project_fotos_raw\15 x_-5\16 -4_-5\-4_-5 21 210.jpg;-4;-5;210
project_fotos_raw\15 x_-5\16 -4_-5\-4_-5 22 240.jpg;-4;-5;240
project_fotos_raw\15 x_-5\16 -4_-5\-4_-5 23 270.jpg;-4;-5;270
project_fotos_raw\15 x_-5\16 -4_-5\-4_-5 24 300.jpg;-4;-5;300
project_fotos_raw\15 x_-5\16 -4_-5\-4_-5 25 330.jpg;-4;-5;330
project_fotos_raw\15 x_-5\17 -3_-5\-3_-5 14 0.jpg;-3;-5;0
project_fotos_raw\15 x_-5\17 -3_-5\-3_-5 15 30.jpg;-3;-5;30
project_fotos_raw\15 x_-5\17 -3_-5\-3_-5 16 60.jpg;-3;-5;60
project_fotos_raw\15 x_-5\17 -3_-5\-3_-5 17 90.jpg;-3;-5;90
project_fotos_raw\15 x_-5\17 -3_-5\-3_-5 18 120.jpg;-3;-5;120
project_fotos_raw\15 x_-5\17 -3_-5\-3_-5 19 150.jpg;-3;-5;150
project_fotos_raw\15 x_-5\17 -3_-5\-3_-5 20 180.jpg;-3;-5;180
project_fotos_raw\15 x_-5\17 -3_-5\-3_-5 21 210.jpg;-3;-5;210
project_fotos_raw\15 x_-5\17 -3_-5\-3_-5 22 240.jpg;-3;-5;240
project_fotos_raw\15 x_-5\17 -3_-5\-3_-5 23 270.jpg;-3;-5;270
project_fotos_raw\15 x_-5\17 -3_-5\-3_-5 24 300.jpg;-3;-5;300
project_fotos_raw\15 x_-5\17 -3_-5\-3_-5 25 330.jpg;-3;-5;330
project_fotos_raw\15 x_-5\18 -2_-5\-2_-5 14 0.jpg;-2;-5;0
project_fotos_raw\15 x_-5\18 -2_-5\-2_-5 15 30.jpg;-2;-5;30
project_fotos_raw\15 x_-5\18 -2_-5\-2_-5 16 60.jpg;-2;-5;60
project_fotos_raw\15 x_-5\18 -2_-5\-2_-5 17 90.jpg;-2;-5;90
project_fotos_raw\15 x_-5\18 -2_-5\-2_-5 18 120.jpg;-2;-5;120
project_fotos_raw\15 x_-5\18 -2_-5\-2_-5 19 150.jpg;-2;-5;150
project_fotos_raw\15 x_-5\18 -2_-5\-2_-5 20 180.jpg;-2;-5;180
project_fotos_raw\15 x_-5\18 -2_-5\-2_-5 21 210.jpg;-2;-5;210
project_fotos_raw\15 x_-5\18 -2_-5\-2_-5 22 240.jpg;-2;-5;240
project_fotos_raw\15 x_-5\18 -2_-5\-2_-5 23 270.jpg;-2;-5;270
project_fotos_raw\15 x_-5\18 -2_-5\-2_-5 24 300.jpg;-2;-5;300
project_fotos_raw\15 x_-5\18 -2_-5\-2_-5 25 330.jpg;-2;-5;330
project_fotos_raw\15 x_-5\19 -1_-5\-1_-5 14 0.jpg;-1;-5;0
project_fotos_raw\15 x_-5\19 -1_-5\-1_-5 15 30.jpg;-1;-5;30
project_fotos_raw\15 x_-5\19 -1_-5\-1_-5 16 60.jpg;-1;-5;60
project_fotos_raw\15 x_-5\19 -1_-5\-1_-5 17 90.jpg;-1;-5;90
project_fotos_raw\15 x_-5\19 -1_-5\-1_-5 18 120.jpg;-1;-5;120
project_fotos_raw\15 x_-5\19 -1_-5\-1_-5 19 150.jpg;-1;-5;150
project_fotos_raw\15 x_-5\19 -1_-5\-1_-5 20 180.jpg;-1;-5;180
project_fotos_raw\15 x_-5\19 -1_-5\-1_-5 21 210.jpg;-1;-5;210
project_fotos_raw\15 x_-5\19 -1_-5\-1_-5 22 240.jpg;-1;-5;240
project_fotos_raw\15 x_-5\19 -1_-5\-1_-5 23 270.jpg;-1;-5;270
project_fotos_raw\15 x_-5\19 -1_-5\-1_-5 24 300.jpg;-1;-5;300
project_fotos_raw\15 x_-5\19 -1_-5\-1_-5 25 330.jpg;-1;-5;330
project_fotos_raw\15 x_-5\20 0_-5\0_-5 14 0.jpg;0;-5;0
project_fotos_raw\15 x_-5\20 0_-5\0_-5 15 30.jpg;0;-5;30
project_fotos_raw\15 x_-5\20 0_-5\0_-5 16 60.jpg;0;-5;60
project_fotos_raw\15 x_-5\20 0_-5\0_-5 17 90.jpg;0;-5;90
project_fotos_raw\15 x_-5\20 0_-5\0_-5 18 120.jpg;0;-5;120
project_fotos_raw\15 x_-5\20 0_-5\0_-5 19 150.jpg;0;-5;150
project_fotos_raw\15 x_-5\20 0_-5\0_-5 20 180.jpg;0;-5;180
project_fotos_raw\15 x_-5\20 0_-5\0_-5 21 210.jpg;0;-5;210
project_fotos_raw\15 x_-5\20 0_-5\0_-5 22 240.jpg;0;-5;240
project_fotos_raw\15 x_-5\20 0_-5\0_-5 23 270.jpg;0;-5;270
project_fotos_raw\15 x_-5\20 0_-5\0_-5 24 300.jpg;0;-5;300
project_fotos_raw\15 x_-5\20 0_-5\0_-5 25 330.jpg;0;-5;330
project_fotos_raw\15 x_-5\21 1_-5\1_-5 14 0.jpg;1;-5;0
project_fotos_raw\15 x_-5\21 1_-5\1_-5 15 30.jpg;1;-5;30
project_fotos_raw\15 x_-5\21 1_-5\1_-5 16 60.jpg;1;-5;60
project_fotos_raw\15 x_-5\21 1_-5\1_-5 17 90.jpg;1;-5;90
project_fotos_raw\15 x_-5\21 1_-5\1_-5 18 120.jpg;1;-5;120
project_fotos_raw\15 x_-5\21 1_-5\1_-5 19 150.jpg;1;-5;150
project_fotos_raw\15 x_-5\21 1_-5\1_-5 20 180.jpg;1;-5;180
project_fotos_raw\15 x_-5\21 1_-5\1_-5 21 210.jpg;1;-5;210
project_fotos_raw\15 x_-5\21 1_-5\1_-5 22 240.jpg;1;-5;240
project_fotos_raw\15 x_-5\21 1_-5\1_-5 23 270.jpg;1;-5;270
project_fotos_raw\15 x_-5\21 1_-5\1_-5 24 300.jpg;1;-5;300
project_fotos_raw\15 x_-5\21 1_-5\1_-5 25 330.jpg;1;-5;330
project_fotos_raw\15 x_-5\22 2_-5\2_-5 14 0.jpg;2;-5;0
project_fotos_raw\15 x_-5\22 2_-5\2_-5 15 30.jpg;2;-5;30
project_fotos_raw\15 x_-5\22 2_-5\2_-5 16 60.jpg;2;-5;60
project_fotos_raw\15 x_-5\22 2_-5\2_-5 17 90.jpg;2;-5;90
project_fotos_raw\15 x_-5\22 2_-5\2_-5 18 120.jpg;2;-5;120
project_fotos_raw\15 x_-5\22 2_-5\2_-5 19 150.jpg;2;-5;150
project_fotos_raw\15 x_-5\22 2_-5\2_-5 20 180.jpg;2;-5;180
project_fotos_raw\15 x_-5\22 2_-5\2_-5 21 210.jpg;2;-5;210
project_fotos_raw\15 x_-5\22 2_-5\2_-5 22 240.jpg;2;-5;240
project_fotos_raw\15 x_-5\22 2_-5\2_-5 23 270.jpg;2;-5;270
project_fotos_raw\15 x_-5\22 2_-5\2_-5 24 300.jpg;2;-5;300
project_fotos_raw\15 x_-5\22 2_-5\2_-5 25 330.jpg;2;-5;330
project_fotos_raw\15 x_-5\23 3_-5\3_-5 14 0.jpg;3;-5;0
project_fotos_raw\15 x_-5\23 3_-5\3_-5 15 30.jpg;3;-5;30
project_fotos_raw\15 x_-5\23 3_-5\3_-5 16 60.jpg;3;-5;60
project_fotos_raw\15 x_-5\23 3_-5\3_-5 17 90.jpg;3;-5;90
project_fotos_raw\15 x_-5\23 3_-5\3_-5 18 120.jpg;3;-5;120
project_fotos_raw\15 x_-5\23 3_-5\3_-5 19 150.jpg;3;-5;150
project_fotos_raw\15 x_-5\23 3_-5\3_-5 20 180.jpg;3;-5;180
project_fotos_raw\15 x_-5\23 3_-5\3_-5 21 210.jpg;3;-5;210
project_fotos_raw\15 x_-5\23 3_-5\3_-5 22 240.jpg;3;-5;240
project_fotos_raw\15 x_-5\23 3_-5\3_-5 23 270.jpg;3;-5;270
project_fotos_raw\15 x_-5\23 3_-5\3_-5 24 300.jpg;3;-5;300
project_fotos_raw\15 x_-5\23 3_-5\3_-5 25 330.jpg;3;-5;330
project_fotos_raw\15 x_-5\24 4_-5\4_-5 14 0.jpg;4;-5;0
project_fotos_raw\15 x_-5\24 4_-5\4_-5 15 30.jpg;4;-5;30
project_fotos_raw\15 x_-5\24 4_-5\4_-5 16 60.jpg;4;-5;60
project_fotos_raw\15 x_-5\24 4_-5\4_-5 17 90.jpg;4;-5;90
project_fotos_raw\15 x_-5\24 4_-5\4_-5 18 120.jpg;4;-5;120
project_fotos_raw\15 x_-5\24 4_-5\4_-5 19 150.jpg;4;-5;150
project_fotos_raw\15 x_-5\24 4_-5\4_-5 20 180.jpg;4;-5;180
project_fotos_raw\15 x_-5\24 4_-5\4_-5 21 210.jpg;4;-5;210
project_fotos_raw\15 x_-5\24 4_-5\4_-5 22 240.jpg;4;-5;240
project_fotos_raw\15 x_-5\24 4_-5\4_-5 23 270.jpg;4;-5;270
project_fotos_raw\15 x_-5\24 4_-5\4_-5 24 300.jpg;4;-5;300
project_fotos_raw\15 x_-5\24 4_-5\4_-5 25 330.jpg;4;-5;330
project_fotos_raw\15 x_-5\25 5_-5\5_-5 14 0.jpg;5;-5;0
project_fotos_raw\15 x_-5\25 5_-5\5_-5 15 30.jpg;5;-5;30
project_fotos_raw\15 x_-5\25 5_-5\5_-5 16 60.jpg;5;-5;60
project_fotos_raw\15 x_-5\25 5_-5\5_-5 17 90.jpg;5;-5;90
project_fotos_raw\15 x_-5\25 5_-5\5_-5 18 120.jpg;5;-5;120
project_fotos_raw\15 x_-5\25 5_-5\5_-5 19 150.jpg;5;-5;150
project_fotos_raw\15 x_-5\25 5_-5\5_-5 20 180.jpg;5;-5;180
project_fotos_raw\15 x_-5\25 5_-5\5_-5 21 210.jpg;5;-5;210
project_fotos_raw\15 x_-5\25 5_-5\5_-5 22 240.jpg;5;-5;240
project_fotos_raw\15 x_-5\25 5_-5\5_-5 23 270.jpg;5;-5;270
project_fotos_raw\15 x_-5\25 5_-5\5_-5 24 300.jpg;5;-5;300
project_fotos_raw\15 x_-5\25 5_-5\5_-5 25 330.jpg;5;-5;330
project_fotos_raw\15 x_-5\26 6_-5\6_-5 14 0.jpg;6;-5;0
project_fotos_raw\15 x_-5\26 6_-5\6_-5 15 30.jpg;6;-5;30
project_fotos_raw\15 x_-5\26 6_-5\6_-5 16 60.jpg;6;-5;60
project_fotos_raw\15 x_-5\26 6_-5\6_-5 17 90.jpg;6;-5;90
project_fotos_raw\15 x_-5\26 6_-5\6_-5 18 120.jpg;6;-5;120
project_fotos_raw\15 x_-5\26 6_-5\6_-5 19 150.jpg;6;-5;150
project_fotos_raw\15 x_-5\26 6_-5\6_-5 20 180.jpg;6;-5;180
project_fotos_raw\15 x_-5\26 6_-5\6_-5 21 210.jpg;6;-5;210
project_fotos_raw\15 x_-5\26 6_-5\6_-5 22 240.jpg;6;-5;240
project_fotos_raw\15 x_-5\26 6_-5\6_-5 23 270.jpg;6;-5;270
project_fotos_raw\15 x_-5\26 6_-5\6_-5 24 300.jpg;6;-5;300
project_fotos_raw\15 x_-5\26 6_-5\6_-5 25 330.jpg;6;-5;330
