﻿path;x;y;rotation
project_fotos_raw\15 x_-5\14 -5_-6\-5_-6 14 0.jpg;-5;-6;0
project_fotos_raw\15 x_-5\14 -5_-6\-5_-6 15 30.jpg;-5;-6;30
project_fotos_raw\15 x_-5\14 -5_-6\-5_-6 16 60.jpg;-5;-6;60
project_fotos_raw\15 x_-5\14 -5_-6\-5_-6 17 90.jpg;-5;-6;90
project_fotos_raw\15 x_-5\14 -5_-6\-5_-6 18 120.jpg;-5;-6;120
project_fotos_raw\15 x_-5\14 -5_-6\-5_-6 19 150.jpg;-5;-6;150
project_fotos_raw\15 x_-5\14 -5_-6\-5_-6 20 180.jpg;-5;-6;180
project_fotos_raw\15 x_-5\14 -5_-6\-5_-6 21 210.jpg;-5;-6;210
project_fotos_raw\15 x_-5\14 -5_-6\-5_-6 22 240.jpg;-5;-6;240
project_fotos_raw\15 x_-5\14 -5_-6\-5_-6 23 270.jpg;-5;-6;270
project_fotos_raw\15 x_-5\14 -5_-6\-5_-6 24 300.jpg;-5;-6;300
project_fotos_raw\15 x_-5\14 -5_-6\-5_-6 25 330.jpg;-5;-6;330
project_fotos_raw\15 x_-5\15 -5_-5\-5_-5 14 0.jpg;-5;-5;0
project_fotos_raw\15 x_-5\15 -5_-5\-5_-5 15 30.jpg;-5;-5;30
project_fotos_raw\15 x_-5\15 -5_-5\-5_-5 16 60.jpg;-5;-5;60
project_fotos_raw\15 x_-5\15 -5_-5\-5_-5 17 90.jpg;-5;-5;90
project_fotos_raw\15 x_-5\15 -5_-5\-5_-5 18 120.jpg;-5;-5;120
project_fotos_raw\15 x_-5\15 -5_-5\-5_-5 19 150.jpg;-5;-5;150
project_fotos_raw\15 x_-5\15 -5_-5\-5_-5 20 180.jpg;-5;-5;180
project_fotos_raw\15 x_-5\15 -5_-5\-5_-5 21 210.jpg;-5;-5;210
project_fotos_raw\15 x_-5\15 -5_-5\-5_-5 22 240.jpg;-5;-5;240
project_fotos_raw\15 x_-5\15 -5_-5\-5_-5 23 270.jpg;-5;-5;270
project_fotos_raw\15 x_-5\15 -5_-5\-5_-5 24 300.jpg;-5;-5;300
project_fotos_raw\15 x_-5\15 -5_-5\-5_-5 25 330.jpg;-5;-5;330
project_fotos_raw\15 x_-5\16 -5_-4\-5_-4 14 0.jpg;-5;-4;0
project_fotos_raw\15 x_-5\16 -5_-4\-5_-4 15 30.jpg;-5;-4;30
project_fotos_raw\15 x_-5\16 -5_-4\-5_-4 16 60.jpg;-5;-4;60
project_fotos_raw\15 x_-5\16 -5_-4\-5_-4 17 90.jpg;-5;-4;90
project_fotos_raw\15 x_-5\16 -5_-4\-5_-4 18 120.jpg;-5;-4;120
project_fotos_raw\15 x_-5\16 -5_-4\-5_-4 19 150.jpg;-5;-4;150
project_fotos_raw\15 x_-5\16 -5_-4\-5_-4 20 180.jpg;-5;-4;180
project_fotos_raw\15 x_-5\16 -5_-4\-5_-4 21 210.jpg;-5;-4;210
project_fotos_raw\15 x_-5\16 -5_-4\-5_-4 22 240.jpg;-5;-4;240
project_fotos_raw\15 x_-5\16 -5_-4\-5_-4 23 270.jpg;-5;-4;270
project_fotos_raw\15 x_-5\16 -5_-4\-5_-4 24 300.jpg;-5;-4;300
project_fotos_raw\15 x_-5\16 -5_-4\-5_-4 25 330.jpg;-5;-4;330
project_fotos_raw\15 x_-5\17 -5_-3\-5_-3 14 0.jpg;-5;-3;0
project_fotos_raw\15 x_-5\17 -5_-3\-5_-3 15 30.jpg;-5;-3;30
project_fotos_raw\15 x_-5\17 -5_-3\-5_-3 16 60.jpg;-5;-3;60
project_fotos_raw\15 x_-5\17 -5_-3\-5_-3 17 90.jpg;-5;-3;90
project_fotos_raw\15 x_-5\17 -5_-3\-5_-3 18 120.jpg;-5;-3;120
project_fotos_raw\15 x_-5\17 -5_-3\-5_-3 19 150.jpg;-5;-3;150
project_fotos_raw\15 x_-5\17 -5_-3\-5_-3 20 180.jpg;-5;-3;180
project_fotos_raw\15 x_-5\17 -5_-3\-5_-3 21 210.jpg;-5;-3;210
project_fotos_raw\15 x_-5\17 -5_-3\-5_-3 22 240.jpg;-5;-3;240
project_fotos_raw\15 x_-5\17 -5_-3\-5_-3 23 270.jpg;-5;-3;270
project_fotos_raw\15 x_-5\17 -5_-3\-5_-3 24 300.jpg;-5;-3;300
project_fotos_raw\15 x_-5\17 -5_-3\-5_-3 25 330.jpg;-5;-3;330
project_fotos_raw\15 x_-5\18 -5_-2\-5_-2 14 0.jpg;-5;-2;0
project_fotos_raw\15 x_-5\18 -5_-2\-5_-2 15 30.jpg;-5;-2;30
project_fotos_raw\15 x_-5\18 -5_-2\-5_-2 16 60.jpg;-5;-2;60
project_fotos_raw\15 x_-5\18 -5_-2\-5_-2 17 90.jpg;-5;-2;90
project_fotos_raw\15 x_-5\18 -5_-2\-5_-2 18 120.jpg;-5;-2;120
project_fotos_raw\15 x_-5\18 -5_-2\-5_-2 19 150.jpg;-5;-2;150
project_fotos_raw\15 x_-5\18 -5_-2\-5_-2 20 180.jpg;-5;-2;180
project_fotos_raw\15 x_-5\18 -5_-2\-5_-2 21 210.jpg;-5;-2;210
project_fotos_raw\15 x_-5\18 -5_-2\-5_-2 22 240.jpg;-5;-2;240
project_fotos_raw\15 x_-5\18 -5_-2\-5_-2 23 270.jpg;-5;-2;270
project_fotos_raw\15 x_-5\18 -5_-2\-5_-2 24 300.jpg;-5;-2;300
project_fotos_raw\15 x_-5\18 -5_-2\-5_-2 25 330.jpg;-5;-2;330
project_fotos_raw\15 x_-5\19 -5_-1\-5_-1 14 0.jpg;-5;-1;0
project_fotos_raw\15 x_-5\19 -5_-1\-5_-1 15 30.jpg;-5;-1;30
project_fotos_raw\15 x_-5\19 -5_-1\-5_-1 16 60.jpg;-5;-1;60
project_fotos_raw\15 x_-5\19 -5_-1\-5_-1 17 90.jpg;-5;-1;90
project_fotos_raw\15 x_-5\19 -5_-1\-5_-1 18 120.jpg;-5;-1;120
project_fotos_raw\15 x_-5\19 -5_-1\-5_-1 19 150.jpg;-5;-1;150
project_fotos_raw\15 x_-5\19 -5_-1\-5_-1 20 180.jpg;-5;-1;180
project_fotos_raw\15 x_-5\19 -5_-1\-5_-1 21 210.jpg;-5;-1;210
project_fotos_raw\15 x_-5\19 -5_-1\-5_-1 22 240.jpg;-5;-1;240
project_fotos_raw\15 x_-5\19 -5_-1\-5_-1 23 270.jpg;-5;-1;270
project_fotos_raw\15 x_-5\19 -5_-1\-5_-1 24 300.jpg;-5;-1;300
project_fotos_raw\15 x_-5\19 -5_-1\-5_-1 25 330.jpg;-5;-1;330
project_fotos_raw\15 x_-5\20 -5_0\-5_0 14 0.jpg;-5;0;0
project_fotos_raw\15 x_-5\20 -5_0\-5_0 15 30.jpg;-5;0;30
project_fotos_raw\15 x_-5\20 -5_0\-5_0 16 60.jpg;-5;0;60
project_fotos_raw\15 x_-5\20 -5_0\-5_0 17 90.jpg;-5;0;90
project_fotos_raw\15 x_-5\20 -5_0\-5_0 18 120.jpg;-5;0;120
project_fotos_raw\15 x_-5\20 -5_0\-5_0 19 150.jpg;-5;0;150
project_fotos_raw\15 x_-5\20 -5_0\-5_0 20 180.jpg;-5;0;180
project_fotos_raw\15 x_-5\20 -5_0\-5_0 21 210.jpg;-5;0;210
project_fotos_raw\15 x_-5\20 -5_0\-5_0 22 240.jpg;-5;0;240
project_fotos_raw\15 x_-5\20 -5_0\-5_0 23 270.jpg;-5;0;270
project_fotos_raw\15 x_-5\20 -5_0\-5_0 24 300.jpg;-5;0;300
project_fotos_raw\15 x_-5\20 -5_0\-5_0 25 330.jpg;-5;0;330
project_fotos_raw\15 x_-5\21 -5_1\-5_1 14 0.jpg;-5;1;0
project_fotos_raw\15 x_-5\21 -5_1\-5_1 15 30.jpg;-5;1;30
project_fotos_raw\15 x_-5\21 -5_1\-5_1 16 60.jpg;-5;1;60
project_fotos_raw\15 x_-5\21 -5_1\-5_1 17 90.jpg;-5;1;90
project_fotos_raw\15 x_-5\21 -5_1\-5_1 18 120.jpg;-5;1;120
project_fotos_raw\15 x_-5\21 -5_1\-5_1 19 150.jpg;-5;1;150
project_fotos_raw\15 x_-5\21 -5_1\-5_1 20 180.jpg;-5;1;180
project_fotos_raw\15 x_-5\21 -5_1\-5_1 21 210.jpg;-5;1;210
project_fotos_raw\15 x_-5\21 -5_1\-5_1 22 240.jpg;-5;1;240
project_fotos_raw\15 x_-5\21 -5_1\-5_1 23 270.jpg;-5;1;270
project_fotos_raw\15 x_-5\21 -5_1\-5_1 24 300.jpg;-5;1;300
project_fotos_raw\15 x_-5\21 -5_1\-5_1 25 330.jpg;-5;1;330
project_fotos_raw\15 x_-5\22 -5_2\-5_2 14 0.jpg;-5;2;0
project_fotos_raw\15 x_-5\22 -5_2\-5_2 15 30.jpg;-5;2;30
project_fotos_raw\15 x_-5\22 -5_2\-5_2 16 60.jpg;-5;2;60
project_fotos_raw\15 x_-5\22 -5_2\-5_2 17 90.jpg;-5;2;90
project_fotos_raw\15 x_-5\22 -5_2\-5_2 18 120.jpg;-5;2;120
project_fotos_raw\15 x_-5\22 -5_2\-5_2 19 150.jpg;-5;2;150
project_fotos_raw\15 x_-5\22 -5_2\-5_2 20 180.jpg;-5;2;180
project_fotos_raw\15 x_-5\22 -5_2\-5_2 21 210.jpg;-5;2;210
project_fotos_raw\15 x_-5\22 -5_2\-5_2 22 240.jpg;-5;2;240
project_fotos_raw\15 x_-5\22 -5_2\-5_2 23 270.jpg;-5;2;270
project_fotos_raw\15 x_-5\22 -5_2\-5_2 24 300.jpg;-5;2;300
project_fotos_raw\15 x_-5\22 -5_2\-5_2 25 330.jpg;-5;2;330
project_fotos_raw\15 x_-5\23 -5_3\-5_3 14 0.jpg;-5;3;0
project_fotos_raw\15 x_-5\23 -5_3\-5_3 15 30.jpg;-5;3;30
project_fotos_raw\15 x_-5\23 -5_3\-5_3 16 60.jpg;-5;3;60
project_fotos_raw\15 x_-5\23 -5_3\-5_3 17 90.jpg;-5;3;90
project_fotos_raw\15 x_-5\23 -5_3\-5_3 18 120.jpg;-5;3;120
project_fotos_raw\15 x_-5\23 -5_3\-5_3 19 150.jpg;-5;3;150
project_fotos_raw\15 x_-5\23 -5_3\-5_3 20 180.jpg;-5;3;180
project_fotos_raw\15 x_-5\23 -5_3\-5_3 21 210.jpg;-5;3;210
project_fotos_raw\15 x_-5\23 -5_3\-5_3 22 240.jpg;-5;3;240
project_fotos_raw\15 x_-5\23 -5_3\-5_3 23 270.jpg;-5;3;270
project_fotos_raw\15 x_-5\23 -5_3\-5_3 24 300.jpg;-5;3;300
project_fotos_raw\15 x_-5\23 -5_3\-5_3 25 330.jpg;-5;3;330
project_fotos_raw\15 x_-5\24 -5_4\-5_4 14 0.jpg;-5;4;0
project_fotos_raw\15 x_-5\24 -5_4\-5_4 15 30.jpg;-5;4;30
project_fotos_raw\15 x_-5\24 -5_4\-5_4 16 60.jpg;-5;4;60
project_fotos_raw\15 x_-5\24 -5_4\-5_4 17 90.jpg;-5;4;90
project_fotos_raw\15 x_-5\24 -5_4\-5_4 18 120.jpg;-5;4;120
project_fotos_raw\15 x_-5\24 -5_4\-5_4 19 150.jpg;-5;4;150
project_fotos_raw\15 x_-5\24 -5_4\-5_4 20 180.jpg;-5;4;180
project_fotos_raw\15 x_-5\24 -5_4\-5_4 21 210.jpg;-5;4;210
project_fotos_raw\15 x_-5\24 -5_4\-5_4 22 240.jpg;-5;4;240
project_fotos_raw\15 x_-5\24 -5_4\-5_4 23 270.jpg;-5;4;270
project_fotos_raw\15 x_-5\24 -5_4\-5_4 24 300.jpg;-5;4;300
project_fotos_raw\15 x_-5\24 -5_4\-5_4 25 330.jpg;-5;4;330
project_fotos_raw\15 x_-5\25 -5_5\-5_5 14 0.jpg;-5;5;0
project_fotos_raw\15 x_-5\25 -5_5\-5_5 15 30.jpg;-5;5;30
project_fotos_raw\15 x_-5\25 -5_5\-5_5 16 60.jpg;-5;5;60
project_fotos_raw\15 x_-5\25 -5_5\-5_5 17 90.jpg;-5;5;90
project_fotos_raw\15 x_-5\25 -5_5\-5_5 18 120.jpg;-5;5;120
project_fotos_raw\15 x_-5\25 -5_5\-5_5 19 150.jpg;-5;5;150
project_fotos_raw\15 x_-5\25 -5_5\-5_5 20 180.jpg;-5;5;180
project_fotos_raw\15 x_-5\25 -5_5\-5_5 21 210.jpg;-5;5;210
project_fotos_raw\15 x_-5\25 -5_5\-5_5 22 240.jpg;-5;5;240
project_fotos_raw\15 x_-5\25 -5_5\-5_5 23 270.jpg;-5;5;270
project_fotos_raw\15 x_-5\25 -5_5\-5_5 24 300.jpg;-5;5;300
project_fotos_raw\15 x_-5\25 -5_5\-5_5 25 330.jpg;-5;5;330
project_fotos_raw\15 x_-5\26 -5_6\-5_6 14 0.jpg;-5;6;0
project_fotos_raw\15 x_-5\26 -5_6\-5_6 15 30.jpg;-5;6;30
project_fotos_raw\15 x_-5\26 -5_6\-5_6 16 60.jpg;-5;6;60
project_fotos_raw\15 x_-5\26 -5_6\-5_6 17 90.jpg;-5;6;90
project_fotos_raw\15 x_-5\26 -5_6\-5_6 18 120.jpg;-5;6;120
project_fotos_raw\15 x_-5\26 -5_6\-5_6 19 150.jpg;-5;6;150
project_fotos_raw\15 x_-5\26 -5_6\-5_6 20 180.jpg;-5;6;180
project_fotos_raw\15 x_-5\26 -5_6\-5_6 21 210.jpg;-5;6;210
project_fotos_raw\15 x_-5\26 -5_6\-5_6 22 240.jpg;-5;6;240
project_fotos_raw\15 x_-5\26 -5_6\-5_6 23 270.jpg;-5;6;270
project_fotos_raw\15 x_-5\26 -5_6\-5_6 24 300.jpg;-5;6;300
project_fotos_raw\15 x_-5\26 -5_6\-5_6 25 330.jpg;-5;6;330
