﻿path;x;y;rotation
project_fotos_raw\24 x_4\14 -6_4\-6_4 14 0.jpg;-6;4;0
project_fotos_raw\24 x_4\14 -6_4\-6_4 15 30.jpg;-6;4;30
project_fotos_raw\24 x_4\14 -6_4\-6_4 16 60.jpg;-6;4;60
project_fotos_raw\24 x_4\14 -6_4\-6_4 17 90.jpg;-6;4;90
project_fotos_raw\24 x_4\14 -6_4\-6_4 18 120.jpg;-6;4;120
project_fotos_raw\24 x_4\14 -6_4\-6_4 19 150.jpg;-6;4;150
project_fotos_raw\24 x_4\14 -6_4\-6_4 20 180.jpg;-6;4;180
project_fotos_raw\24 x_4\14 -6_4\-6_4 21 210.jpg;-6;4;210
project_fotos_raw\24 x_4\14 -6_4\-6_4 22 240.jpg;-6;4;240
project_fotos_raw\24 x_4\14 -6_4\-6_4 23 270.jpg;-6;4;270
project_fotos_raw\24 x_4\14 -6_4\-6_4 24 300.jpg;-6;4;300
project_fotos_raw\24 x_4\14 -6_4\-6_4 25 330.jpg;-6;4;330
project_fotos_raw\24 x_4\15 -5_4\-5_4 14 0.jpg;-5;4;0
project_fotos_raw\24 x_4\15 -5_4\-5_4 15 30.jpg;-5;4;30
project_fotos_raw\24 x_4\15 -5_4\-5_4 16 60.jpg;-5;4;60
project_fotos_raw\24 x_4\15 -5_4\-5_4 17 90.jpg;-5;4;90
project_fotos_raw\24 x_4\15 -5_4\-5_4 18 120.jpg;-5;4;120
project_fotos_raw\24 x_4\15 -5_4\-5_4 19 150.jpg;-5;4;150
project_fotos_raw\24 x_4\15 -5_4\-5_4 20 180.jpg;-5;4;180
project_fotos_raw\24 x_4\15 -5_4\-5_4 21 210.jpg;-5;4;210
project_fotos_raw\24 x_4\15 -5_4\-5_4 22 240.jpg;-5;4;240
project_fotos_raw\24 x_4\15 -5_4\-5_4 23 270.jpg;-5;4;270
project_fotos_raw\24 x_4\15 -5_4\-5_4 24 300.jpg;-5;4;300
project_fotos_raw\24 x_4\15 -5_4\-5_4 25 330.jpg;-5;4;330
project_fotos_raw\24 x_4\16 -4_4\-4_4 14 0.jpg;-4;4;0
project_fotos_raw\24 x_4\16 -4_4\-4_4 15 30.jpg;-4;4;30
project_fotos_raw\24 x_4\16 -4_4\-4_4 16 60.jpg;-4;4;60
project_fotos_raw\24 x_4\16 -4_4\-4_4 17 90.jpg;-4;4;90
project_fotos_raw\24 x_4\16 -4_4\-4_4 18 120.jpg;-4;4;120
project_fotos_raw\24 x_4\16 -4_4\-4_4 19 150.jpg;-4;4;150
project_fotos_raw\24 x_4\16 -4_4\-4_4 20 180.jpg;-4;4;180
project_fotos_raw\24 x_4\16 -4_4\-4_4 21 210.jpg;-4;4;210
project_fotos_raw\24 x_4\16 -4_4\-4_4 22 240.jpg;-4;4;240
project_fotos_raw\24 x_4\16 -4_4\-4_4 23 270.jpg;-4;4;270
project_fotos_raw\24 x_4\16 -4_4\-4_4 24 300.jpg;-4;4;300
project_fotos_raw\24 x_4\16 -4_4\-4_4 25 330.jpg;-4;4;330
project_fotos_raw\24 x_4\17 -3_4\-3_4 14 0.jpg;-3;4;0
project_fotos_raw\24 x_4\17 -3_4\-3_4 15 30.jpg;-3;4;30
project_fotos_raw\24 x_4\17 -3_4\-3_4 16 60.jpg;-3;4;60
project_fotos_raw\24 x_4\17 -3_4\-3_4 17 90.jpg;-3;4;90
project_fotos_raw\24 x_4\17 -3_4\-3_4 18 120.jpg;-3;4;120
project_fotos_raw\24 x_4\17 -3_4\-3_4 19 150.jpg;-3;4;150
project_fotos_raw\24 x_4\17 -3_4\-3_4 20 180.jpg;-3;4;180
project_fotos_raw\24 x_4\17 -3_4\-3_4 21 210.jpg;-3;4;210
project_fotos_raw\24 x_4\17 -3_4\-3_4 22 240.jpg;-3;4;240
project_fotos_raw\24 x_4\17 -3_4\-3_4 23 270.jpg;-3;4;270
project_fotos_raw\24 x_4\17 -3_4\-3_4 24 300.jpg;-3;4;300
project_fotos_raw\24 x_4\17 -3_4\-3_4 25 330.jpg;-3;4;330
project_fotos_raw\24 x_4\18 -2_4\-2_4 14 0.jpg;-2;4;0
project_fotos_raw\24 x_4\18 -2_4\-2_4 15 30.jpg;-2;4;30
project_fotos_raw\24 x_4\18 -2_4\-2_4 16 60.jpg;-2;4;60
project_fotos_raw\24 x_4\18 -2_4\-2_4 17 90.jpg;-2;4;90
project_fotos_raw\24 x_4\18 -2_4\-2_4 18 120.jpg;-2;4;120
project_fotos_raw\24 x_4\18 -2_4\-2_4 19 150.jpg;-2;4;150
project_fotos_raw\24 x_4\18 -2_4\-2_4 20 180.jpg;-2;4;180
project_fotos_raw\24 x_4\18 -2_4\-2_4 21 210.jpg;-2;4;210
project_fotos_raw\24 x_4\18 -2_4\-2_4 22 240.jpg;-2;4;240
project_fotos_raw\24 x_4\18 -2_4\-2_4 23 270.jpg;-2;4;270
project_fotos_raw\24 x_4\18 -2_4\-2_4 24 300.jpg;-2;4;300
project_fotos_raw\24 x_4\18 -2_4\-2_4 25 330.jpg;-2;4;330
project_fotos_raw\24 x_4\19 -1_4\-1_4 14 0.jpg;-1;4;0
project_fotos_raw\24 x_4\19 -1_4\-1_4 15 30.jpg;-1;4;30
project_fotos_raw\24 x_4\19 -1_4\-1_4 16 60.jpg;-1;4;60
project_fotos_raw\24 x_4\19 -1_4\-1_4 17 90.jpg;-1;4;90
project_fotos_raw\24 x_4\19 -1_4\-1_4 18 120.jpg;-1;4;120
project_fotos_raw\24 x_4\19 -1_4\-1_4 19 150.jpg;-1;4;150
project_fotos_raw\24 x_4\19 -1_4\-1_4 20 180.jpg;-1;4;180
project_fotos_raw\24 x_4\19 -1_4\-1_4 21 210.jpg;-1;4;210
project_fotos_raw\24 x_4\19 -1_4\-1_4 22 240.jpg;-1;4;240
project_fotos_raw\24 x_4\19 -1_4\-1_4 23 270.jpg;-1;4;270
project_fotos_raw\24 x_4\19 -1_4\-1_4 24 300.jpg;-1;4;300
project_fotos_raw\24 x_4\19 -1_4\-1_4 25 330.jpg;-1;4;330
project_fotos_raw\24 x_4\20 0_4\0_4 14 0.jpg;0;4;0
project_fotos_raw\24 x_4\20 0_4\0_4 15 30.jpg;0;4;30
project_fotos_raw\24 x_4\20 0_4\0_4 16 60.jpg;0;4;60
project_fotos_raw\24 x_4\20 0_4\0_4 17 90.jpg;0;4;90
project_fotos_raw\24 x_4\20 0_4\0_4 18 120.jpg;0;4;120
project_fotos_raw\24 x_4\20 0_4\0_4 19 150.jpg;0;4;150
project_fotos_raw\24 x_4\20 0_4\0_4 20 180.jpg;0;4;180
project_fotos_raw\24 x_4\20 0_4\0_4 21 210.jpg;0;4;210
project_fotos_raw\24 x_4\20 0_4\0_4 22 240.jpg;0;4;240
project_fotos_raw\24 x_4\20 0_4\0_4 23 270.jpg;0;4;270
project_fotos_raw\24 x_4\20 0_4\0_4 24 300.jpg;0;4;300
project_fotos_raw\24 x_4\20 0_4\0_4 25 330.jpg;0;4;330
project_fotos_raw\24 x_4\21 1_4\1_4 14 0.jpg;1;4;0
project_fotos_raw\24 x_4\21 1_4\1_4 15 30.jpg;1;4;30
project_fotos_raw\24 x_4\21 1_4\1_4 16 60.jpg;1;4;60
project_fotos_raw\24 x_4\21 1_4\1_4 17 90.jpg;1;4;90
project_fotos_raw\24 x_4\21 1_4\1_4 18 120.jpg;1;4;120
project_fotos_raw\24 x_4\21 1_4\1_4 19 150.jpg;1;4;150
project_fotos_raw\24 x_4\21 1_4\1_4 20 180.jpg;1;4;180
project_fotos_raw\24 x_4\21 1_4\1_4 21 210.jpg;1;4;210
project_fotos_raw\24 x_4\21 1_4\1_4 22 240.jpg;1;4;240
project_fotos_raw\24 x_4\21 1_4\1_4 23 270.jpg;1;4;270
project_fotos_raw\24 x_4\21 1_4\1_4 24 300.jpg;1;4;300
project_fotos_raw\24 x_4\21 1_4\1_4 25 330.jpg;1;4;330
project_fotos_raw\24 x_4\22 2_4\2_4 14 0.jpg;2;4;0
project_fotos_raw\24 x_4\22 2_4\2_4 15 30.jpg;2;4;30
project_fotos_raw\24 x_4\22 2_4\2_4 16 60.jpg;2;4;60
project_fotos_raw\24 x_4\22 2_4\2_4 17 90.jpg;2;4;90
project_fotos_raw\24 x_4\22 2_4\2_4 18 120.jpg;2;4;120
project_fotos_raw\24 x_4\22 2_4\2_4 19 150.jpg;2;4;150
project_fotos_raw\24 x_4\22 2_4\2_4 20 180.jpg;2;4;180
project_fotos_raw\24 x_4\22 2_4\2_4 21 210.jpg;2;4;210
project_fotos_raw\24 x_4\22 2_4\2_4 22 240.jpg;2;4;240
project_fotos_raw\24 x_4\22 2_4\2_4 23 270.jpg;2;4;270
project_fotos_raw\24 x_4\22 2_4\2_4 24 300.jpg;2;4;300
project_fotos_raw\24 x_4\22 2_4\2_4 25 330.jpg;2;4;330
project_fotos_raw\24 x_4\23 3_4\3_4 14 0.jpg;3;4;0
project_fotos_raw\24 x_4\23 3_4\3_4 15 30.jpg;3;4;30
project_fotos_raw\24 x_4\23 3_4\3_4 16 60.jpg;3;4;60
project_fotos_raw\24 x_4\23 3_4\3_4 17 90.jpg;3;4;90
project_fotos_raw\24 x_4\23 3_4\3_4 18 120.jpg;3;4;120
project_fotos_raw\24 x_4\23 3_4\3_4 19 150.jpg;3;4;150
project_fotos_raw\24 x_4\23 3_4\3_4 20 180.jpg;3;4;180
project_fotos_raw\24 x_4\23 3_4\3_4 21 210.jpg;3;4;210
project_fotos_raw\24 x_4\23 3_4\3_4 22 240.jpg;3;4;240
project_fotos_raw\24 x_4\23 3_4\3_4 23 270.jpg;3;4;270
project_fotos_raw\24 x_4\23 3_4\3_4 24 300.jpg;3;4;300
project_fotos_raw\24 x_4\23 3_4\3_4 25 330.jpg;3;4;330
project_fotos_raw\24 x_4\24 4_4\4_4 14 0.jpg;4;4;0
project_fotos_raw\24 x_4\24 4_4\4_4 15 30.jpg;4;4;30
project_fotos_raw\24 x_4\24 4_4\4_4 16 60.jpg;4;4;60
project_fotos_raw\24 x_4\24 4_4\4_4 17 90.jpg;4;4;90
project_fotos_raw\24 x_4\24 4_4\4_4 18 120.jpg;4;4;120
project_fotos_raw\24 x_4\24 4_4\4_4 19 150.jpg;4;4;150
project_fotos_raw\24 x_4\24 4_4\4_4 20 180.jpg;4;4;180
project_fotos_raw\24 x_4\24 4_4\4_4 21 210.jpg;4;4;210
project_fotos_raw\24 x_4\24 4_4\4_4 22 240.jpg;4;4;240
project_fotos_raw\24 x_4\24 4_4\4_4 23 270.jpg;4;4;270
project_fotos_raw\24 x_4\24 4_4\4_4 24 300.jpg;4;4;300
project_fotos_raw\24 x_4\24 4_4\4_4 25 330.jpg;4;4;330
project_fotos_raw\24 x_4\25 5_4\5_4 14 0.jpg;5;4;0
project_fotos_raw\24 x_4\25 5_4\5_4 15 30.jpg;5;4;30
project_fotos_raw\24 x_4\25 5_4\5_4 16 60.jpg;5;4;60
project_fotos_raw\24 x_4\25 5_4\5_4 17 90.jpg;5;4;90
project_fotos_raw\24 x_4\25 5_4\5_4 18 120.jpg;5;4;120
project_fotos_raw\24 x_4\25 5_4\5_4 19 150.jpg;5;4;150
project_fotos_raw\24 x_4\25 5_4\5_4 20 180.jpg;5;4;180
project_fotos_raw\24 x_4\25 5_4\5_4 21 210.jpg;5;4;210
project_fotos_raw\24 x_4\25 5_4\5_4 22 240.jpg;5;4;240
project_fotos_raw\24 x_4\25 5_4\5_4 23 270.jpg;5;4;270
project_fotos_raw\24 x_4\25 5_4\5_4 24 300.jpg;5;4;300
project_fotos_raw\24 x_4\25 5_4\5_4 25 330.jpg;5;4;330
project_fotos_raw\24 x_4\26 6_4\6_4 14 0.jpg;6;4;0
project_fotos_raw\24 x_4\26 6_4\6_4 15 30.jpg;6;4;30
project_fotos_raw\24 x_4\26 6_4\6_4 16 60.jpg;6;4;60
project_fotos_raw\24 x_4\26 6_4\6_4 17 90.jpg;6;4;90
project_fotos_raw\24 x_4\26 6_4\6_4 18 120.jpg;6;4;120
project_fotos_raw\24 x_4\26 6_4\6_4 19 150.jpg;6;4;150
project_fotos_raw\24 x_4\26 6_4\6_4 20 180.jpg;6;4;180
project_fotos_raw\24 x_4\26 6_4\6_4 21 210.jpg;6;4;210
project_fotos_raw\24 x_4\26 6_4\6_4 22 240.jpg;6;4;240
project_fotos_raw\24 x_4\26 6_4\6_4 23 270.jpg;6;4;270
project_fotos_raw\24 x_4\26 6_4\6_4 24 300.jpg;6;4;300
project_fotos_raw\24 x_4\26 6_4\6_4 25 330.jpg;6;4;330
