﻿path;x;y;rotation
project_fotos_raw\23 x_3\14 -6_3\-6_3 14 0.jpg;-6;3;0
project_fotos_raw\23 x_3\14 -6_3\-6_3 15 30.jpg;-6;3;30
project_fotos_raw\23 x_3\14 -6_3\-6_3 16 60.jpg;-6;3;60
project_fotos_raw\23 x_3\14 -6_3\-6_3 17 90.jpg;-6;3;90
project_fotos_raw\23 x_3\14 -6_3\-6_3 18 120.jpg;-6;3;120
project_fotos_raw\23 x_3\14 -6_3\-6_3 19 150.jpg;-6;3;150
project_fotos_raw\23 x_3\14 -6_3\-6_3 20 180.jpg;-6;3;180
project_fotos_raw\23 x_3\14 -6_3\-6_3 21 210.jpg;-6;3;210
project_fotos_raw\23 x_3\14 -6_3\-6_3 22 240.jpg;-6;3;240
project_fotos_raw\23 x_3\14 -6_3\-6_3 23 270.jpg;-6;3;270
project_fotos_raw\23 x_3\14 -6_3\-6_3 24 300.jpg;-6;3;300
project_fotos_raw\23 x_3\14 -6_3\-6_3 25 330.jpg;-6;3;330
project_fotos_raw\23 x_3\15 -5_3\-5_3 14 0.jpg;-5;3;0
project_fotos_raw\23 x_3\15 -5_3\-5_3 15 30.jpg;-5;3;30
project_fotos_raw\23 x_3\15 -5_3\-5_3 16 60.jpg;-5;3;60
project_fotos_raw\23 x_3\15 -5_3\-5_3 17 90.jpg;-5;3;90
project_fotos_raw\23 x_3\15 -5_3\-5_3 18 120.jpg;-5;3;120
project_fotos_raw\23 x_3\15 -5_3\-5_3 19 150.jpg;-5;3;150
project_fotos_raw\23 x_3\15 -5_3\-5_3 20 180.jpg;-5;3;180
project_fotos_raw\23 x_3\15 -5_3\-5_3 21 210.jpg;-5;3;210
project_fotos_raw\23 x_3\15 -5_3\-5_3 22 240.jpg;-5;3;240
project_fotos_raw\23 x_3\15 -5_3\-5_3 23 270.jpg;-5;3;270
project_fotos_raw\23 x_3\15 -5_3\-5_3 24 300.jpg;-5;3;300
project_fotos_raw\23 x_3\15 -5_3\-5_3 25 330.jpg;-5;3;330
project_fotos_raw\23 x_3\16 -4_3\-4_3 14 0.jpg;-4;3;0
project_fotos_raw\23 x_3\16 -4_3\-4_3 15 30.jpg;-4;3;30
project_fotos_raw\23 x_3\16 -4_3\-4_3 16 60.jpg;-4;3;60
project_fotos_raw\23 x_3\16 -4_3\-4_3 17 90.jpg;-4;3;90
project_fotos_raw\23 x_3\16 -4_3\-4_3 18 120.jpg;-4;3;120
project_fotos_raw\23 x_3\16 -4_3\-4_3 19 150.jpg;-4;3;150
project_fotos_raw\23 x_3\16 -4_3\-4_3 20 180.jpg;-4;3;180
project_fotos_raw\23 x_3\16 -4_3\-4_3 21 210.jpg;-4;3;210
project_fotos_raw\23 x_3\16 -4_3\-4_3 22 240.jpg;-4;3;240
project_fotos_raw\23 x_3\16 -4_3\-4_3 23 270.jpg;-4;3;270
project_fotos_raw\23 x_3\16 -4_3\-4_3 24 300.jpg;-4;3;300
project_fotos_raw\23 x_3\16 -4_3\-4_3 25 330.jpg;-4;3;330
project_fotos_raw\23 x_3\17 -3_3\-3_3 14 0.jpg;-3;3;0
project_fotos_raw\23 x_3\17 -3_3\-3_3 15 30.jpg;-3;3;30
project_fotos_raw\23 x_3\17 -3_3\-3_3 16 60.jpg;-3;3;60
project_fotos_raw\23 x_3\17 -3_3\-3_3 17 90.jpg;-3;3;90
project_fotos_raw\23 x_3\17 -3_3\-3_3 18 120.jpg;-3;3;120
project_fotos_raw\23 x_3\17 -3_3\-3_3 19 150.jpg;-3;3;150
project_fotos_raw\23 x_3\17 -3_3\-3_3 20 180.jpg;-3;3;180
project_fotos_raw\23 x_3\17 -3_3\-3_3 21 210.jpg;-3;3;210
project_fotos_raw\23 x_3\17 -3_3\-3_3 22 240.jpg;-3;3;240
project_fotos_raw\23 x_3\17 -3_3\-3_3 23 270.jpg;-3;3;270
project_fotos_raw\23 x_3\17 -3_3\-3_3 24 300.jpg;-3;3;300
project_fotos_raw\23 x_3\17 -3_3\-3_3 25 330.jpg;-3;3;330
project_fotos_raw\23 x_3\18 -2_3\-2_3 14 0.jpg;-2;3;0
project_fotos_raw\23 x_3\18 -2_3\-2_3 15 30.jpg;-2;3;30
project_fotos_raw\23 x_3\18 -2_3\-2_3 16 60.jpg;-2;3;60
project_fotos_raw\23 x_3\18 -2_3\-2_3 17 90.jpg;-2;3;90
project_fotos_raw\23 x_3\18 -2_3\-2_3 18 120.jpg;-2;3;120
project_fotos_raw\23 x_3\18 -2_3\-2_3 19 150.jpg;-2;3;150
project_fotos_raw\23 x_3\18 -2_3\-2_3 20 180.jpg;-2;3;180
project_fotos_raw\23 x_3\18 -2_3\-2_3 21 210.jpg;-2;3;210
project_fotos_raw\23 x_3\18 -2_3\-2_3 22 240.jpg;-2;3;240
project_fotos_raw\23 x_3\18 -2_3\-2_3 23 270.jpg;-2;3;270
project_fotos_raw\23 x_3\18 -2_3\-2_3 24 300.jpg;-2;3;300
project_fotos_raw\23 x_3\18 -2_3\-2_3 25 330.jpg;-2;3;330
project_fotos_raw\23 x_3\19 -1_3\-1_3 14 0.jpg;-1;3;0
project_fotos_raw\23 x_3\19 -1_3\-1_3 15 30.jpg;-1;3;30
project_fotos_raw\23 x_3\19 -1_3\-1_3 16 60.jpg;-1;3;60
project_fotos_raw\23 x_3\19 -1_3\-1_3 17 90.jpg;-1;3;90
project_fotos_raw\23 x_3\19 -1_3\-1_3 18 120.jpg;-1;3;120
project_fotos_raw\23 x_3\19 -1_3\-1_3 19 150.jpg;-1;3;150
project_fotos_raw\23 x_3\19 -1_3\-1_3 20 180.jpg;-1;3;180
project_fotos_raw\23 x_3\19 -1_3\-1_3 21 210.jpg;-1;3;210
project_fotos_raw\23 x_3\19 -1_3\-1_3 22 240.jpg;-1;3;240
project_fotos_raw\23 x_3\19 -1_3\-1_3 23 270.jpg;-1;3;270
project_fotos_raw\23 x_3\19 -1_3\-1_3 24 300.jpg;-1;3;300
project_fotos_raw\23 x_3\19 -1_3\-1_3 25 330.jpg;-1;3;330
project_fotos_raw\23 x_3\20 0_3\0_3 14 0.jpg;0;3;0
project_fotos_raw\23 x_3\20 0_3\0_3 15 30.jpg;0;3;30
project_fotos_raw\23 x_3\20 0_3\0_3 16 60.jpg;0;3;60
project_fotos_raw\23 x_3\20 0_3\0_3 17 90.jpg;0;3;90
project_fotos_raw\23 x_3\20 0_3\0_3 18 120.jpg;0;3;120
project_fotos_raw\23 x_3\20 0_3\0_3 19 150.jpg;0;3;150
project_fotos_raw\23 x_3\20 0_3\0_3 20 180.jpg;0;3;180
project_fotos_raw\23 x_3\20 0_3\0_3 21 210.jpg;0;3;210
project_fotos_raw\23 x_3\20 0_3\0_3 22 240.jpg;0;3;240
project_fotos_raw\23 x_3\20 0_3\0_3 23 270.jpg;0;3;270
project_fotos_raw\23 x_3\20 0_3\0_3 24 300.jpg;0;3;300
project_fotos_raw\23 x_3\20 0_3\0_3 25 330.jpg;0;3;330
project_fotos_raw\23 x_3\21 1_3\1_3 14 0.jpg;1;3;0
project_fotos_raw\23 x_3\21 1_3\1_3 15 30.jpg;1;3;30
project_fotos_raw\23 x_3\21 1_3\1_3 16 60.jpg;1;3;60
project_fotos_raw\23 x_3\21 1_3\1_3 17 90.jpg;1;3;90
project_fotos_raw\23 x_3\21 1_3\1_3 18 120.jpg;1;3;120
project_fotos_raw\23 x_3\21 1_3\1_3 19 150.jpg;1;3;150
project_fotos_raw\23 x_3\21 1_3\1_3 20 180.jpg;1;3;180
project_fotos_raw\23 x_3\21 1_3\1_3 21 210.jpg;1;3;210
project_fotos_raw\23 x_3\21 1_3\1_3 22 240.jpg;1;3;240
project_fotos_raw\23 x_3\21 1_3\1_3 23 270.jpg;1;3;270
project_fotos_raw\23 x_3\21 1_3\1_3 24 300.jpg;1;3;300
project_fotos_raw\23 x_3\21 1_3\1_3 25 330.jpg;1;3;330
project_fotos_raw\23 x_3\22 2_3\2_3 14 0.jpg;2;3;0
project_fotos_raw\23 x_3\22 2_3\2_3 15 30.jpg;2;3;30
project_fotos_raw\23 x_3\22 2_3\2_3 16 60.jpg;2;3;60
project_fotos_raw\23 x_3\22 2_3\2_3 17 90.jpg;2;3;90
project_fotos_raw\23 x_3\22 2_3\2_3 18 120.jpg;2;3;120
project_fotos_raw\23 x_3\22 2_3\2_3 19 150.jpg;2;3;150
project_fotos_raw\23 x_3\22 2_3\2_3 20 180.jpg;2;3;180
project_fotos_raw\23 x_3\22 2_3\2_3 21 210.jpg;2;3;210
project_fotos_raw\23 x_3\22 2_3\2_3 22 240.jpg;2;3;240
project_fotos_raw\23 x_3\22 2_3\2_3 23 270.jpg;2;3;270
project_fotos_raw\23 x_3\22 2_3\2_3 24 300.jpg;2;3;300
project_fotos_raw\23 x_3\22 2_3\2_3 25 330.jpg;2;3;330
project_fotos_raw\23 x_3\23 3_3\3_3 14 0.jpg;3;3;0
project_fotos_raw\23 x_3\23 3_3\3_3 15 30.jpg;3;3;30
project_fotos_raw\23 x_3\23 3_3\3_3 16 60.jpg;3;3;60
project_fotos_raw\23 x_3\23 3_3\3_3 17 90.jpg;3;3;90
project_fotos_raw\23 x_3\23 3_3\3_3 18 120.jpg;3;3;120
project_fotos_raw\23 x_3\23 3_3\3_3 19 150.jpg;3;3;150
project_fotos_raw\23 x_3\23 3_3\3_3 20 180.jpg;3;3;180
project_fotos_raw\23 x_3\23 3_3\3_3 21 210.jpg;3;3;210
project_fotos_raw\23 x_3\23 3_3\3_3 22 240.jpg;3;3;240
project_fotos_raw\23 x_3\23 3_3\3_3 23 270.jpg;3;3;270
project_fotos_raw\23 x_3\23 3_3\3_3 24 300.jpg;3;3;300
project_fotos_raw\23 x_3\23 3_3\3_3 25 330.jpg;3;3;330
project_fotos_raw\23 x_3\24 4_3\4_3 14 0.jpg;4;3;0
project_fotos_raw\23 x_3\24 4_3\4_3 15 30.jpg;4;3;30
project_fotos_raw\23 x_3\24 4_3\4_3 16 60.jpg;4;3;60
project_fotos_raw\23 x_3\24 4_3\4_3 17 90.jpg;4;3;90
project_fotos_raw\23 x_3\24 4_3\4_3 18 120.jpg;4;3;120
project_fotos_raw\23 x_3\24 4_3\4_3 19 150.jpg;4;3;150
project_fotos_raw\23 x_3\24 4_3\4_3 20 180.jpg;4;3;180
project_fotos_raw\23 x_3\24 4_3\4_3 21 210.jpg;4;3;210
project_fotos_raw\23 x_3\24 4_3\4_3 22 240.jpg;4;3;240
project_fotos_raw\23 x_3\24 4_3\4_3 23 270.jpg;4;3;270
project_fotos_raw\23 x_3\24 4_3\4_3 24 300.jpg;4;3;300
project_fotos_raw\23 x_3\24 4_3\4_3 25 330.jpg;4;3;330
project_fotos_raw\23 x_3\25 5_3\5_3 14 0.jpg;5;3;0
project_fotos_raw\23 x_3\25 5_3\5_3 15 30.jpg;5;3;30
project_fotos_raw\23 x_3\25 5_3\5_3 16 60.jpg;5;3;60
project_fotos_raw\23 x_3\25 5_3\5_3 17 90.jpg;5;3;90
project_fotos_raw\23 x_3\25 5_3\5_3 18 120.jpg;5;3;120
project_fotos_raw\23 x_3\25 5_3\5_3 19 150.jpg;5;3;150
project_fotos_raw\23 x_3\25 5_3\5_3 20 180.jpg;5;3;180
project_fotos_raw\23 x_3\25 5_3\5_3 21 210.jpg;5;3;210
project_fotos_raw\23 x_3\25 5_3\5_3 22 240.jpg;5;3;240
project_fotos_raw\23 x_3\25 5_3\5_3 23 270.jpg;5;3;270
project_fotos_raw\23 x_3\25 5_3\5_3 24 300.jpg;5;3;300
project_fotos_raw\23 x_3\25 5_3\5_3 25 330.jpg;5;3;330
project_fotos_raw\23 x_3\26 6_3\6_3 14 0.jpg;6;3;0
project_fotos_raw\23 x_3\26 6_3\6_3 15 30.jpg;6;3;30
project_fotos_raw\23 x_3\26 6_3\6_3 16 60.jpg;6;3;60
project_fotos_raw\23 x_3\26 6_3\6_3 17 90.jpg;6;3;90
project_fotos_raw\23 x_3\26 6_3\6_3 18 120.jpg;6;3;120
project_fotos_raw\23 x_3\26 6_3\6_3 19 150.jpg;6;3;150
project_fotos_raw\23 x_3\26 6_3\6_3 20 180.jpg;6;3;180
project_fotos_raw\23 x_3\26 6_3\6_3 21 210.jpg;6;3;210
project_fotos_raw\23 x_3\26 6_3\6_3 22 240.jpg;6;3;240
project_fotos_raw\23 x_3\26 6_3\6_3 23 270.jpg;6;3;270
project_fotos_raw\23 x_3\26 6_3\6_3 24 300.jpg;6;3;300
project_fotos_raw\23 x_3\26 6_3\6_3 25 330.jpg;6;3;330
