﻿path;x;y;rotation
project_fotos_raw\26 x_6\14 -6_6\-6_6 14 0.jpg;-6;6;0
project_fotos_raw\26 x_6\14 -6_6\-6_6 15 30.jpg;-6;6;30
project_fotos_raw\26 x_6\14 -6_6\-6_6 16 60.jpg;-6;6;60
project_fotos_raw\26 x_6\14 -6_6\-6_6 17 90.jpg;-6;6;90
project_fotos_raw\26 x_6\14 -6_6\-6_6 18 120.jpg;-6;6;120
project_fotos_raw\26 x_6\14 -6_6\-6_6 19 150.jpg;-6;6;150
project_fotos_raw\26 x_6\14 -6_6\-6_6 20 180.jpg;-6;6;180
project_fotos_raw\26 x_6\14 -6_6\-6_6 21 210.jpg;-6;6;210
project_fotos_raw\26 x_6\14 -6_6\-6_6 22 240.jpg;-6;6;240
project_fotos_raw\26 x_6\14 -6_6\-6_6 23 270.jpg;-6;6;270
project_fotos_raw\26 x_6\14 -6_6\-6_6 24 300.jpg;-6;6;300
project_fotos_raw\26 x_6\14 -6_6\-6_6 25 330.jpg;-6;6;330
project_fotos_raw\26 x_6\15 -5_6\-5_6 14 0.jpg;-5;6;0
project_fotos_raw\26 x_6\15 -5_6\-5_6 15 30.jpg;-5;6;30
project_fotos_raw\26 x_6\15 -5_6\-5_6 16 60.jpg;-5;6;60
project_fotos_raw\26 x_6\15 -5_6\-5_6 17 90.jpg;-5;6;90
project_fotos_raw\26 x_6\15 -5_6\-5_6 18 120.jpg;-5;6;120
project_fotos_raw\26 x_6\15 -5_6\-5_6 19 150.jpg;-5;6;150
project_fotos_raw\26 x_6\15 -5_6\-5_6 20 180.jpg;-5;6;180
project_fotos_raw\26 x_6\15 -5_6\-5_6 21 210.jpg;-5;6;210
project_fotos_raw\26 x_6\15 -5_6\-5_6 22 240.jpg;-5;6;240
project_fotos_raw\26 x_6\15 -5_6\-5_6 23 270.jpg;-5;6;270
project_fotos_raw\26 x_6\15 -5_6\-5_6 24 300.jpg;-5;6;300
project_fotos_raw\26 x_6\15 -5_6\-5_6 25 330.jpg;-5;6;330
project_fotos_raw\26 x_6\16 -4_6\-4_6 14 0.jpg;-4;6;0
project_fotos_raw\26 x_6\16 -4_6\-4_6 15 30.jpg;-4;6;30
project_fotos_raw\26 x_6\16 -4_6\-4_6 16 60.jpg;-4;6;60
project_fotos_raw\26 x_6\16 -4_6\-4_6 17 90.jpg;-4;6;90
project_fotos_raw\26 x_6\16 -4_6\-4_6 18 120.jpg;-4;6;120
project_fotos_raw\26 x_6\16 -4_6\-4_6 19 150.jpg;-4;6;150
project_fotos_raw\26 x_6\16 -4_6\-4_6 20 180.jpg;-4;6;180
project_fotos_raw\26 x_6\16 -4_6\-4_6 21 210.jpg;-4;6;210
project_fotos_raw\26 x_6\16 -4_6\-4_6 22 240.jpg;-4;6;240
project_fotos_raw\26 x_6\16 -4_6\-4_6 23 270.jpg;-4;6;270
project_fotos_raw\26 x_6\16 -4_6\-4_6 24 300.jpg;-4;6;300
project_fotos_raw\26 x_6\16 -4_6\-4_6 25 330.jpg;-4;6;330
project_fotos_raw\26 x_6\17 -3_6\-3_6 14 0.jpg;-3;6;0
project_fotos_raw\26 x_6\17 -3_6\-3_6 15 30.jpg;-3;6;30
project_fotos_raw\26 x_6\17 -3_6\-3_6 16 60.jpg;-3;6;60
project_fotos_raw\26 x_6\17 -3_6\-3_6 17 90.jpg;-3;6;90
project_fotos_raw\26 x_6\17 -3_6\-3_6 18 120.jpg;-3;6;120
project_fotos_raw\26 x_6\17 -3_6\-3_6 19 150.jpg;-3;6;150
project_fotos_raw\26 x_6\17 -3_6\-3_6 20 180.jpg;-3;6;180
project_fotos_raw\26 x_6\17 -3_6\-3_6 21 210.jpg;-3;6;210
project_fotos_raw\26 x_6\17 -3_6\-3_6 22 240.jpg;-3;6;240
project_fotos_raw\26 x_6\17 -3_6\-3_6 23 270.jpg;-3;6;270
project_fotos_raw\26 x_6\17 -3_6\-3_6 24 300.jpg;-3;6;300
project_fotos_raw\26 x_6\17 -3_6\-3_6 25 330.jpg;-3;6;330
project_fotos_raw\26 x_6\18 -2_6\-2_6 14 0.jpg;-2;6;0
project_fotos_raw\26 x_6\18 -2_6\-2_6 15 30.jpg;-2;6;30
project_fotos_raw\26 x_6\18 -2_6\-2_6 16 60.jpg;-2;6;60
project_fotos_raw\26 x_6\18 -2_6\-2_6 17 90.jpg;-2;6;90
project_fotos_raw\26 x_6\18 -2_6\-2_6 18 120.jpg;-2;6;120
project_fotos_raw\26 x_6\18 -2_6\-2_6 19 150.jpg;-2;6;150
project_fotos_raw\26 x_6\18 -2_6\-2_6 20 180.jpg;-2;6;180
project_fotos_raw\26 x_6\18 -2_6\-2_6 21 210.jpg;-2;6;210
project_fotos_raw\26 x_6\18 -2_6\-2_6 22 240.jpg;-2;6;240
project_fotos_raw\26 x_6\18 -2_6\-2_6 23 270.jpg;-2;6;270
project_fotos_raw\26 x_6\18 -2_6\-2_6 24 300.jpg;-2;6;300
project_fotos_raw\26 x_6\18 -2_6\-2_6 25 330.jpg;-2;6;330
project_fotos_raw\26 x_6\19 -1_6\-1_6 14 0.jpg;-1;6;0
project_fotos_raw\26 x_6\19 -1_6\-1_6 15 30.jpg;-1;6;30
project_fotos_raw\26 x_6\19 -1_6\-1_6 16 60.jpg;-1;6;60
project_fotos_raw\26 x_6\19 -1_6\-1_6 17 90.jpg;-1;6;90
project_fotos_raw\26 x_6\19 -1_6\-1_6 18 120.jpg;-1;6;120
project_fotos_raw\26 x_6\19 -1_6\-1_6 19 150.jpg;-1;6;150
project_fotos_raw\26 x_6\19 -1_6\-1_6 20 180.jpg;-1;6;180
project_fotos_raw\26 x_6\19 -1_6\-1_6 21 210.jpg;-1;6;210
project_fotos_raw\26 x_6\19 -1_6\-1_6 22 240.jpg;-1;6;240
project_fotos_raw\26 x_6\19 -1_6\-1_6 23 270.jpg;-1;6;270
project_fotos_raw\26 x_6\19 -1_6\-1_6 24 300.jpg;-1;6;300
project_fotos_raw\26 x_6\19 -1_6\-1_6 25 330.jpg;-1;6;330
project_fotos_raw\26 x_6\20 0_6\0_6 14 0.jpg;0;6;0
project_fotos_raw\26 x_6\20 0_6\0_6 15 30.jpg;0;6;30
project_fotos_raw\26 x_6\20 0_6\0_6 16 60.jpg;0;6;60
project_fotos_raw\26 x_6\20 0_6\0_6 17 90.jpg;0;6;90
project_fotos_raw\26 x_6\20 0_6\0_6 18 120.jpg;0;6;120
project_fotos_raw\26 x_6\20 0_6\0_6 19 150.jpg;0;6;150
project_fotos_raw\26 x_6\20 0_6\0_6 20 180.jpg;0;6;180
project_fotos_raw\26 x_6\20 0_6\0_6 21 210.jpg;0;6;210
project_fotos_raw\26 x_6\20 0_6\0_6 22 240.jpg;0;6;240
project_fotos_raw\26 x_6\20 0_6\0_6 23 270.jpg;0;6;270
project_fotos_raw\26 x_6\20 0_6\0_6 24 300.jpg;0;6;300
project_fotos_raw\26 x_6\20 0_6\0_6 25 330.jpg;0;6;330
project_fotos_raw\26 x_6\21 1_6\1_6 14 0.jpg;1;6;0
project_fotos_raw\26 x_6\21 1_6\1_6 15 30.jpg;1;6;30
project_fotos_raw\26 x_6\21 1_6\1_6 16 60.jpg;1;6;60
project_fotos_raw\26 x_6\21 1_6\1_6 17 90.jpg;1;6;90
project_fotos_raw\26 x_6\21 1_6\1_6 18 120.jpg;1;6;120
project_fotos_raw\26 x_6\21 1_6\1_6 19 150.jpg;1;6;150
project_fotos_raw\26 x_6\21 1_6\1_6 20 180.jpg;1;6;180
project_fotos_raw\26 x_6\21 1_6\1_6 21 210.jpg;1;6;210
project_fotos_raw\26 x_6\21 1_6\1_6 22 240.jpg;1;6;240
project_fotos_raw\26 x_6\21 1_6\1_6 23 270.jpg;1;6;270
project_fotos_raw\26 x_6\21 1_6\1_6 24 300.jpg;1;6;300
project_fotos_raw\26 x_6\21 1_6\1_6 25 330.jpg;1;6;330
project_fotos_raw\26 x_6\22 2_6\2_6 14 0.jpg;2;6;0
project_fotos_raw\26 x_6\22 2_6\2_6 15 30.jpg;2;6;30
project_fotos_raw\26 x_6\22 2_6\2_6 16 60.jpg;2;6;60
project_fotos_raw\26 x_6\22 2_6\2_6 17 90.jpg;2;6;90
project_fotos_raw\26 x_6\22 2_6\2_6 18 120.jpg;2;6;120
project_fotos_raw\26 x_6\22 2_6\2_6 19 150.jpg;2;6;150
project_fotos_raw\26 x_6\22 2_6\2_6 20 180.jpg;2;6;180
project_fotos_raw\26 x_6\22 2_6\2_6 21 210.jpg;2;6;210
project_fotos_raw\26 x_6\22 2_6\2_6 22 240.jpg;2;6;240
project_fotos_raw\26 x_6\22 2_6\2_6 23 270.jpg;2;6;270
project_fotos_raw\26 x_6\22 2_6\2_6 24 300.jpg;2;6;300
project_fotos_raw\26 x_6\22 2_6\2_6 25 330.jpg;2;6;330
project_fotos_raw\26 x_6\23 3_6\3_6 14 0.jpg;3;6;0
project_fotos_raw\26 x_6\23 3_6\3_6 15 30.jpg;3;6;30
project_fotos_raw\26 x_6\23 3_6\3_6 16 60.jpg;3;6;60
project_fotos_raw\26 x_6\23 3_6\3_6 17 90.jpg;3;6;90
project_fotos_raw\26 x_6\23 3_6\3_6 18 120.jpg;3;6;120
project_fotos_raw\26 x_6\23 3_6\3_6 19 150.jpg;3;6;150
project_fotos_raw\26 x_6\23 3_6\3_6 20 180.jpg;3;6;180
project_fotos_raw\26 x_6\23 3_6\3_6 21 210.jpg;3;6;210
project_fotos_raw\26 x_6\23 3_6\3_6 22 240.jpg;3;6;240
project_fotos_raw\26 x_6\23 3_6\3_6 23 270.jpg;3;6;270
project_fotos_raw\26 x_6\23 3_6\3_6 24 300.jpg;3;6;300
project_fotos_raw\26 x_6\23 3_6\3_6 25 330.jpg;3;6;330
project_fotos_raw\26 x_6\24 4_6\4_6 14 0.jpg;4;6;0
project_fotos_raw\26 x_6\24 4_6\4_6 15 30.jpg;4;6;30
project_fotos_raw\26 x_6\24 4_6\4_6 16 60.jpg;4;6;60
project_fotos_raw\26 x_6\24 4_6\4_6 17 90.jpg;4;6;90
project_fotos_raw\26 x_6\24 4_6\4_6 18 120.jpg;4;6;120
project_fotos_raw\26 x_6\24 4_6\4_6 19 150.jpg;4;6;150
project_fotos_raw\26 x_6\24 4_6\4_6 20 180.jpg;4;6;180
project_fotos_raw\26 x_6\24 4_6\4_6 21 210.jpg;4;6;210
project_fotos_raw\26 x_6\24 4_6\4_6 22 240.jpg;4;6;240
project_fotos_raw\26 x_6\24 4_6\4_6 23 270.jpg;4;6;270
project_fotos_raw\26 x_6\24 4_6\4_6 24 300.jpg;4;6;300
project_fotos_raw\26 x_6\24 4_6\4_6 25 330.jpg;4;6;330
project_fotos_raw\26 x_6\25 5_6\5_6 14 0.jpg;5;6;0
project_fotos_raw\26 x_6\25 5_6\5_6 15 30.jpg;5;6;30
project_fotos_raw\26 x_6\25 5_6\5_6 16 60.jpg;5;6;60
project_fotos_raw\26 x_6\25 5_6\5_6 17 90.jpg;5;6;90
project_fotos_raw\26 x_6\25 5_6\5_6 18 120.jpg;5;6;120
project_fotos_raw\26 x_6\25 5_6\5_6 19 150.jpg;5;6;150
project_fotos_raw\26 x_6\25 5_6\5_6 20 180.jpg;5;6;180
project_fotos_raw\26 x_6\25 5_6\5_6 21 210.jpg;5;6;210
project_fotos_raw\26 x_6\25 5_6\5_6 22 240.jpg;5;6;240
project_fotos_raw\26 x_6\25 5_6\5_6 23 270.jpg;5;6;270
project_fotos_raw\26 x_6\25 5_6\5_6 24 300.jpg;5;6;300
project_fotos_raw\26 x_6\25 5_6\5_6 25 330.jpg;5;6;330
project_fotos_raw\26 x_6\26 6_6\6_6 14 0.jpg;6;6;0
project_fotos_raw\26 x_6\26 6_6\6_6 15 30.jpg;6;6;30
project_fotos_raw\26 x_6\26 6_6\6_6 16 60.jpg;6;6;60
project_fotos_raw\26 x_6\26 6_6\6_6 17 90.jpg;6;6;90
project_fotos_raw\26 x_6\26 6_6\6_6 18 120.jpg;6;6;120
project_fotos_raw\26 x_6\26 6_6\6_6 19 150.jpg;6;6;150
project_fotos_raw\26 x_6\26 6_6\6_6 20 180.jpg;6;6;180
project_fotos_raw\26 x_6\26 6_6\6_6 21 210.jpg;6;6;210
project_fotos_raw\26 x_6\26 6_6\6_6 22 240.jpg;6;6;240
project_fotos_raw\26 x_6\26 6_6\6_6 23 270.jpg;6;6;270
project_fotos_raw\26 x_6\26 6_6\6_6 24 300.jpg;6;6;300
project_fotos_raw\26 x_6\26 6_6\6_6 25 330.jpg;6;6;330
