﻿path;x;y;rotation
project_fotos_raw\11 x_-9\14 -6_-9\-6_-9 14 0.jpg;-6;-9;0
project_fotos_raw\11 x_-9\14 -6_-9\-6_-9 15 30.jpg;-6;-9;30
project_fotos_raw\11 x_-9\14 -6_-9\-6_-9 16 60.jpg;-6;-9;60
project_fotos_raw\11 x_-9\14 -6_-9\-6_-9 17 90.jpg;-6;-9;90
project_fotos_raw\11 x_-9\14 -6_-9\-6_-9 18 120.jpg;-6;-9;120
project_fotos_raw\11 x_-9\14 -6_-9\-6_-9 19 150.jpg;-6;-9;150
project_fotos_raw\11 x_-9\14 -6_-9\-6_-9 20 180.jpg;-6;-9;180
project_fotos_raw\11 x_-9\14 -6_-9\-6_-9 21 210.jpg;-6;-9;210
project_fotos_raw\11 x_-9\14 -6_-9\-6_-9 22 240.jpg;-6;-9;240
project_fotos_raw\11 x_-9\14 -6_-9\-6_-9 23 270.jpg;-6;-9;270
project_fotos_raw\11 x_-9\14 -6_-9\-6_-9 24 300.jpg;-6;-9;300
project_fotos_raw\11 x_-9\14 -6_-9\-6_-9 25 330.jpg;-6;-9;330
project_fotos_raw\11 x_-9\15 -5_-9\-5_-9 14 0.jpg;-5;-9;0
project_fotos_raw\11 x_-9\15 -5_-9\-5_-9 15 30.jpg;-5;-9;30
project_fotos_raw\11 x_-9\15 -5_-9\-5_-9 16 60.jpg;-5;-9;60
project_fotos_raw\11 x_-9\15 -5_-9\-5_-9 17 90.jpg;-5;-9;90
project_fotos_raw\11 x_-9\15 -5_-9\-5_-9 18 120.jpg;-5;-9;120
project_fotos_raw\11 x_-9\15 -5_-9\-5_-9 19 150.jpg;-5;-9;150
project_fotos_raw\11 x_-9\15 -5_-9\-5_-9 20 180.jpg;-5;-9;180
project_fotos_raw\11 x_-9\15 -5_-9\-5_-9 21 210.jpg;-5;-9;210
project_fotos_raw\11 x_-9\15 -5_-9\-5_-9 22 240.jpg;-5;-9;240
project_fotos_raw\11 x_-9\15 -5_-9\-5_-9 23 270.jpg;-5;-9;270
project_fotos_raw\11 x_-9\15 -5_-9\-5_-9 24 300.jpg;-5;-9;300
project_fotos_raw\11 x_-9\15 -5_-9\-5_-9 25 330.jpg;-5;-9;330
project_fotos_raw\11 x_-9\16 -4_-9\-4_-9 14 0.jpg;-4;-9;0
project_fotos_raw\11 x_-9\16 -4_-9\-4_-9 15 30.jpg;-4;-9;30
project_fotos_raw\11 x_-9\16 -4_-9\-4_-9 16 60.jpg;-4;-9;60
project_fotos_raw\11 x_-9\16 -4_-9\-4_-9 17 90.jpg;-4;-9;90
project_fotos_raw\11 x_-9\16 -4_-9\-4_-9 18 120.jpg;-4;-9;120
project_fotos_raw\11 x_-9\16 -4_-9\-4_-9 19 150.jpg;-4;-9;150
project_fotos_raw\11 x_-9\16 -4_-9\-4_-9 20 180.jpg;-4;-9;180
project_fotos_raw\11 x_-9\16 -4_-9\-4_-9 21 210.jpg;-4;-9;210
project_fotos_raw\11 x_-9\16 -4_-9\-4_-9 22 240.jpg;-4;-9;240
project_fotos_raw\11 x_-9\16 -4_-9\-4_-9 23 270.jpg;-4;-9;270
project_fotos_raw\11 x_-9\16 -4_-9\-4_-9 24 300.jpg;-4;-9;300
project_fotos_raw\11 x_-9\16 -4_-9\-4_-9 25 330.jpg;-4;-9;330
project_fotos_raw\11 x_-9\17 -3_-9\-3_-9 14 0.jpg;-3;-9;0
project_fotos_raw\11 x_-9\17 -3_-9\-3_-9 15 30.jpg;-3;-9;30
project_fotos_raw\11 x_-9\17 -3_-9\-3_-9 16 60.jpg;-3;-9;60
project_fotos_raw\11 x_-9\17 -3_-9\-3_-9 17 90.jpg;-3;-9;90
project_fotos_raw\11 x_-9\17 -3_-9\-3_-9 18 120.jpg;-3;-9;120
project_fotos_raw\11 x_-9\17 -3_-9\-3_-9 19 150.jpg;-3;-9;150
project_fotos_raw\11 x_-9\17 -3_-9\-3_-9 20 180.jpg;-3;-9;180
project_fotos_raw\11 x_-9\17 -3_-9\-3_-9 21 210.jpg;-3;-9;210
project_fotos_raw\11 x_-9\17 -3_-9\-3_-9 22 240.jpg;-3;-9;240
project_fotos_raw\11 x_-9\17 -3_-9\-3_-9 23 270.jpg;-3;-9;270
project_fotos_raw\11 x_-9\17 -3_-9\-3_-9 24 300.jpg;-3;-9;300
project_fotos_raw\11 x_-9\17 -3_-9\-3_-9 25 330.jpg;-3;-9;330
project_fotos_raw\11 x_-9\18 -2_-9\-2_-9 14 0.jpg;-2;-9;0
project_fotos_raw\11 x_-9\18 -2_-9\-2_-9 15 30.jpg;-2;-9;30
project_fotos_raw\11 x_-9\18 -2_-9\-2_-9 16 60.jpg;-2;-9;60
project_fotos_raw\11 x_-9\18 -2_-9\-2_-9 17 90.jpg;-2;-9;90
project_fotos_raw\11 x_-9\18 -2_-9\-2_-9 18 120.jpg;-2;-9;120
project_fotos_raw\11 x_-9\18 -2_-9\-2_-9 19 150.jpg;-2;-9;150
project_fotos_raw\11 x_-9\18 -2_-9\-2_-9 20 180.jpg;-2;-9;180
project_fotos_raw\11 x_-9\18 -2_-9\-2_-9 21 210.jpg;-2;-9;210
project_fotos_raw\11 x_-9\18 -2_-9\-2_-9 22 240.jpg;-2;-9;240
project_fotos_raw\11 x_-9\18 -2_-9\-2_-9 23 270.jpg;-2;-9;270
project_fotos_raw\11 x_-9\18 -2_-9\-2_-9 24 300.jpg;-2;-9;300
project_fotos_raw\11 x_-9\18 -2_-9\-2_-9 25 330.jpg;-2;-9;330
project_fotos_raw\11 x_-9\19,2 -0,8_-9\-0,8_-9 14 0.jpg;-0,8;-9;0
project_fotos_raw\11 x_-9\19,2 -0,8_-9\-0,8_-9 15 30.jpg;-0,8;-9;30
project_fotos_raw\11 x_-9\19,2 -0,8_-9\-0,8_-9 16 60.jpg;-0,8;-9;60
project_fotos_raw\11 x_-9\19,2 -0,8_-9\-0,8_-9 17 90.jpg;-0,8;-9;90
project_fotos_raw\11 x_-9\19,2 -0,8_-9\-0,8_-9 18 120.jpg;-0,8;-9;120
project_fotos_raw\11 x_-9\19,2 -0,8_-9\-0,8_-9 19 150.jpg;-0,8;-9;150
project_fotos_raw\11 x_-9\19,2 -0,8_-9\-0,8_-9 20 180.jpg;-0,8;-9;180
project_fotos_raw\11 x_-9\19,2 -0,8_-9\-0,8_-9 21 210.jpg;-0,8;-9;210
project_fotos_raw\11 x_-9\19,2 -0,8_-9\-0,8_-9 22 240.jpg;-0,8;-9;240
project_fotos_raw\11 x_-9\19,2 -0,8_-9\-0,8_-9 23 270.jpg;-0,8;-9;270
project_fotos_raw\11 x_-9\19,2 -0,8_-9\-0,8_-9 24 300.jpg;-0,8;-9;300
project_fotos_raw\11 x_-9\19,2 -0,8_-9\-0,8_-9 25 330.jpg;-0,8;-9;330
project_fotos_raw\11 x_-9\20 0_-9\0_-9 14 0.jpg;0;-9;0
project_fotos_raw\11 x_-9\20 0_-9\0_-9 15 30.jpg;0;-9;30
project_fotos_raw\11 x_-9\20 0_-9\0_-9 16 60.jpg;0;-9;60
project_fotos_raw\11 x_-9\20 0_-9\0_-9 17 90.jpg;0;-9;90
project_fotos_raw\11 x_-9\20 0_-9\0_-9 18 120.jpg;0;-9;120
project_fotos_raw\11 x_-9\20 0_-9\0_-9 19 150.jpg;0;-9;150
project_fotos_raw\11 x_-9\20 0_-9\0_-9 20 180.jpg;0;-9;180
project_fotos_raw\11 x_-9\20 0_-9\0_-9 21 210.jpg;0;-9;210
project_fotos_raw\11 x_-9\20 0_-9\0_-9 22 240.jpg;0;-9;240
project_fotos_raw\11 x_-9\20 0_-9\0_-9 23 270.jpg;0;-9;270
project_fotos_raw\11 x_-9\20 0_-9\0_-9 24 300.jpg;0;-9;300
project_fotos_raw\11 x_-9\20 0_-9\0_-9 25 330.jpg;0;-9;330
project_fotos_raw\11 x_-9\20,8 0,8_-9\0,8_-9 14 0.jpg;0,8;-9;0
project_fotos_raw\11 x_-9\20,8 0,8_-9\0,8_-9 15 30.jpg;0,8;-9;30
project_fotos_raw\11 x_-9\20,8 0,8_-9\0,8_-9 16 60.jpg;0,8;-9;60
project_fotos_raw\11 x_-9\20,8 0,8_-9\0,8_-9 17 90.jpg;0,8;-9;90
project_fotos_raw\11 x_-9\20,8 0,8_-9\0,8_-9 18 120.jpg;0,8;-9;120
project_fotos_raw\11 x_-9\20,8 0,8_-9\0,8_-9 19 150.jpg;0,8;-9;150
project_fotos_raw\11 x_-9\20,8 0,8_-9\0,8_-9 20 180.jpg;0,8;-9;180
project_fotos_raw\11 x_-9\20,8 0,8_-9\0,8_-9 21 210.jpg;0,8;-9;210
project_fotos_raw\11 x_-9\20,8 0,8_-9\0,8_-9 22 240.jpg;0,8;-9;240
project_fotos_raw\11 x_-9\20,8 0,8_-9\0,8_-9 23 270.jpg;0,8;-9;270
project_fotos_raw\11 x_-9\20,8 0,8_-9\0,8_-9 24 300.jpg;0,8;-9;300
project_fotos_raw\11 x_-9\20,8 0,8_-9\0,8_-9 25 330.jpg;0,8;-9;330
project_fotos_raw\11 x_-9\22 2_-9\2_-9 14 0.jpg;2;-9;0
project_fotos_raw\11 x_-9\22 2_-9\2_-9 15 30.jpg;2;-9;30
project_fotos_raw\11 x_-9\22 2_-9\2_-9 16 60.jpg;2;-9;60
project_fotos_raw\11 x_-9\22 2_-9\2_-9 17 90.jpg;2;-9;90
project_fotos_raw\11 x_-9\22 2_-9\2_-9 18 120.jpg;2;-9;120
project_fotos_raw\11 x_-9\22 2_-9\2_-9 19 150.jpg;2;-9;150
project_fotos_raw\11 x_-9\22 2_-9\2_-9 20 180.jpg;2;-9;180
project_fotos_raw\11 x_-9\22 2_-9\2_-9 21 210.jpg;2;-9;210
project_fotos_raw\11 x_-9\22 2_-9\2_-9 22 240.jpg;2;-9;240
project_fotos_raw\11 x_-9\22 2_-9\2_-9 23 270.jpg;2;-9;270
project_fotos_raw\11 x_-9\22 2_-9\2_-9 24 300.jpg;2;-9;300
project_fotos_raw\11 x_-9\22 2_-9\2_-9 25 330.jpg;2;-9;330
project_fotos_raw\11 x_-9\23 3_-9\3_-9 14 0.jpg;3;-9;0
project_fotos_raw\11 x_-9\23 3_-9\3_-9 15 30.jpg;3;-9;30
project_fotos_raw\11 x_-9\23 3_-9\3_-9 16 60.jpg;3;-9;60
project_fotos_raw\11 x_-9\23 3_-9\3_-9 17 90.jpg;3;-9;90
project_fotos_raw\11 x_-9\23 3_-9\3_-9 18 120.jpg;3;-9;120
project_fotos_raw\11 x_-9\23 3_-9\3_-9 19 150.jpg;3;-9;150
project_fotos_raw\11 x_-9\23 3_-9\3_-9 20 180.jpg;3;-9;180
project_fotos_raw\11 x_-9\23 3_-9\3_-9 21 210.jpg;3;-9;210
project_fotos_raw\11 x_-9\23 3_-9\3_-9 22 240.jpg;3;-9;240
project_fotos_raw\11 x_-9\23 3_-9\3_-9 23 270.jpg;3;-9;270
project_fotos_raw\11 x_-9\23 3_-9\3_-9 24 300.jpg;3;-9;300
project_fotos_raw\11 x_-9\23 3_-9\3_-9 25 330.jpg;3;-9;330
project_fotos_raw\11 x_-9\24 4_-9\4_-9 14 0.jpg;4;-9;0
project_fotos_raw\11 x_-9\24 4_-9\4_-9 15 30.jpg;4;-9;30
project_fotos_raw\11 x_-9\24 4_-9\4_-9 16 60.jpg;4;-9;60
project_fotos_raw\11 x_-9\24 4_-9\4_-9 17 90.jpg;4;-9;90
project_fotos_raw\11 x_-9\24 4_-9\4_-9 18 120.jpg;4;-9;120
project_fotos_raw\11 x_-9\24 4_-9\4_-9 19 150.jpg;4;-9;150
project_fotos_raw\11 x_-9\24 4_-9\4_-9 20 180.jpg;4;-9;180
project_fotos_raw\11 x_-9\24 4_-9\4_-9 21 210.jpg;4;-9;210
project_fotos_raw\11 x_-9\24 4_-9\4_-9 22 240.jpg;4;-9;240
project_fotos_raw\11 x_-9\24 4_-9\4_-9 23 270.jpg;4;-9;270
project_fotos_raw\11 x_-9\24 4_-9\4_-9 24 300.jpg;4;-9;300
project_fotos_raw\11 x_-9\24 4_-9\4_-9 25 330.jpg;4;-9;330
project_fotos_raw\11 x_-9\25 5_-9\5_-9 14 0.jpg;5;-9;0
project_fotos_raw\11 x_-9\25 5_-9\5_-9 15 30.jpg;5;-9;30
project_fotos_raw\11 x_-9\25 5_-9\5_-9 16 60.jpg;5;-9;60
project_fotos_raw\11 x_-9\25 5_-9\5_-9 17 90.jpg;5;-9;90
project_fotos_raw\11 x_-9\25 5_-9\5_-9 18 120.jpg;5;-9;120
project_fotos_raw\11 x_-9\25 5_-9\5_-9 19 150.jpg;5;-9;150
project_fotos_raw\11 x_-9\25 5_-9\5_-9 20 180.jpg;5;-9;180
project_fotos_raw\11 x_-9\25 5_-9\5_-9 21 210.jpg;5;-9;210
project_fotos_raw\11 x_-9\25 5_-9\5_-9 22 240.jpg;5;-9;240
project_fotos_raw\11 x_-9\25 5_-9\5_-9 23 270.jpg;5;-9;270
project_fotos_raw\11 x_-9\25 5_-9\5_-9 24 300.jpg;5;-9;300
project_fotos_raw\11 x_-9\25 5_-9\5_-9 25 330.jpg;5;-9;330
project_fotos_raw\11 x_-9\26 6_-9\6_-9 14 0.jpg;6;-9;0
project_fotos_raw\11 x_-9\26 6_-9\6_-9 15 30.jpg;6;-9;30
project_fotos_raw\11 x_-9\26 6_-9\6_-9 16 60.jpg;6;-9;60
project_fotos_raw\11 x_-9\26 6_-9\6_-9 17 90.jpg;6;-9;90
project_fotos_raw\11 x_-9\26 6_-9\6_-9 18 120.jpg;6;-9;120
project_fotos_raw\11 x_-9\26 6_-9\6_-9 19 150.jpg;6;-9;150
project_fotos_raw\11 x_-9\26 6_-9\6_-9 20 180.jpg;6;-9;180
project_fotos_raw\11 x_-9\26 6_-9\6_-9 21 210.jpg;6;-9;210
project_fotos_raw\11 x_-9\26 6_-9\6_-9 22 240.jpg;6;-9;240
project_fotos_raw\11 x_-9\26 6_-9\6_-9 23 270.jpg;6;-9;270
project_fotos_raw\11 x_-9\26 6_-9\6_-9 24 300.jpg;6;-9;300
project_fotos_raw\11 x_-9\26 6_-9\6_-9 25 330.jpg;6;-9;330
