﻿path;x;y;rotation
project_fotos_raw\11 x_-9\14 -9_-6\-9_-6 14 0.jpg;-9;-6;0
project_fotos_raw\11 x_-9\14 -9_-6\-9_-6 15 30.jpg;-9;-6;30
project_fotos_raw\11 x_-9\14 -9_-6\-9_-6 16 60.jpg;-9;-6;60
project_fotos_raw\11 x_-9\14 -9_-6\-9_-6 17 90.jpg;-9;-6;90
project_fotos_raw\11 x_-9\14 -9_-6\-9_-6 18 120.jpg;-9;-6;120
project_fotos_raw\11 x_-9\14 -9_-6\-9_-6 19 150.jpg;-9;-6;150
project_fotos_raw\11 x_-9\14 -9_-6\-9_-6 20 180.jpg;-9;-6;180
project_fotos_raw\11 x_-9\14 -9_-6\-9_-6 21 210.jpg;-9;-6;210
project_fotos_raw\11 x_-9\14 -9_-6\-9_-6 22 240.jpg;-9;-6;240
project_fotos_raw\11 x_-9\14 -9_-6\-9_-6 23 270.jpg;-9;-6;270
project_fotos_raw\11 x_-9\14 -9_-6\-9_-6 24 300.jpg;-9;-6;300
project_fotos_raw\11 x_-9\14 -9_-6\-9_-6 25 330.jpg;-9;-6;330
project_fotos_raw\11 x_-9\15 -9_-5\-9_-5 14 0.jpg;-9;-5;0
project_fotos_raw\11 x_-9\15 -9_-5\-9_-5 15 30.jpg;-9;-5;30
project_fotos_raw\11 x_-9\15 -9_-5\-9_-5 16 60.jpg;-9;-5;60
project_fotos_raw\11 x_-9\15 -9_-5\-9_-5 17 90.jpg;-9;-5;90
project_fotos_raw\11 x_-9\15 -9_-5\-9_-5 18 120.jpg;-9;-5;120
project_fotos_raw\11 x_-9\15 -9_-5\-9_-5 19 150.jpg;-9;-5;150
project_fotos_raw\11 x_-9\15 -9_-5\-9_-5 20 180.jpg;-9;-5;180
project_fotos_raw\11 x_-9\15 -9_-5\-9_-5 21 210.jpg;-9;-5;210
project_fotos_raw\11 x_-9\15 -9_-5\-9_-5 22 240.jpg;-9;-5;240
project_fotos_raw\11 x_-9\15 -9_-5\-9_-5 23 270.jpg;-9;-5;270
project_fotos_raw\11 x_-9\15 -9_-5\-9_-5 24 300.jpg;-9;-5;300
project_fotos_raw\11 x_-9\15 -9_-5\-9_-5 25 330.jpg;-9;-5;330
project_fotos_raw\11 x_-9\16 -9_-4\-9_-4 14 0.jpg;-9;-4;0
project_fotos_raw\11 x_-9\16 -9_-4\-9_-4 15 30.jpg;-9;-4;30
project_fotos_raw\11 x_-9\16 -9_-4\-9_-4 16 60.jpg;-9;-4;60
project_fotos_raw\11 x_-9\16 -9_-4\-9_-4 17 90.jpg;-9;-4;90
project_fotos_raw\11 x_-9\16 -9_-4\-9_-4 18 120.jpg;-9;-4;120
project_fotos_raw\11 x_-9\16 -9_-4\-9_-4 19 150.jpg;-9;-4;150
project_fotos_raw\11 x_-9\16 -9_-4\-9_-4 20 180.jpg;-9;-4;180
project_fotos_raw\11 x_-9\16 -9_-4\-9_-4 21 210.jpg;-9;-4;210
project_fotos_raw\11 x_-9\16 -9_-4\-9_-4 22 240.jpg;-9;-4;240
project_fotos_raw\11 x_-9\16 -9_-4\-9_-4 23 270.jpg;-9;-4;270
project_fotos_raw\11 x_-9\16 -9_-4\-9_-4 24 300.jpg;-9;-4;300
project_fotos_raw\11 x_-9\16 -9_-4\-9_-4 25 330.jpg;-9;-4;330
project_fotos_raw\11 x_-9\17 -9_-3\-9_-3 14 0.jpg;-9;-3;0
project_fotos_raw\11 x_-9\17 -9_-3\-9_-3 15 30.jpg;-9;-3;30
project_fotos_raw\11 x_-9\17 -9_-3\-9_-3 16 60.jpg;-9;-3;60
project_fotos_raw\11 x_-9\17 -9_-3\-9_-3 17 90.jpg;-9;-3;90
project_fotos_raw\11 x_-9\17 -9_-3\-9_-3 18 120.jpg;-9;-3;120
project_fotos_raw\11 x_-9\17 -9_-3\-9_-3 19 150.jpg;-9;-3;150
project_fotos_raw\11 x_-9\17 -9_-3\-9_-3 20 180.jpg;-9;-3;180
project_fotos_raw\11 x_-9\17 -9_-3\-9_-3 21 210.jpg;-9;-3;210
project_fotos_raw\11 x_-9\17 -9_-3\-9_-3 22 240.jpg;-9;-3;240
project_fotos_raw\11 x_-9\17 -9_-3\-9_-3 23 270.jpg;-9;-3;270
project_fotos_raw\11 x_-9\17 -9_-3\-9_-3 24 300.jpg;-9;-3;300
project_fotos_raw\11 x_-9\17 -9_-3\-9_-3 25 330.jpg;-9;-3;330
project_fotos_raw\11 x_-9\18 -9_-2\-9_-2 14 0.jpg;-9;-2;0
project_fotos_raw\11 x_-9\18 -9_-2\-9_-2 15 30.jpg;-9;-2;30
project_fotos_raw\11 x_-9\18 -9_-2\-9_-2 16 60.jpg;-9;-2;60
project_fotos_raw\11 x_-9\18 -9_-2\-9_-2 17 90.jpg;-9;-2;90
project_fotos_raw\11 x_-9\18 -9_-2\-9_-2 18 120.jpg;-9;-2;120
project_fotos_raw\11 x_-9\18 -9_-2\-9_-2 19 150.jpg;-9;-2;150
project_fotos_raw\11 x_-9\18 -9_-2\-9_-2 20 180.jpg;-9;-2;180
project_fotos_raw\11 x_-9\18 -9_-2\-9_-2 21 210.jpg;-9;-2;210
project_fotos_raw\11 x_-9\18 -9_-2\-9_-2 22 240.jpg;-9;-2;240
project_fotos_raw\11 x_-9\18 -9_-2\-9_-2 23 270.jpg;-9;-2;270
project_fotos_raw\11 x_-9\18 -9_-2\-9_-2 24 300.jpg;-9;-2;300
project_fotos_raw\11 x_-9\18 -9_-2\-9_-2 25 330.jpg;-9;-2;330
project_fotos_raw\11 x_-9\19,2 -9_-0,8\-9_-0,8 14 0.jpg;-9;-0,8;0
project_fotos_raw\11 x_-9\19,2 -9_-0,8\-9_-0,8 15 30.jpg;-9;-0,8;30
project_fotos_raw\11 x_-9\19,2 -9_-0,8\-9_-0,8 16 60.jpg;-9;-0,8;60
project_fotos_raw\11 x_-9\19,2 -9_-0,8\-9_-0,8 17 90.jpg;-9;-0,8;90
project_fotos_raw\11 x_-9\19,2 -9_-0,8\-9_-0,8 18 120.jpg;-9;-0,8;120
project_fotos_raw\11 x_-9\19,2 -9_-0,8\-9_-0,8 19 150.jpg;-9;-0,8;150
project_fotos_raw\11 x_-9\19,2 -9_-0,8\-9_-0,8 20 180.jpg;-9;-0,8;180
project_fotos_raw\11 x_-9\19,2 -9_-0,8\-9_-0,8 21 210.jpg;-9;-0,8;210
project_fotos_raw\11 x_-9\19,2 -9_-0,8\-9_-0,8 22 240.jpg;-9;-0,8;240
project_fotos_raw\11 x_-9\19,2 -9_-0,8\-9_-0,8 23 270.jpg;-9;-0,8;270
project_fotos_raw\11 x_-9\19,2 -9_-0,8\-9_-0,8 24 300.jpg;-9;-0,8;300
project_fotos_raw\11 x_-9\19,2 -9_-0,8\-9_-0,8 25 330.jpg;-9;-0,8;330
project_fotos_raw\11 x_-9\20 -9_0\-9_0 14 0.jpg;-9;0;0
project_fotos_raw\11 x_-9\20 -9_0\-9_0 15 30.jpg;-9;0;30
project_fotos_raw\11 x_-9\20 -9_0\-9_0 16 60.jpg;-9;0;60
project_fotos_raw\11 x_-9\20 -9_0\-9_0 17 90.jpg;-9;0;90
project_fotos_raw\11 x_-9\20 -9_0\-9_0 18 120.jpg;-9;0;120
project_fotos_raw\11 x_-9\20 -9_0\-9_0 19 150.jpg;-9;0;150
project_fotos_raw\11 x_-9\20 -9_0\-9_0 20 180.jpg;-9;0;180
project_fotos_raw\11 x_-9\20 -9_0\-9_0 21 210.jpg;-9;0;210
project_fotos_raw\11 x_-9\20 -9_0\-9_0 22 240.jpg;-9;0;240
project_fotos_raw\11 x_-9\20 -9_0\-9_0 23 270.jpg;-9;0;270
project_fotos_raw\11 x_-9\20 -9_0\-9_0 24 300.jpg;-9;0;300
project_fotos_raw\11 x_-9\20 -9_0\-9_0 25 330.jpg;-9;0;330
project_fotos_raw\11 x_-9\20,8 -9_0,8\-9_0,8 14 0.jpg;-9;0,8;0
project_fotos_raw\11 x_-9\20,8 -9_0,8\-9_0,8 15 30.jpg;-9;0,8;30
project_fotos_raw\11 x_-9\20,8 -9_0,8\-9_0,8 16 60.jpg;-9;0,8;60
project_fotos_raw\11 x_-9\20,8 -9_0,8\-9_0,8 17 90.jpg;-9;0,8;90
project_fotos_raw\11 x_-9\20,8 -9_0,8\-9_0,8 18 120.jpg;-9;0,8;120
project_fotos_raw\11 x_-9\20,8 -9_0,8\-9_0,8 19 150.jpg;-9;0,8;150
project_fotos_raw\11 x_-9\20,8 -9_0,8\-9_0,8 20 180.jpg;-9;0,8;180
project_fotos_raw\11 x_-9\20,8 -9_0,8\-9_0,8 21 210.jpg;-9;0,8;210
project_fotos_raw\11 x_-9\20,8 -9_0,8\-9_0,8 22 240.jpg;-9;0,8;240
project_fotos_raw\11 x_-9\20,8 -9_0,8\-9_0,8 23 270.jpg;-9;0,8;270
project_fotos_raw\11 x_-9\20,8 -9_0,8\-9_0,8 24 300.jpg;-9;0,8;300
project_fotos_raw\11 x_-9\20,8 -9_0,8\-9_0,8 25 330.jpg;-9;0,8;330
project_fotos_raw\11 x_-9\22 -9_2\-9_2 14 0.jpg;-9;2;0
project_fotos_raw\11 x_-9\22 -9_2\-9_2 15 30.jpg;-9;2;30
project_fotos_raw\11 x_-9\22 -9_2\-9_2 16 60.jpg;-9;2;60
project_fotos_raw\11 x_-9\22 -9_2\-9_2 17 90.jpg;-9;2;90
project_fotos_raw\11 x_-9\22 -9_2\-9_2 18 120.jpg;-9;2;120
project_fotos_raw\11 x_-9\22 -9_2\-9_2 19 150.jpg;-9;2;150
project_fotos_raw\11 x_-9\22 -9_2\-9_2 20 180.jpg;-9;2;180
project_fotos_raw\11 x_-9\22 -9_2\-9_2 21 210.jpg;-9;2;210
project_fotos_raw\11 x_-9\22 -9_2\-9_2 22 240.jpg;-9;2;240
project_fotos_raw\11 x_-9\22 -9_2\-9_2 23 270.jpg;-9;2;270
project_fotos_raw\11 x_-9\22 -9_2\-9_2 24 300.jpg;-9;2;300
project_fotos_raw\11 x_-9\22 -9_2\-9_2 25 330.jpg;-9;2;330
project_fotos_raw\11 x_-9\23 -9_3\-9_3 14 0.jpg;-9;3;0
project_fotos_raw\11 x_-9\23 -9_3\-9_3 15 30.jpg;-9;3;30
project_fotos_raw\11 x_-9\23 -9_3\-9_3 16 60.jpg;-9;3;60
project_fotos_raw\11 x_-9\23 -9_3\-9_3 17 90.jpg;-9;3;90
project_fotos_raw\11 x_-9\23 -9_3\-9_3 18 120.jpg;-9;3;120
project_fotos_raw\11 x_-9\23 -9_3\-9_3 19 150.jpg;-9;3;150
project_fotos_raw\11 x_-9\23 -9_3\-9_3 20 180.jpg;-9;3;180
project_fotos_raw\11 x_-9\23 -9_3\-9_3 21 210.jpg;-9;3;210
project_fotos_raw\11 x_-9\23 -9_3\-9_3 22 240.jpg;-9;3;240
project_fotos_raw\11 x_-9\23 -9_3\-9_3 23 270.jpg;-9;3;270
project_fotos_raw\11 x_-9\23 -9_3\-9_3 24 300.jpg;-9;3;300
project_fotos_raw\11 x_-9\23 -9_3\-9_3 25 330.jpg;-9;3;330
project_fotos_raw\11 x_-9\24 -9_4\-9_4 14 0.jpg;-9;4;0
project_fotos_raw\11 x_-9\24 -9_4\-9_4 15 30.jpg;-9;4;30
project_fotos_raw\11 x_-9\24 -9_4\-9_4 16 60.jpg;-9;4;60
project_fotos_raw\11 x_-9\24 -9_4\-9_4 17 90.jpg;-9;4;90
project_fotos_raw\11 x_-9\24 -9_4\-9_4 18 120.jpg;-9;4;120
project_fotos_raw\11 x_-9\24 -9_4\-9_4 19 150.jpg;-9;4;150
project_fotos_raw\11 x_-9\24 -9_4\-9_4 20 180.jpg;-9;4;180
project_fotos_raw\11 x_-9\24 -9_4\-9_4 21 210.jpg;-9;4;210
project_fotos_raw\11 x_-9\24 -9_4\-9_4 22 240.jpg;-9;4;240
project_fotos_raw\11 x_-9\24 -9_4\-9_4 23 270.jpg;-9;4;270
project_fotos_raw\11 x_-9\24 -9_4\-9_4 24 300.jpg;-9;4;300
project_fotos_raw\11 x_-9\24 -9_4\-9_4 25 330.jpg;-9;4;330
project_fotos_raw\11 x_-9\25 -9_5\-9_5 14 0.jpg;-9;5;0
project_fotos_raw\11 x_-9\25 -9_5\-9_5 15 30.jpg;-9;5;30
project_fotos_raw\11 x_-9\25 -9_5\-9_5 16 60.jpg;-9;5;60
project_fotos_raw\11 x_-9\25 -9_5\-9_5 17 90.jpg;-9;5;90
project_fotos_raw\11 x_-9\25 -9_5\-9_5 18 120.jpg;-9;5;120
project_fotos_raw\11 x_-9\25 -9_5\-9_5 19 150.jpg;-9;5;150
project_fotos_raw\11 x_-9\25 -9_5\-9_5 20 180.jpg;-9;5;180
project_fotos_raw\11 x_-9\25 -9_5\-9_5 21 210.jpg;-9;5;210
project_fotos_raw\11 x_-9\25 -9_5\-9_5 22 240.jpg;-9;5;240
project_fotos_raw\11 x_-9\25 -9_5\-9_5 23 270.jpg;-9;5;270
project_fotos_raw\11 x_-9\25 -9_5\-9_5 24 300.jpg;-9;5;300
project_fotos_raw\11 x_-9\25 -9_5\-9_5 25 330.jpg;-9;5;330
project_fotos_raw\11 x_-9\26 -9_6\-9_6 14 0.jpg;-9;6;0
project_fotos_raw\11 x_-9\26 -9_6\-9_6 15 30.jpg;-9;6;30
project_fotos_raw\11 x_-9\26 -9_6\-9_6 16 60.jpg;-9;6;60
project_fotos_raw\11 x_-9\26 -9_6\-9_6 17 90.jpg;-9;6;90
project_fotos_raw\11 x_-9\26 -9_6\-9_6 18 120.jpg;-9;6;120
project_fotos_raw\11 x_-9\26 -9_6\-9_6 19 150.jpg;-9;6;150
project_fotos_raw\11 x_-9\26 -9_6\-9_6 20 180.jpg;-9;6;180
project_fotos_raw\11 x_-9\26 -9_6\-9_6 21 210.jpg;-9;6;210
project_fotos_raw\11 x_-9\26 -9_6\-9_6 22 240.jpg;-9;6;240
project_fotos_raw\11 x_-9\26 -9_6\-9_6 23 270.jpg;-9;6;270
project_fotos_raw\11 x_-9\26 -9_6\-9_6 24 300.jpg;-9;6;300
project_fotos_raw\11 x_-9\26 -9_6\-9_6 25 330.jpg;-9;6;330
