﻿path;x;y;rotation
project_fotos_raw\16 x_-4\14 -6_-4\-6_-4 14 0.jpg;-6;-4;0
project_fotos_raw\16 x_-4\14 -6_-4\-6_-4 15 30.jpg;-6;-4;30
project_fotos_raw\16 x_-4\14 -6_-4\-6_-4 16 60.jpg;-6;-4;60
project_fotos_raw\16 x_-4\14 -6_-4\-6_-4 17 90.jpg;-6;-4;90
project_fotos_raw\16 x_-4\14 -6_-4\-6_-4 18 120.jpg;-6;-4;120
project_fotos_raw\16 x_-4\14 -6_-4\-6_-4 19 150.jpg;-6;-4;150
project_fotos_raw\16 x_-4\14 -6_-4\-6_-4 20 180.jpg;-6;-4;180
project_fotos_raw\16 x_-4\14 -6_-4\-6_-4 21 210.jpg;-6;-4;210
project_fotos_raw\16 x_-4\14 -6_-4\-6_-4 22 240.jpg;-6;-4;240
project_fotos_raw\16 x_-4\14 -6_-4\-6_-4 23 270.jpg;-6;-4;270
project_fotos_raw\16 x_-4\14 -6_-4\-6_-4 24 300.jpg;-6;-4;300
project_fotos_raw\16 x_-4\14 -6_-4\-6_-4 25 330.jpg;-6;-4;330
project_fotos_raw\16 x_-4\15 -5_-4\-5_-4 14 0.jpg;-5;-4;0
project_fotos_raw\16 x_-4\15 -5_-4\-5_-4 15 30.jpg;-5;-4;30
project_fotos_raw\16 x_-4\15 -5_-4\-5_-4 16 60.jpg;-5;-4;60
project_fotos_raw\16 x_-4\15 -5_-4\-5_-4 17 90.jpg;-5;-4;90
project_fotos_raw\16 x_-4\15 -5_-4\-5_-4 18 120.jpg;-5;-4;120
project_fotos_raw\16 x_-4\15 -5_-4\-5_-4 19 150.jpg;-5;-4;150
project_fotos_raw\16 x_-4\15 -5_-4\-5_-4 20 180.jpg;-5;-4;180
project_fotos_raw\16 x_-4\15 -5_-4\-5_-4 21 210.jpg;-5;-4;210
project_fotos_raw\16 x_-4\15 -5_-4\-5_-4 22 240.jpg;-5;-4;240
project_fotos_raw\16 x_-4\15 -5_-4\-5_-4 23 270.jpg;-5;-4;270
project_fotos_raw\16 x_-4\15 -5_-4\-5_-4 24 300.jpg;-5;-4;300
project_fotos_raw\16 x_-4\15 -5_-4\-5_-4 25 330.jpg;-5;-4;330
project_fotos_raw\16 x_-4\16 -4_-4\-4_-4 14 0.jpg;-4;-4;0
project_fotos_raw\16 x_-4\16 -4_-4\-4_-4 15 30.jpg;-4;-4;30
project_fotos_raw\16 x_-4\16 -4_-4\-4_-4 16 60.jpg;-4;-4;60
project_fotos_raw\16 x_-4\16 -4_-4\-4_-4 17 90.jpg;-4;-4;90
project_fotos_raw\16 x_-4\16 -4_-4\-4_-4 18 120.jpg;-4;-4;120
project_fotos_raw\16 x_-4\16 -4_-4\-4_-4 19 150.jpg;-4;-4;150
project_fotos_raw\16 x_-4\16 -4_-4\-4_-4 20 180.jpg;-4;-4;180
project_fotos_raw\16 x_-4\16 -4_-4\-4_-4 21 210.jpg;-4;-4;210
project_fotos_raw\16 x_-4\16 -4_-4\-4_-4 22 240.jpg;-4;-4;240
project_fotos_raw\16 x_-4\16 -4_-4\-4_-4 23 270.jpg;-4;-4;270
project_fotos_raw\16 x_-4\16 -4_-4\-4_-4 24 300.jpg;-4;-4;300
project_fotos_raw\16 x_-4\16 -4_-4\-4_-4 25 330.jpg;-4;-4;330
project_fotos_raw\16 x_-4\17 -3_-4\-3_-4 14 0.jpg;-3;-4;0
project_fotos_raw\16 x_-4\17 -3_-4\-3_-4 15 30.jpg;-3;-4;30
project_fotos_raw\16 x_-4\17 -3_-4\-3_-4 16 60.jpg;-3;-4;60
project_fotos_raw\16 x_-4\17 -3_-4\-3_-4 17 90.jpg;-3;-4;90
project_fotos_raw\16 x_-4\17 -3_-4\-3_-4 18 120.jpg;-3;-4;120
project_fotos_raw\16 x_-4\17 -3_-4\-3_-4 19 150.jpg;-3;-4;150
project_fotos_raw\16 x_-4\17 -3_-4\-3_-4 20 180.jpg;-3;-4;180
project_fotos_raw\16 x_-4\17 -3_-4\-3_-4 21 210.jpg;-3;-4;210
project_fotos_raw\16 x_-4\17 -3_-4\-3_-4 22 240.jpg;-3;-4;240
project_fotos_raw\16 x_-4\17 -3_-4\-3_-4 23 270.jpg;-3;-4;270
project_fotos_raw\16 x_-4\17 -3_-4\-3_-4 24 300.jpg;-3;-4;300
project_fotos_raw\16 x_-4\17 -3_-4\-3_-4 25 330.jpg;-3;-4;330
project_fotos_raw\16 x_-4\18 -2_-4\-2_-4 14 0.jpg;-2;-4;0
project_fotos_raw\16 x_-4\18 -2_-4\-2_-4 15 30.jpg;-2;-4;30
project_fotos_raw\16 x_-4\18 -2_-4\-2_-4 16 60.jpg;-2;-4;60
project_fotos_raw\16 x_-4\18 -2_-4\-2_-4 17 90.jpg;-2;-4;90
project_fotos_raw\16 x_-4\18 -2_-4\-2_-4 18 120.jpg;-2;-4;120
project_fotos_raw\16 x_-4\18 -2_-4\-2_-4 19 150.jpg;-2;-4;150
project_fotos_raw\16 x_-4\18 -2_-4\-2_-4 20 180.jpg;-2;-4;180
project_fotos_raw\16 x_-4\18 -2_-4\-2_-4 21 210.jpg;-2;-4;210
project_fotos_raw\16 x_-4\18 -2_-4\-2_-4 22 240.jpg;-2;-4;240
project_fotos_raw\16 x_-4\18 -2_-4\-2_-4 23 270.jpg;-2;-4;270
project_fotos_raw\16 x_-4\18 -2_-4\-2_-4 24 300.jpg;-2;-4;300
project_fotos_raw\16 x_-4\18 -2_-4\-2_-4 25 330.jpg;-2;-4;330
project_fotos_raw\16 x_-4\19 -1_-4\-1_-4 14 0.jpg;-1;-4;0
project_fotos_raw\16 x_-4\19 -1_-4\-1_-4 15 30.jpg;-1;-4;30
project_fotos_raw\16 x_-4\19 -1_-4\-1_-4 16 60.jpg;-1;-4;60
project_fotos_raw\16 x_-4\19 -1_-4\-1_-4 17 90.jpg;-1;-4;90
project_fotos_raw\16 x_-4\19 -1_-4\-1_-4 18 120.jpg;-1;-4;120
project_fotos_raw\16 x_-4\19 -1_-4\-1_-4 19 150.jpg;-1;-4;150
project_fotos_raw\16 x_-4\19 -1_-4\-1_-4 20 180.jpg;-1;-4;180
project_fotos_raw\16 x_-4\19 -1_-4\-1_-4 21 210.jpg;-1;-4;210
project_fotos_raw\16 x_-4\19 -1_-4\-1_-4 22 240.jpg;-1;-4;240
project_fotos_raw\16 x_-4\19 -1_-4\-1_-4 23 270.jpg;-1;-4;270
project_fotos_raw\16 x_-4\19 -1_-4\-1_-4 24 300.jpg;-1;-4;300
project_fotos_raw\16 x_-4\19 -1_-4\-1_-4 25 330.jpg;-1;-4;330
project_fotos_raw\16 x_-4\20 0_-4\0_-4 14 0.jpg;0;-4;0
project_fotos_raw\16 x_-4\20 0_-4\0_-4 15 30.jpg;0;-4;30
project_fotos_raw\16 x_-4\20 0_-4\0_-4 16 60.jpg;0;-4;60
project_fotos_raw\16 x_-4\20 0_-4\0_-4 17 90.jpg;0;-4;90
project_fotos_raw\16 x_-4\20 0_-4\0_-4 18 120.jpg;0;-4;120
project_fotos_raw\16 x_-4\20 0_-4\0_-4 19 150.jpg;0;-4;150
project_fotos_raw\16 x_-4\20 0_-4\0_-4 20 180.jpg;0;-4;180
project_fotos_raw\16 x_-4\20 0_-4\0_-4 21 210.jpg;0;-4;210
project_fotos_raw\16 x_-4\20 0_-4\0_-4 22 240.jpg;0;-4;240
project_fotos_raw\16 x_-4\20 0_-4\0_-4 23 270.jpg;0;-4;270
project_fotos_raw\16 x_-4\20 0_-4\0_-4 24 300.jpg;0;-4;300
project_fotos_raw\16 x_-4\20 0_-4\0_-4 25 330.jpg;0;-4;330
project_fotos_raw\16 x_-4\21 1_-4\1_-4 14 0.jpg;1;-4;0
project_fotos_raw\16 x_-4\21 1_-4\1_-4 15 30.jpg;1;-4;30
project_fotos_raw\16 x_-4\21 1_-4\1_-4 16 60.jpg;1;-4;60
project_fotos_raw\16 x_-4\21 1_-4\1_-4 17 90.jpg;1;-4;90
project_fotos_raw\16 x_-4\21 1_-4\1_-4 18 120.jpg;1;-4;120
project_fotos_raw\16 x_-4\21 1_-4\1_-4 19 150.jpg;1;-4;150
project_fotos_raw\16 x_-4\21 1_-4\1_-4 20 180.jpg;1;-4;180
project_fotos_raw\16 x_-4\21 1_-4\1_-4 21 210.jpg;1;-4;210
project_fotos_raw\16 x_-4\21 1_-4\1_-4 22 240.jpg;1;-4;240
project_fotos_raw\16 x_-4\21 1_-4\1_-4 23 270.jpg;1;-4;270
project_fotos_raw\16 x_-4\21 1_-4\1_-4 24 300.jpg;1;-4;300
project_fotos_raw\16 x_-4\21 1_-4\1_-4 25 330.jpg;1;-4;330
project_fotos_raw\16 x_-4\22 2_-4\2_-4 14 0.jpg;2;-4;0
project_fotos_raw\16 x_-4\22 2_-4\2_-4 15 30.jpg;2;-4;30
project_fotos_raw\16 x_-4\22 2_-4\2_-4 16 60.jpg;2;-4;60
project_fotos_raw\16 x_-4\22 2_-4\2_-4 17 90.jpg;2;-4;90
project_fotos_raw\16 x_-4\22 2_-4\2_-4 18 120.jpg;2;-4;120
project_fotos_raw\16 x_-4\22 2_-4\2_-4 19 150.jpg;2;-4;150
project_fotos_raw\16 x_-4\22 2_-4\2_-4 20 180.jpg;2;-4;180
project_fotos_raw\16 x_-4\22 2_-4\2_-4 21 210.jpg;2;-4;210
project_fotos_raw\16 x_-4\22 2_-4\2_-4 22 240.jpg;2;-4;240
project_fotos_raw\16 x_-4\22 2_-4\2_-4 23 270.jpg;2;-4;270
project_fotos_raw\16 x_-4\22 2_-4\2_-4 24 300.jpg;2;-4;300
project_fotos_raw\16 x_-4\22 2_-4\2_-4 25 330.jpg;2;-4;330
project_fotos_raw\16 x_-4\23 3_-4\3_-4 14 0.jpg;3;-4;0
project_fotos_raw\16 x_-4\23 3_-4\3_-4 15 30.jpg;3;-4;30
project_fotos_raw\16 x_-4\23 3_-4\3_-4 16 60.jpg;3;-4;60
project_fotos_raw\16 x_-4\23 3_-4\3_-4 17 90.jpg;3;-4;90
project_fotos_raw\16 x_-4\23 3_-4\3_-4 18 120.jpg;3;-4;120
project_fotos_raw\16 x_-4\23 3_-4\3_-4 19 150.jpg;3;-4;150
project_fotos_raw\16 x_-4\23 3_-4\3_-4 20 180.jpg;3;-4;180
project_fotos_raw\16 x_-4\23 3_-4\3_-4 21 210.jpg;3;-4;210
project_fotos_raw\16 x_-4\23 3_-4\3_-4 22 240.jpg;3;-4;240
project_fotos_raw\16 x_-4\23 3_-4\3_-4 23 270.jpg;3;-4;270
project_fotos_raw\16 x_-4\23 3_-4\3_-4 24 300.jpg;3;-4;300
project_fotos_raw\16 x_-4\23 3_-4\3_-4 25 330.jpg;3;-4;330
project_fotos_raw\16 x_-4\24 4_-4\4_-4 14 0.jpg;4;-4;0
project_fotos_raw\16 x_-4\24 4_-4\4_-4 15 30.jpg;4;-4;30
project_fotos_raw\16 x_-4\24 4_-4\4_-4 16 60.jpg;4;-4;60
project_fotos_raw\16 x_-4\24 4_-4\4_-4 17 90.jpg;4;-4;90
project_fotos_raw\16 x_-4\24 4_-4\4_-4 18 120.jpg;4;-4;120
project_fotos_raw\16 x_-4\24 4_-4\4_-4 19 150.jpg;4;-4;150
project_fotos_raw\16 x_-4\24 4_-4\4_-4 20 180.jpg;4;-4;180
project_fotos_raw\16 x_-4\24 4_-4\4_-4 21 210.jpg;4;-4;210
project_fotos_raw\16 x_-4\24 4_-4\4_-4 22 240.jpg;4;-4;240
project_fotos_raw\16 x_-4\24 4_-4\4_-4 23 270.jpg;4;-4;270
project_fotos_raw\16 x_-4\24 4_-4\4_-4 24 300.jpg;4;-4;300
project_fotos_raw\16 x_-4\24 4_-4\4_-4 25 330.jpg;4;-4;330
project_fotos_raw\16 x_-4\25 5_-4\5_-4 14 0.jpg;5;-4;0
project_fotos_raw\16 x_-4\25 5_-4\5_-4 15 30.jpg;5;-4;30
project_fotos_raw\16 x_-4\25 5_-4\5_-4 16 60.jpg;5;-4;60
project_fotos_raw\16 x_-4\25 5_-4\5_-4 17 90.jpg;5;-4;90
project_fotos_raw\16 x_-4\25 5_-4\5_-4 18 120.jpg;5;-4;120
project_fotos_raw\16 x_-4\25 5_-4\5_-4 19 150.jpg;5;-4;150
project_fotos_raw\16 x_-4\25 5_-4\5_-4 20 180.jpg;5;-4;180
project_fotos_raw\16 x_-4\25 5_-4\5_-4 21 210.jpg;5;-4;210
project_fotos_raw\16 x_-4\25 5_-4\5_-4 22 240.jpg;5;-4;240
project_fotos_raw\16 x_-4\25 5_-4\5_-4 23 270.jpg;5;-4;270
project_fotos_raw\16 x_-4\25 5_-4\5_-4 24 300.jpg;5;-4;300
project_fotos_raw\16 x_-4\25 5_-4\5_-4 25 330.jpg;5;-4;330
project_fotos_raw\16 x_-4\26 6_-4\6_-4 14 0.jpg;6;-4;0
project_fotos_raw\16 x_-4\26 6_-4\6_-4 15 30.jpg;6;-4;30
project_fotos_raw\16 x_-4\26 6_-4\6_-4 16 60.jpg;6;-4;60
project_fotos_raw\16 x_-4\26 6_-4\6_-4 17 90.jpg;6;-4;90
project_fotos_raw\16 x_-4\26 6_-4\6_-4 18 120.jpg;6;-4;120
project_fotos_raw\16 x_-4\26 6_-4\6_-4 19 150.jpg;6;-4;150
project_fotos_raw\16 x_-4\26 6_-4\6_-4 20 180.jpg;6;-4;180
project_fotos_raw\16 x_-4\26 6_-4\6_-4 21 210.jpg;6;-4;210
project_fotos_raw\16 x_-4\26 6_-4\6_-4 22 240.jpg;6;-4;240
project_fotos_raw\16 x_-4\26 6_-4\6_-4 23 270.jpg;6;-4;270
project_fotos_raw\16 x_-4\26 6_-4\6_-4 24 300.jpg;6;-4;300
project_fotos_raw\16 x_-4\26 6_-4\6_-4 25 330.jpg;6;-4;330
