﻿path;x;y;rotation
project_fotos_raw\16 x_-4\14 -4_-6\-4_-6 14 0.jpg;-4;-6;0
project_fotos_raw\16 x_-4\14 -4_-6\-4_-6 15 30.jpg;-4;-6;30
project_fotos_raw\16 x_-4\14 -4_-6\-4_-6 16 60.jpg;-4;-6;60
project_fotos_raw\16 x_-4\14 -4_-6\-4_-6 17 90.jpg;-4;-6;90
project_fotos_raw\16 x_-4\14 -4_-6\-4_-6 18 120.jpg;-4;-6;120
project_fotos_raw\16 x_-4\14 -4_-6\-4_-6 19 150.jpg;-4;-6;150
project_fotos_raw\16 x_-4\14 -4_-6\-4_-6 20 180.jpg;-4;-6;180
project_fotos_raw\16 x_-4\14 -4_-6\-4_-6 21 210.jpg;-4;-6;210
project_fotos_raw\16 x_-4\14 -4_-6\-4_-6 22 240.jpg;-4;-6;240
project_fotos_raw\16 x_-4\14 -4_-6\-4_-6 23 270.jpg;-4;-6;270
project_fotos_raw\16 x_-4\14 -4_-6\-4_-6 24 300.jpg;-4;-6;300
project_fotos_raw\16 x_-4\14 -4_-6\-4_-6 25 330.jpg;-4;-6;330
project_fotos_raw\16 x_-4\15 -4_-5\-4_-5 14 0.jpg;-4;-5;0
project_fotos_raw\16 x_-4\15 -4_-5\-4_-5 15 30.jpg;-4;-5;30
project_fotos_raw\16 x_-4\15 -4_-5\-4_-5 16 60.jpg;-4;-5;60
project_fotos_raw\16 x_-4\15 -4_-5\-4_-5 17 90.jpg;-4;-5;90
project_fotos_raw\16 x_-4\15 -4_-5\-4_-5 18 120.jpg;-4;-5;120
project_fotos_raw\16 x_-4\15 -4_-5\-4_-5 19 150.jpg;-4;-5;150
project_fotos_raw\16 x_-4\15 -4_-5\-4_-5 20 180.jpg;-4;-5;180
project_fotos_raw\16 x_-4\15 -4_-5\-4_-5 21 210.jpg;-4;-5;210
project_fotos_raw\16 x_-4\15 -4_-5\-4_-5 22 240.jpg;-4;-5;240
project_fotos_raw\16 x_-4\15 -4_-5\-4_-5 23 270.jpg;-4;-5;270
project_fotos_raw\16 x_-4\15 -4_-5\-4_-5 24 300.jpg;-4;-5;300
project_fotos_raw\16 x_-4\15 -4_-5\-4_-5 25 330.jpg;-4;-5;330
project_fotos_raw\16 x_-4\16 -4_-4\-4_-4 14 0.jpg;-4;-4;0
project_fotos_raw\16 x_-4\16 -4_-4\-4_-4 15 30.jpg;-4;-4;30
project_fotos_raw\16 x_-4\16 -4_-4\-4_-4 16 60.jpg;-4;-4;60
project_fotos_raw\16 x_-4\16 -4_-4\-4_-4 17 90.jpg;-4;-4;90
project_fotos_raw\16 x_-4\16 -4_-4\-4_-4 18 120.jpg;-4;-4;120
project_fotos_raw\16 x_-4\16 -4_-4\-4_-4 19 150.jpg;-4;-4;150
project_fotos_raw\16 x_-4\16 -4_-4\-4_-4 20 180.jpg;-4;-4;180
project_fotos_raw\16 x_-4\16 -4_-4\-4_-4 21 210.jpg;-4;-4;210
project_fotos_raw\16 x_-4\16 -4_-4\-4_-4 22 240.jpg;-4;-4;240
project_fotos_raw\16 x_-4\16 -4_-4\-4_-4 23 270.jpg;-4;-4;270
project_fotos_raw\16 x_-4\16 -4_-4\-4_-4 24 300.jpg;-4;-4;300
project_fotos_raw\16 x_-4\16 -4_-4\-4_-4 25 330.jpg;-4;-4;330
project_fotos_raw\16 x_-4\17 -4_-3\-4_-3 14 0.jpg;-4;-3;0
project_fotos_raw\16 x_-4\17 -4_-3\-4_-3 15 30.jpg;-4;-3;30
project_fotos_raw\16 x_-4\17 -4_-3\-4_-3 16 60.jpg;-4;-3;60
project_fotos_raw\16 x_-4\17 -4_-3\-4_-3 17 90.jpg;-4;-3;90
project_fotos_raw\16 x_-4\17 -4_-3\-4_-3 18 120.jpg;-4;-3;120
project_fotos_raw\16 x_-4\17 -4_-3\-4_-3 19 150.jpg;-4;-3;150
project_fotos_raw\16 x_-4\17 -4_-3\-4_-3 20 180.jpg;-4;-3;180
project_fotos_raw\16 x_-4\17 -4_-3\-4_-3 21 210.jpg;-4;-3;210
project_fotos_raw\16 x_-4\17 -4_-3\-4_-3 22 240.jpg;-4;-3;240
project_fotos_raw\16 x_-4\17 -4_-3\-4_-3 23 270.jpg;-4;-3;270
project_fotos_raw\16 x_-4\17 -4_-3\-4_-3 24 300.jpg;-4;-3;300
project_fotos_raw\16 x_-4\17 -4_-3\-4_-3 25 330.jpg;-4;-3;330
project_fotos_raw\16 x_-4\18 -4_-2\-4_-2 14 0.jpg;-4;-2;0
project_fotos_raw\16 x_-4\18 -4_-2\-4_-2 15 30.jpg;-4;-2;30
project_fotos_raw\16 x_-4\18 -4_-2\-4_-2 16 60.jpg;-4;-2;60
project_fotos_raw\16 x_-4\18 -4_-2\-4_-2 17 90.jpg;-4;-2;90
project_fotos_raw\16 x_-4\18 -4_-2\-4_-2 18 120.jpg;-4;-2;120
project_fotos_raw\16 x_-4\18 -4_-2\-4_-2 19 150.jpg;-4;-2;150
project_fotos_raw\16 x_-4\18 -4_-2\-4_-2 20 180.jpg;-4;-2;180
project_fotos_raw\16 x_-4\18 -4_-2\-4_-2 21 210.jpg;-4;-2;210
project_fotos_raw\16 x_-4\18 -4_-2\-4_-2 22 240.jpg;-4;-2;240
project_fotos_raw\16 x_-4\18 -4_-2\-4_-2 23 270.jpg;-4;-2;270
project_fotos_raw\16 x_-4\18 -4_-2\-4_-2 24 300.jpg;-4;-2;300
project_fotos_raw\16 x_-4\18 -4_-2\-4_-2 25 330.jpg;-4;-2;330
project_fotos_raw\16 x_-4\19 -4_-1\-4_-1 14 0.jpg;-4;-1;0
project_fotos_raw\16 x_-4\19 -4_-1\-4_-1 15 30.jpg;-4;-1;30
project_fotos_raw\16 x_-4\19 -4_-1\-4_-1 16 60.jpg;-4;-1;60
project_fotos_raw\16 x_-4\19 -4_-1\-4_-1 17 90.jpg;-4;-1;90
project_fotos_raw\16 x_-4\19 -4_-1\-4_-1 18 120.jpg;-4;-1;120
project_fotos_raw\16 x_-4\19 -4_-1\-4_-1 19 150.jpg;-4;-1;150
project_fotos_raw\16 x_-4\19 -4_-1\-4_-1 20 180.jpg;-4;-1;180
project_fotos_raw\16 x_-4\19 -4_-1\-4_-1 21 210.jpg;-4;-1;210
project_fotos_raw\16 x_-4\19 -4_-1\-4_-1 22 240.jpg;-4;-1;240
project_fotos_raw\16 x_-4\19 -4_-1\-4_-1 23 270.jpg;-4;-1;270
project_fotos_raw\16 x_-4\19 -4_-1\-4_-1 24 300.jpg;-4;-1;300
project_fotos_raw\16 x_-4\19 -4_-1\-4_-1 25 330.jpg;-4;-1;330
project_fotos_raw\16 x_-4\20 -4_0\-4_0 14 0.jpg;-4;0;0
project_fotos_raw\16 x_-4\20 -4_0\-4_0 15 30.jpg;-4;0;30
project_fotos_raw\16 x_-4\20 -4_0\-4_0 16 60.jpg;-4;0;60
project_fotos_raw\16 x_-4\20 -4_0\-4_0 17 90.jpg;-4;0;90
project_fotos_raw\16 x_-4\20 -4_0\-4_0 18 120.jpg;-4;0;120
project_fotos_raw\16 x_-4\20 -4_0\-4_0 19 150.jpg;-4;0;150
project_fotos_raw\16 x_-4\20 -4_0\-4_0 20 180.jpg;-4;0;180
project_fotos_raw\16 x_-4\20 -4_0\-4_0 21 210.jpg;-4;0;210
project_fotos_raw\16 x_-4\20 -4_0\-4_0 22 240.jpg;-4;0;240
project_fotos_raw\16 x_-4\20 -4_0\-4_0 23 270.jpg;-4;0;270
project_fotos_raw\16 x_-4\20 -4_0\-4_0 24 300.jpg;-4;0;300
project_fotos_raw\16 x_-4\20 -4_0\-4_0 25 330.jpg;-4;0;330
project_fotos_raw\16 x_-4\21 -4_1\-4_1 14 0.jpg;-4;1;0
project_fotos_raw\16 x_-4\21 -4_1\-4_1 15 30.jpg;-4;1;30
project_fotos_raw\16 x_-4\21 -4_1\-4_1 16 60.jpg;-4;1;60
project_fotos_raw\16 x_-4\21 -4_1\-4_1 17 90.jpg;-4;1;90
project_fotos_raw\16 x_-4\21 -4_1\-4_1 18 120.jpg;-4;1;120
project_fotos_raw\16 x_-4\21 -4_1\-4_1 19 150.jpg;-4;1;150
project_fotos_raw\16 x_-4\21 -4_1\-4_1 20 180.jpg;-4;1;180
project_fotos_raw\16 x_-4\21 -4_1\-4_1 21 210.jpg;-4;1;210
project_fotos_raw\16 x_-4\21 -4_1\-4_1 22 240.jpg;-4;1;240
project_fotos_raw\16 x_-4\21 -4_1\-4_1 23 270.jpg;-4;1;270
project_fotos_raw\16 x_-4\21 -4_1\-4_1 24 300.jpg;-4;1;300
project_fotos_raw\16 x_-4\21 -4_1\-4_1 25 330.jpg;-4;1;330
project_fotos_raw\16 x_-4\22 -4_2\-4_2 14 0.jpg;-4;2;0
project_fotos_raw\16 x_-4\22 -4_2\-4_2 15 30.jpg;-4;2;30
project_fotos_raw\16 x_-4\22 -4_2\-4_2 16 60.jpg;-4;2;60
project_fotos_raw\16 x_-4\22 -4_2\-4_2 17 90.jpg;-4;2;90
project_fotos_raw\16 x_-4\22 -4_2\-4_2 18 120.jpg;-4;2;120
project_fotos_raw\16 x_-4\22 -4_2\-4_2 19 150.jpg;-4;2;150
project_fotos_raw\16 x_-4\22 -4_2\-4_2 20 180.jpg;-4;2;180
project_fotos_raw\16 x_-4\22 -4_2\-4_2 21 210.jpg;-4;2;210
project_fotos_raw\16 x_-4\22 -4_2\-4_2 22 240.jpg;-4;2;240
project_fotos_raw\16 x_-4\22 -4_2\-4_2 23 270.jpg;-4;2;270
project_fotos_raw\16 x_-4\22 -4_2\-4_2 24 300.jpg;-4;2;300
project_fotos_raw\16 x_-4\22 -4_2\-4_2 25 330.jpg;-4;2;330
project_fotos_raw\16 x_-4\23 -4_3\-4_3 14 0.jpg;-4;3;0
project_fotos_raw\16 x_-4\23 -4_3\-4_3 15 30.jpg;-4;3;30
project_fotos_raw\16 x_-4\23 -4_3\-4_3 16 60.jpg;-4;3;60
project_fotos_raw\16 x_-4\23 -4_3\-4_3 17 90.jpg;-4;3;90
project_fotos_raw\16 x_-4\23 -4_3\-4_3 18 120.jpg;-4;3;120
project_fotos_raw\16 x_-4\23 -4_3\-4_3 19 150.jpg;-4;3;150
project_fotos_raw\16 x_-4\23 -4_3\-4_3 20 180.jpg;-4;3;180
project_fotos_raw\16 x_-4\23 -4_3\-4_3 21 210.jpg;-4;3;210
project_fotos_raw\16 x_-4\23 -4_3\-4_3 22 240.jpg;-4;3;240
project_fotos_raw\16 x_-4\23 -4_3\-4_3 23 270.jpg;-4;3;270
project_fotos_raw\16 x_-4\23 -4_3\-4_3 24 300.jpg;-4;3;300
project_fotos_raw\16 x_-4\23 -4_3\-4_3 25 330.jpg;-4;3;330
project_fotos_raw\16 x_-4\24 -4_4\-4_4 14 0.jpg;-4;4;0
project_fotos_raw\16 x_-4\24 -4_4\-4_4 15 30.jpg;-4;4;30
project_fotos_raw\16 x_-4\24 -4_4\-4_4 16 60.jpg;-4;4;60
project_fotos_raw\16 x_-4\24 -4_4\-4_4 17 90.jpg;-4;4;90
project_fotos_raw\16 x_-4\24 -4_4\-4_4 18 120.jpg;-4;4;120
project_fotos_raw\16 x_-4\24 -4_4\-4_4 19 150.jpg;-4;4;150
project_fotos_raw\16 x_-4\24 -4_4\-4_4 20 180.jpg;-4;4;180
project_fotos_raw\16 x_-4\24 -4_4\-4_4 21 210.jpg;-4;4;210
project_fotos_raw\16 x_-4\24 -4_4\-4_4 22 240.jpg;-4;4;240
project_fotos_raw\16 x_-4\24 -4_4\-4_4 23 270.jpg;-4;4;270
project_fotos_raw\16 x_-4\24 -4_4\-4_4 24 300.jpg;-4;4;300
project_fotos_raw\16 x_-4\24 -4_4\-4_4 25 330.jpg;-4;4;330
project_fotos_raw\16 x_-4\25 -4_5\-4_5 14 0.jpg;-4;5;0
project_fotos_raw\16 x_-4\25 -4_5\-4_5 15 30.jpg;-4;5;30
project_fotos_raw\16 x_-4\25 -4_5\-4_5 16 60.jpg;-4;5;60
project_fotos_raw\16 x_-4\25 -4_5\-4_5 17 90.jpg;-4;5;90
project_fotos_raw\16 x_-4\25 -4_5\-4_5 18 120.jpg;-4;5;120
project_fotos_raw\16 x_-4\25 -4_5\-4_5 19 150.jpg;-4;5;150
project_fotos_raw\16 x_-4\25 -4_5\-4_5 20 180.jpg;-4;5;180
project_fotos_raw\16 x_-4\25 -4_5\-4_5 21 210.jpg;-4;5;210
project_fotos_raw\16 x_-4\25 -4_5\-4_5 22 240.jpg;-4;5;240
project_fotos_raw\16 x_-4\25 -4_5\-4_5 23 270.jpg;-4;5;270
project_fotos_raw\16 x_-4\25 -4_5\-4_5 24 300.jpg;-4;5;300
project_fotos_raw\16 x_-4\25 -4_5\-4_5 25 330.jpg;-4;5;330
project_fotos_raw\16 x_-4\26 -4_6\-4_6 14 0.jpg;-4;6;0
project_fotos_raw\16 x_-4\26 -4_6\-4_6 15 30.jpg;-4;6;30
project_fotos_raw\16 x_-4\26 -4_6\-4_6 16 60.jpg;-4;6;60
project_fotos_raw\16 x_-4\26 -4_6\-4_6 17 90.jpg;-4;6;90
project_fotos_raw\16 x_-4\26 -4_6\-4_6 18 120.jpg;-4;6;120
project_fotos_raw\16 x_-4\26 -4_6\-4_6 19 150.jpg;-4;6;150
project_fotos_raw\16 x_-4\26 -4_6\-4_6 20 180.jpg;-4;6;180
project_fotos_raw\16 x_-4\26 -4_6\-4_6 21 210.jpg;-4;6;210
project_fotos_raw\16 x_-4\26 -4_6\-4_6 22 240.jpg;-4;6;240
project_fotos_raw\16 x_-4\26 -4_6\-4_6 23 270.jpg;-4;6;270
project_fotos_raw\16 x_-4\26 -4_6\-4_6 24 300.jpg;-4;6;300
project_fotos_raw\16 x_-4\26 -4_6\-4_6 25 330.jpg;-4;6;330
