﻿path;x;y;rotation
project_fotos_raw\17 x_-3\14 -3_-6\-3_-6 14 0.jpg;-3;-6;0
project_fotos_raw\17 x_-3\14 -3_-6\-3_-6 15 30.jpg;-3;-6;30
project_fotos_raw\17 x_-3\14 -3_-6\-3_-6 16 60.jpg;-3;-6;60
project_fotos_raw\17 x_-3\14 -3_-6\-3_-6 17 90.jpg;-3;-6;90
project_fotos_raw\17 x_-3\14 -3_-6\-3_-6 18 120.jpg;-3;-6;120
project_fotos_raw\17 x_-3\14 -3_-6\-3_-6 19 150.jpg;-3;-6;150
project_fotos_raw\17 x_-3\14 -3_-6\-3_-6 20 180.jpg;-3;-6;180
project_fotos_raw\17 x_-3\14 -3_-6\-3_-6 21 210.jpg;-3;-6;210
project_fotos_raw\17 x_-3\14 -3_-6\-3_-6 22 240.jpg;-3;-6;240
project_fotos_raw\17 x_-3\14 -3_-6\-3_-6 23 270.jpg;-3;-6;270
project_fotos_raw\17 x_-3\14 -3_-6\-3_-6 24 300.jpg;-3;-6;300
project_fotos_raw\17 x_-3\14 -3_-6\-3_-6 25 330.jpg;-3;-6;330
project_fotos_raw\17 x_-3\15 -3_-5\-3_-5 14 0.jpg;-3;-5;0
project_fotos_raw\17 x_-3\15 -3_-5\-3_-5 15 30.jpg;-3;-5;30
project_fotos_raw\17 x_-3\15 -3_-5\-3_-5 16 60.jpg;-3;-5;60
project_fotos_raw\17 x_-3\15 -3_-5\-3_-5 17 90.jpg;-3;-5;90
project_fotos_raw\17 x_-3\15 -3_-5\-3_-5 18 120.jpg;-3;-5;120
project_fotos_raw\17 x_-3\15 -3_-5\-3_-5 19 150.jpg;-3;-5;150
project_fotos_raw\17 x_-3\15 -3_-5\-3_-5 20 180.jpg;-3;-5;180
project_fotos_raw\17 x_-3\15 -3_-5\-3_-5 21 210.jpg;-3;-5;210
project_fotos_raw\17 x_-3\15 -3_-5\-3_-5 22 240.jpg;-3;-5;240
project_fotos_raw\17 x_-3\15 -3_-5\-3_-5 23 270.jpg;-3;-5;270
project_fotos_raw\17 x_-3\15 -3_-5\-3_-5 24 300.jpg;-3;-5;300
project_fotos_raw\17 x_-3\15 -3_-5\-3_-5 25 330.jpg;-3;-5;330
project_fotos_raw\17 x_-3\16 -3_-4\-3_-4 14 0.jpg;-3;-4;0
project_fotos_raw\17 x_-3\16 -3_-4\-3_-4 15 30.jpg;-3;-4;30
project_fotos_raw\17 x_-3\16 -3_-4\-3_-4 16 60.jpg;-3;-4;60
project_fotos_raw\17 x_-3\16 -3_-4\-3_-4 17 90.jpg;-3;-4;90
project_fotos_raw\17 x_-3\16 -3_-4\-3_-4 18 120.jpg;-3;-4;120
project_fotos_raw\17 x_-3\16 -3_-4\-3_-4 19 150.jpg;-3;-4;150
project_fotos_raw\17 x_-3\16 -3_-4\-3_-4 20 180.jpg;-3;-4;180
project_fotos_raw\17 x_-3\16 -3_-4\-3_-4 21 210.jpg;-3;-4;210
project_fotos_raw\17 x_-3\16 -3_-4\-3_-4 22 240.jpg;-3;-4;240
project_fotos_raw\17 x_-3\16 -3_-4\-3_-4 23 270.jpg;-3;-4;270
project_fotos_raw\17 x_-3\16 -3_-4\-3_-4 24 300.jpg;-3;-4;300
project_fotos_raw\17 x_-3\16 -3_-4\-3_-4 25 330.jpg;-3;-4;330
project_fotos_raw\17 x_-3\17 -3_-3\-3_-3 14 0.jpg;-3;-3;0
project_fotos_raw\17 x_-3\17 -3_-3\-3_-3 15 30.jpg;-3;-3;30
project_fotos_raw\17 x_-3\17 -3_-3\-3_-3 16 60.jpg;-3;-3;60
project_fotos_raw\17 x_-3\17 -3_-3\-3_-3 17 90.jpg;-3;-3;90
project_fotos_raw\17 x_-3\17 -3_-3\-3_-3 18 120.jpg;-3;-3;120
project_fotos_raw\17 x_-3\17 -3_-3\-3_-3 19 150.jpg;-3;-3;150
project_fotos_raw\17 x_-3\17 -3_-3\-3_-3 20 180.jpg;-3;-3;180
project_fotos_raw\17 x_-3\17 -3_-3\-3_-3 21 210.jpg;-3;-3;210
project_fotos_raw\17 x_-3\17 -3_-3\-3_-3 22 240.jpg;-3;-3;240
project_fotos_raw\17 x_-3\17 -3_-3\-3_-3 23 270.jpg;-3;-3;270
project_fotos_raw\17 x_-3\17 -3_-3\-3_-3 24 300.jpg;-3;-3;300
project_fotos_raw\17 x_-3\17 -3_-3\-3_-3 25 330.jpg;-3;-3;330
project_fotos_raw\17 x_-3\18 -3_-2\-3_-2 14 0.jpg;-3;-2;0
project_fotos_raw\17 x_-3\18 -3_-2\-3_-2 15 30.jpg;-3;-2;30
project_fotos_raw\17 x_-3\18 -3_-2\-3_-2 16 60.jpg;-3;-2;60
project_fotos_raw\17 x_-3\18 -3_-2\-3_-2 17 90.jpg;-3;-2;90
project_fotos_raw\17 x_-3\18 -3_-2\-3_-2 18 120.jpg;-3;-2;120
project_fotos_raw\17 x_-3\18 -3_-2\-3_-2 19 150.jpg;-3;-2;150
project_fotos_raw\17 x_-3\18 -3_-2\-3_-2 20 180.jpg;-3;-2;180
project_fotos_raw\17 x_-3\18 -3_-2\-3_-2 21 210.jpg;-3;-2;210
project_fotos_raw\17 x_-3\18 -3_-2\-3_-2 22 240.jpg;-3;-2;240
project_fotos_raw\17 x_-3\18 -3_-2\-3_-2 23 270.jpg;-3;-2;270
project_fotos_raw\17 x_-3\18 -3_-2\-3_-2 24 300.jpg;-3;-2;300
project_fotos_raw\17 x_-3\18 -3_-2\-3_-2 25 330.jpg;-3;-2;330
project_fotos_raw\17 x_-3\19 -3_-1\-3_-1 14 0.jpg;-3;-1;0
project_fotos_raw\17 x_-3\19 -3_-1\-3_-1 15 30.jpg;-3;-1;30
project_fotos_raw\17 x_-3\19 -3_-1\-3_-1 16 60.jpg;-3;-1;60
project_fotos_raw\17 x_-3\19 -3_-1\-3_-1 17 90.jpg;-3;-1;90
project_fotos_raw\17 x_-3\19 -3_-1\-3_-1 18 120.jpg;-3;-1;120
project_fotos_raw\17 x_-3\19 -3_-1\-3_-1 19 150.jpg;-3;-1;150
project_fotos_raw\17 x_-3\19 -3_-1\-3_-1 20 180.jpg;-3;-1;180
project_fotos_raw\17 x_-3\19 -3_-1\-3_-1 21 210.jpg;-3;-1;210
project_fotos_raw\17 x_-3\19 -3_-1\-3_-1 22 240.jpg;-3;-1;240
project_fotos_raw\17 x_-3\19 -3_-1\-3_-1 23 270.jpg;-3;-1;270
project_fotos_raw\17 x_-3\19 -3_-1\-3_-1 24 300.jpg;-3;-1;300
project_fotos_raw\17 x_-3\19 -3_-1\-3_-1 25 330.jpg;-3;-1;330
project_fotos_raw\17 x_-3\20 -3_0\-3_0 14 0.jpg;-3;0;0
project_fotos_raw\17 x_-3\20 -3_0\-3_0 15 30.jpg;-3;0;30
project_fotos_raw\17 x_-3\20 -3_0\-3_0 16 60.jpg;-3;0;60
project_fotos_raw\17 x_-3\20 -3_0\-3_0 17 90.jpg;-3;0;90
project_fotos_raw\17 x_-3\20 -3_0\-3_0 18 120.jpg;-3;0;120
project_fotos_raw\17 x_-3\20 -3_0\-3_0 19 150.jpg;-3;0;150
project_fotos_raw\17 x_-3\20 -3_0\-3_0 20 180.jpg;-3;0;180
project_fotos_raw\17 x_-3\20 -3_0\-3_0 21 210.jpg;-3;0;210
project_fotos_raw\17 x_-3\20 -3_0\-3_0 22 240.jpg;-3;0;240
project_fotos_raw\17 x_-3\20 -3_0\-3_0 23 270.jpg;-3;0;270
project_fotos_raw\17 x_-3\20 -3_0\-3_0 24 300.jpg;-3;0;300
project_fotos_raw\17 x_-3\20 -3_0\-3_0 25 330.jpg;-3;0;330
project_fotos_raw\17 x_-3\21 -3_1\-3_1 14 0.jpg;-3;1;0
project_fotos_raw\17 x_-3\21 -3_1\-3_1 15 30.jpg;-3;1;30
project_fotos_raw\17 x_-3\21 -3_1\-3_1 16 60.jpg;-3;1;60
project_fotos_raw\17 x_-3\21 -3_1\-3_1 17 90.jpg;-3;1;90
project_fotos_raw\17 x_-3\21 -3_1\-3_1 18 120.jpg;-3;1;120
project_fotos_raw\17 x_-3\21 -3_1\-3_1 19 150.jpg;-3;1;150
project_fotos_raw\17 x_-3\21 -3_1\-3_1 20 180.jpg;-3;1;180
project_fotos_raw\17 x_-3\21 -3_1\-3_1 21 210.jpg;-3;1;210
project_fotos_raw\17 x_-3\21 -3_1\-3_1 22 240.jpg;-3;1;240
project_fotos_raw\17 x_-3\21 -3_1\-3_1 23 270.jpg;-3;1;270
project_fotos_raw\17 x_-3\21 -3_1\-3_1 24 300.jpg;-3;1;300
project_fotos_raw\17 x_-3\21 -3_1\-3_1 25 330.jpg;-3;1;330
project_fotos_raw\17 x_-3\22 -3_2\-3_2 14 0.jpg;-3;2;0
project_fotos_raw\17 x_-3\22 -3_2\-3_2 15 30.jpg;-3;2;30
project_fotos_raw\17 x_-3\22 -3_2\-3_2 16 60.jpg;-3;2;60
project_fotos_raw\17 x_-3\22 -3_2\-3_2 17 90.jpg;-3;2;90
project_fotos_raw\17 x_-3\22 -3_2\-3_2 18 120.jpg;-3;2;120
project_fotos_raw\17 x_-3\22 -3_2\-3_2 19 150.jpg;-3;2;150
project_fotos_raw\17 x_-3\22 -3_2\-3_2 20 180.jpg;-3;2;180
project_fotos_raw\17 x_-3\22 -3_2\-3_2 21 210.jpg;-3;2;210
project_fotos_raw\17 x_-3\22 -3_2\-3_2 22 240.jpg;-3;2;240
project_fotos_raw\17 x_-3\22 -3_2\-3_2 23 270.jpg;-3;2;270
project_fotos_raw\17 x_-3\22 -3_2\-3_2 24 300.jpg;-3;2;300
project_fotos_raw\17 x_-3\22 -3_2\-3_2 25 330.jpg;-3;2;330
project_fotos_raw\17 x_-3\23 -3_3\-3_3 14 0.jpg;-3;3;0
project_fotos_raw\17 x_-3\23 -3_3\-3_3 15 30.jpg;-3;3;30
project_fotos_raw\17 x_-3\23 -3_3\-3_3 16 60.jpg;-3;3;60
project_fotos_raw\17 x_-3\23 -3_3\-3_3 17 90.jpg;-3;3;90
project_fotos_raw\17 x_-3\23 -3_3\-3_3 18 120.jpg;-3;3;120
project_fotos_raw\17 x_-3\23 -3_3\-3_3 19 150.jpg;-3;3;150
project_fotos_raw\17 x_-3\23 -3_3\-3_3 20 180.jpg;-3;3;180
project_fotos_raw\17 x_-3\23 -3_3\-3_3 21 210.jpg;-3;3;210
project_fotos_raw\17 x_-3\23 -3_3\-3_3 22 240.jpg;-3;3;240
project_fotos_raw\17 x_-3\23 -3_3\-3_3 23 270.jpg;-3;3;270
project_fotos_raw\17 x_-3\23 -3_3\-3_3 24 300.jpg;-3;3;300
project_fotos_raw\17 x_-3\23 -3_3\-3_3 25 330.jpg;-3;3;330
project_fotos_raw\17 x_-3\24 -3_4\-3_4 14 0.jpg;-3;4;0
project_fotos_raw\17 x_-3\24 -3_4\-3_4 15 30.jpg;-3;4;30
project_fotos_raw\17 x_-3\24 -3_4\-3_4 16 60.jpg;-3;4;60
project_fotos_raw\17 x_-3\24 -3_4\-3_4 17 90.jpg;-3;4;90
project_fotos_raw\17 x_-3\24 -3_4\-3_4 18 120.jpg;-3;4;120
project_fotos_raw\17 x_-3\24 -3_4\-3_4 19 150.jpg;-3;4;150
project_fotos_raw\17 x_-3\24 -3_4\-3_4 20 180.jpg;-3;4;180
project_fotos_raw\17 x_-3\24 -3_4\-3_4 21 210.jpg;-3;4;210
project_fotos_raw\17 x_-3\24 -3_4\-3_4 22 240.jpg;-3;4;240
project_fotos_raw\17 x_-3\24 -3_4\-3_4 23 270.jpg;-3;4;270
project_fotos_raw\17 x_-3\24 -3_4\-3_4 24 300.jpg;-3;4;300
project_fotos_raw\17 x_-3\24 -3_4\-3_4 25 330.jpg;-3;4;330
project_fotos_raw\17 x_-3\25 -3_5\-3_5 14 0.jpg;-3;5;0
project_fotos_raw\17 x_-3\25 -3_5\-3_5 15 30.jpg;-3;5;30
project_fotos_raw\17 x_-3\25 -3_5\-3_5 16 60.jpg;-3;5;60
project_fotos_raw\17 x_-3\25 -3_5\-3_5 17 90.jpg;-3;5;90
project_fotos_raw\17 x_-3\25 -3_5\-3_5 18 120.jpg;-3;5;120
project_fotos_raw\17 x_-3\25 -3_5\-3_5 19 150.jpg;-3;5;150
project_fotos_raw\17 x_-3\25 -3_5\-3_5 20 180.jpg;-3;5;180
project_fotos_raw\17 x_-3\25 -3_5\-3_5 21 210.jpg;-3;5;210
project_fotos_raw\17 x_-3\25 -3_5\-3_5 22 240.jpg;-3;5;240
project_fotos_raw\17 x_-3\25 -3_5\-3_5 23 270.jpg;-3;5;270
project_fotos_raw\17 x_-3\25 -3_5\-3_5 24 300.jpg;-3;5;300
project_fotos_raw\17 x_-3\25 -3_5\-3_5 25 330.jpg;-3;5;330
project_fotos_raw\17 x_-3\26 -3_6\-3_6 14 0.jpg;-3;6;0
project_fotos_raw\17 x_-3\26 -3_6\-3_6 15 30.jpg;-3;6;30
project_fotos_raw\17 x_-3\26 -3_6\-3_6 16 60.jpg;-3;6;60
project_fotos_raw\17 x_-3\26 -3_6\-3_6 17 90.jpg;-3;6;90
project_fotos_raw\17 x_-3\26 -3_6\-3_6 18 120.jpg;-3;6;120
project_fotos_raw\17 x_-3\26 -3_6\-3_6 19 150.jpg;-3;6;150
project_fotos_raw\17 x_-3\26 -3_6\-3_6 20 180.jpg;-3;6;180
project_fotos_raw\17 x_-3\26 -3_6\-3_6 21 210.jpg;-3;6;210
project_fotos_raw\17 x_-3\26 -3_6\-3_6 22 240.jpg;-3;6;240
project_fotos_raw\17 x_-3\26 -3_6\-3_6 23 270.jpg;-3;6;270
project_fotos_raw\17 x_-3\26 -3_6\-3_6 24 300.jpg;-3;6;300
project_fotos_raw\17 x_-3\26 -3_6\-3_6 25 330.jpg;-3;6;330
