﻿path;x;y;rotation
project_fotos_raw\17 x_-3\14 -6_-3\-6_-3 14 0.jpg;-6;-3;0
project_fotos_raw\17 x_-3\14 -6_-3\-6_-3 15 30.jpg;-6;-3;30
project_fotos_raw\17 x_-3\14 -6_-3\-6_-3 16 60.jpg;-6;-3;60
project_fotos_raw\17 x_-3\14 -6_-3\-6_-3 17 90.jpg;-6;-3;90
project_fotos_raw\17 x_-3\14 -6_-3\-6_-3 18 120.jpg;-6;-3;120
project_fotos_raw\17 x_-3\14 -6_-3\-6_-3 19 150.jpg;-6;-3;150
project_fotos_raw\17 x_-3\14 -6_-3\-6_-3 20 180.jpg;-6;-3;180
project_fotos_raw\17 x_-3\14 -6_-3\-6_-3 21 210.jpg;-6;-3;210
project_fotos_raw\17 x_-3\14 -6_-3\-6_-3 22 240.jpg;-6;-3;240
project_fotos_raw\17 x_-3\14 -6_-3\-6_-3 23 270.jpg;-6;-3;270
project_fotos_raw\17 x_-3\14 -6_-3\-6_-3 24 300.jpg;-6;-3;300
project_fotos_raw\17 x_-3\14 -6_-3\-6_-3 25 330.jpg;-6;-3;330
project_fotos_raw\17 x_-3\15 -5_-3\-5_-3 14 0.jpg;-5;-3;0
project_fotos_raw\17 x_-3\15 -5_-3\-5_-3 15 30.jpg;-5;-3;30
project_fotos_raw\17 x_-3\15 -5_-3\-5_-3 16 60.jpg;-5;-3;60
project_fotos_raw\17 x_-3\15 -5_-3\-5_-3 17 90.jpg;-5;-3;90
project_fotos_raw\17 x_-3\15 -5_-3\-5_-3 18 120.jpg;-5;-3;120
project_fotos_raw\17 x_-3\15 -5_-3\-5_-3 19 150.jpg;-5;-3;150
project_fotos_raw\17 x_-3\15 -5_-3\-5_-3 20 180.jpg;-5;-3;180
project_fotos_raw\17 x_-3\15 -5_-3\-5_-3 21 210.jpg;-5;-3;210
project_fotos_raw\17 x_-3\15 -5_-3\-5_-3 22 240.jpg;-5;-3;240
project_fotos_raw\17 x_-3\15 -5_-3\-5_-3 23 270.jpg;-5;-3;270
project_fotos_raw\17 x_-3\15 -5_-3\-5_-3 24 300.jpg;-5;-3;300
project_fotos_raw\17 x_-3\15 -5_-3\-5_-3 25 330.jpg;-5;-3;330
project_fotos_raw\17 x_-3\16 -4_-3\-4_-3 14 0.jpg;-4;-3;0
project_fotos_raw\17 x_-3\16 -4_-3\-4_-3 15 30.jpg;-4;-3;30
project_fotos_raw\17 x_-3\16 -4_-3\-4_-3 16 60.jpg;-4;-3;60
project_fotos_raw\17 x_-3\16 -4_-3\-4_-3 17 90.jpg;-4;-3;90
project_fotos_raw\17 x_-3\16 -4_-3\-4_-3 18 120.jpg;-4;-3;120
project_fotos_raw\17 x_-3\16 -4_-3\-4_-3 19 150.jpg;-4;-3;150
project_fotos_raw\17 x_-3\16 -4_-3\-4_-3 20 180.jpg;-4;-3;180
project_fotos_raw\17 x_-3\16 -4_-3\-4_-3 21 210.jpg;-4;-3;210
project_fotos_raw\17 x_-3\16 -4_-3\-4_-3 22 240.jpg;-4;-3;240
project_fotos_raw\17 x_-3\16 -4_-3\-4_-3 23 270.jpg;-4;-3;270
project_fotos_raw\17 x_-3\16 -4_-3\-4_-3 24 300.jpg;-4;-3;300
project_fotos_raw\17 x_-3\16 -4_-3\-4_-3 25 330.jpg;-4;-3;330
project_fotos_raw\17 x_-3\17 -3_-3\-3_-3 14 0.jpg;-3;-3;0
project_fotos_raw\17 x_-3\17 -3_-3\-3_-3 15 30.jpg;-3;-3;30
project_fotos_raw\17 x_-3\17 -3_-3\-3_-3 16 60.jpg;-3;-3;60
project_fotos_raw\17 x_-3\17 -3_-3\-3_-3 17 90.jpg;-3;-3;90
project_fotos_raw\17 x_-3\17 -3_-3\-3_-3 18 120.jpg;-3;-3;120
project_fotos_raw\17 x_-3\17 -3_-3\-3_-3 19 150.jpg;-3;-3;150
project_fotos_raw\17 x_-3\17 -3_-3\-3_-3 20 180.jpg;-3;-3;180
project_fotos_raw\17 x_-3\17 -3_-3\-3_-3 21 210.jpg;-3;-3;210
project_fotos_raw\17 x_-3\17 -3_-3\-3_-3 22 240.jpg;-3;-3;240
project_fotos_raw\17 x_-3\17 -3_-3\-3_-3 23 270.jpg;-3;-3;270
project_fotos_raw\17 x_-3\17 -3_-3\-3_-3 24 300.jpg;-3;-3;300
project_fotos_raw\17 x_-3\17 -3_-3\-3_-3 25 330.jpg;-3;-3;330
project_fotos_raw\17 x_-3\18 -2_-3\-2_-3 14 0.jpg;-2;-3;0
project_fotos_raw\17 x_-3\18 -2_-3\-2_-3 15 30.jpg;-2;-3;30
project_fotos_raw\17 x_-3\18 -2_-3\-2_-3 16 60.jpg;-2;-3;60
project_fotos_raw\17 x_-3\18 -2_-3\-2_-3 17 90.jpg;-2;-3;90
project_fotos_raw\17 x_-3\18 -2_-3\-2_-3 18 120.jpg;-2;-3;120
project_fotos_raw\17 x_-3\18 -2_-3\-2_-3 19 150.jpg;-2;-3;150
project_fotos_raw\17 x_-3\18 -2_-3\-2_-3 20 180.jpg;-2;-3;180
project_fotos_raw\17 x_-3\18 -2_-3\-2_-3 21 210.jpg;-2;-3;210
project_fotos_raw\17 x_-3\18 -2_-3\-2_-3 22 240.jpg;-2;-3;240
project_fotos_raw\17 x_-3\18 -2_-3\-2_-3 23 270.jpg;-2;-3;270
project_fotos_raw\17 x_-3\18 -2_-3\-2_-3 24 300.jpg;-2;-3;300
project_fotos_raw\17 x_-3\18 -2_-3\-2_-3 25 330.jpg;-2;-3;330
project_fotos_raw\17 x_-3\19 -1_-3\-1_-3 14 0.jpg;-1;-3;0
project_fotos_raw\17 x_-3\19 -1_-3\-1_-3 15 30.jpg;-1;-3;30
project_fotos_raw\17 x_-3\19 -1_-3\-1_-3 16 60.jpg;-1;-3;60
project_fotos_raw\17 x_-3\19 -1_-3\-1_-3 17 90.jpg;-1;-3;90
project_fotos_raw\17 x_-3\19 -1_-3\-1_-3 18 120.jpg;-1;-3;120
project_fotos_raw\17 x_-3\19 -1_-3\-1_-3 19 150.jpg;-1;-3;150
project_fotos_raw\17 x_-3\19 -1_-3\-1_-3 20 180.jpg;-1;-3;180
project_fotos_raw\17 x_-3\19 -1_-3\-1_-3 21 210.jpg;-1;-3;210
project_fotos_raw\17 x_-3\19 -1_-3\-1_-3 22 240.jpg;-1;-3;240
project_fotos_raw\17 x_-3\19 -1_-3\-1_-3 23 270.jpg;-1;-3;270
project_fotos_raw\17 x_-3\19 -1_-3\-1_-3 24 300.jpg;-1;-3;300
project_fotos_raw\17 x_-3\19 -1_-3\-1_-3 25 330.jpg;-1;-3;330
project_fotos_raw\17 x_-3\20 0_-3\0_-3 14 0.jpg;0;-3;0
project_fotos_raw\17 x_-3\20 0_-3\0_-3 15 30.jpg;0;-3;30
project_fotos_raw\17 x_-3\20 0_-3\0_-3 16 60.jpg;0;-3;60
project_fotos_raw\17 x_-3\20 0_-3\0_-3 17 90.jpg;0;-3;90
project_fotos_raw\17 x_-3\20 0_-3\0_-3 18 120.jpg;0;-3;120
project_fotos_raw\17 x_-3\20 0_-3\0_-3 19 150.jpg;0;-3;150
project_fotos_raw\17 x_-3\20 0_-3\0_-3 20 180.jpg;0;-3;180
project_fotos_raw\17 x_-3\20 0_-3\0_-3 21 210.jpg;0;-3;210
project_fotos_raw\17 x_-3\20 0_-3\0_-3 22 240.jpg;0;-3;240
project_fotos_raw\17 x_-3\20 0_-3\0_-3 23 270.jpg;0;-3;270
project_fotos_raw\17 x_-3\20 0_-3\0_-3 24 300.jpg;0;-3;300
project_fotos_raw\17 x_-3\20 0_-3\0_-3 25 330.jpg;0;-3;330
project_fotos_raw\17 x_-3\21 1_-3\1_-3 14 0.jpg;1;-3;0
project_fotos_raw\17 x_-3\21 1_-3\1_-3 15 30.jpg;1;-3;30
project_fotos_raw\17 x_-3\21 1_-3\1_-3 16 60.jpg;1;-3;60
project_fotos_raw\17 x_-3\21 1_-3\1_-3 17 90.jpg;1;-3;90
project_fotos_raw\17 x_-3\21 1_-3\1_-3 18 120.jpg;1;-3;120
project_fotos_raw\17 x_-3\21 1_-3\1_-3 19 150.jpg;1;-3;150
project_fotos_raw\17 x_-3\21 1_-3\1_-3 20 180.jpg;1;-3;180
project_fotos_raw\17 x_-3\21 1_-3\1_-3 21 210.jpg;1;-3;210
project_fotos_raw\17 x_-3\21 1_-3\1_-3 22 240.jpg;1;-3;240
project_fotos_raw\17 x_-3\21 1_-3\1_-3 23 270.jpg;1;-3;270
project_fotos_raw\17 x_-3\21 1_-3\1_-3 24 300.jpg;1;-3;300
project_fotos_raw\17 x_-3\21 1_-3\1_-3 25 330.jpg;1;-3;330
project_fotos_raw\17 x_-3\22 2_-3\2_-3 14 0.jpg;2;-3;0
project_fotos_raw\17 x_-3\22 2_-3\2_-3 15 30.jpg;2;-3;30
project_fotos_raw\17 x_-3\22 2_-3\2_-3 16 60.jpg;2;-3;60
project_fotos_raw\17 x_-3\22 2_-3\2_-3 17 90.jpg;2;-3;90
project_fotos_raw\17 x_-3\22 2_-3\2_-3 18 120.jpg;2;-3;120
project_fotos_raw\17 x_-3\22 2_-3\2_-3 19 150.jpg;2;-3;150
project_fotos_raw\17 x_-3\22 2_-3\2_-3 20 180.jpg;2;-3;180
project_fotos_raw\17 x_-3\22 2_-3\2_-3 21 210.jpg;2;-3;210
project_fotos_raw\17 x_-3\22 2_-3\2_-3 22 240.jpg;2;-3;240
project_fotos_raw\17 x_-3\22 2_-3\2_-3 23 270.jpg;2;-3;270
project_fotos_raw\17 x_-3\22 2_-3\2_-3 24 300.jpg;2;-3;300
project_fotos_raw\17 x_-3\22 2_-3\2_-3 25 330.jpg;2;-3;330
project_fotos_raw\17 x_-3\23 3_-3\3_-3 14 0.jpg;3;-3;0
project_fotos_raw\17 x_-3\23 3_-3\3_-3 15 30.jpg;3;-3;30
project_fotos_raw\17 x_-3\23 3_-3\3_-3 16 60.jpg;3;-3;60
project_fotos_raw\17 x_-3\23 3_-3\3_-3 17 90.jpg;3;-3;90
project_fotos_raw\17 x_-3\23 3_-3\3_-3 18 120.jpg;3;-3;120
project_fotos_raw\17 x_-3\23 3_-3\3_-3 19 150.jpg;3;-3;150
project_fotos_raw\17 x_-3\23 3_-3\3_-3 20 180.jpg;3;-3;180
project_fotos_raw\17 x_-3\23 3_-3\3_-3 21 210.jpg;3;-3;210
project_fotos_raw\17 x_-3\23 3_-3\3_-3 22 240.jpg;3;-3;240
project_fotos_raw\17 x_-3\23 3_-3\3_-3 23 270.jpg;3;-3;270
project_fotos_raw\17 x_-3\23 3_-3\3_-3 24 300.jpg;3;-3;300
project_fotos_raw\17 x_-3\23 3_-3\3_-3 25 330.jpg;3;-3;330
project_fotos_raw\17 x_-3\24 4_-3\4_-3 14 0.jpg;4;-3;0
project_fotos_raw\17 x_-3\24 4_-3\4_-3 15 30.jpg;4;-3;30
project_fotos_raw\17 x_-3\24 4_-3\4_-3 16 60.jpg;4;-3;60
project_fotos_raw\17 x_-3\24 4_-3\4_-3 17 90.jpg;4;-3;90
project_fotos_raw\17 x_-3\24 4_-3\4_-3 18 120.jpg;4;-3;120
project_fotos_raw\17 x_-3\24 4_-3\4_-3 19 150.jpg;4;-3;150
project_fotos_raw\17 x_-3\24 4_-3\4_-3 20 180.jpg;4;-3;180
project_fotos_raw\17 x_-3\24 4_-3\4_-3 21 210.jpg;4;-3;210
project_fotos_raw\17 x_-3\24 4_-3\4_-3 22 240.jpg;4;-3;240
project_fotos_raw\17 x_-3\24 4_-3\4_-3 23 270.jpg;4;-3;270
project_fotos_raw\17 x_-3\24 4_-3\4_-3 24 300.jpg;4;-3;300
project_fotos_raw\17 x_-3\24 4_-3\4_-3 25 330.jpg;4;-3;330
project_fotos_raw\17 x_-3\25 5_-3\5_-3 14 0.jpg;5;-3;0
project_fotos_raw\17 x_-3\25 5_-3\5_-3 15 30.jpg;5;-3;30
project_fotos_raw\17 x_-3\25 5_-3\5_-3 16 60.jpg;5;-3;60
project_fotos_raw\17 x_-3\25 5_-3\5_-3 17 90.jpg;5;-3;90
project_fotos_raw\17 x_-3\25 5_-3\5_-3 18 120.jpg;5;-3;120
project_fotos_raw\17 x_-3\25 5_-3\5_-3 19 150.jpg;5;-3;150
project_fotos_raw\17 x_-3\25 5_-3\5_-3 20 180.jpg;5;-3;180
project_fotos_raw\17 x_-3\25 5_-3\5_-3 21 210.jpg;5;-3;210
project_fotos_raw\17 x_-3\25 5_-3\5_-3 22 240.jpg;5;-3;240
project_fotos_raw\17 x_-3\25 5_-3\5_-3 23 270.jpg;5;-3;270
project_fotos_raw\17 x_-3\25 5_-3\5_-3 24 300.jpg;5;-3;300
project_fotos_raw\17 x_-3\25 5_-3\5_-3 25 330.jpg;5;-3;330
project_fotos_raw\17 x_-3\26 6_-3\6_-3 14 0.jpg;6;-3;0
project_fotos_raw\17 x_-3\26 6_-3\6_-3 15 30.jpg;6;-3;30
project_fotos_raw\17 x_-3\26 6_-3\6_-3 16 60.jpg;6;-3;60
project_fotos_raw\17 x_-3\26 6_-3\6_-3 17 90.jpg;6;-3;90
project_fotos_raw\17 x_-3\26 6_-3\6_-3 18 120.jpg;6;-3;120
project_fotos_raw\17 x_-3\26 6_-3\6_-3 19 150.jpg;6;-3;150
project_fotos_raw\17 x_-3\26 6_-3\6_-3 20 180.jpg;6;-3;180
project_fotos_raw\17 x_-3\26 6_-3\6_-3 21 210.jpg;6;-3;210
project_fotos_raw\17 x_-3\26 6_-3\6_-3 22 240.jpg;6;-3;240
project_fotos_raw\17 x_-3\26 6_-3\6_-3 23 270.jpg;6;-3;270
project_fotos_raw\17 x_-3\26 6_-3\6_-3 24 300.jpg;6;-3;300
project_fotos_raw\17 x_-3\26 6_-3\6_-3 25 330.jpg;6;-3;330
