﻿path;x;y;rotation
project_fotos_raw\20 x_0\14 0_-6\0_-6 14 0.jpg;0;-6;0
project_fotos_raw\20 x_0\14 0_-6\0_-6 15 30.jpg;0;-6;30
project_fotos_raw\20 x_0\14 0_-6\0_-6 16 60.jpg;0;-6;60
project_fotos_raw\20 x_0\14 0_-6\0_-6 17 90.jpg;0;-6;90
project_fotos_raw\20 x_0\14 0_-6\0_-6 18 120.jpg;0;-6;120
project_fotos_raw\20 x_0\14 0_-6\0_-6 19 150.jpg;0;-6;150
project_fotos_raw\20 x_0\14 0_-6\0_-6 20 180.jpg;0;-6;180
project_fotos_raw\20 x_0\14 0_-6\0_-6 21 210.jpg;0;-6;210
project_fotos_raw\20 x_0\14 0_-6\0_-6 22 240.jpg;0;-6;240
project_fotos_raw\20 x_0\14 0_-6\0_-6 23 270.jpg;0;-6;270
project_fotos_raw\20 x_0\14 0_-6\0_-6 24 300.jpg;0;-6;300
project_fotos_raw\20 x_0\14 0_-6\0_-6 25 330.jpg;0;-6;330
project_fotos_raw\20 x_0\14,5 0_-5,5\0_-5,5 14 0.jpg;0;-5,5;0
project_fotos_raw\20 x_0\14,5 0_-5,5\0_-5,5 15 30.jpg;0;-5,5;30
project_fotos_raw\20 x_0\14,5 0_-5,5\0_-5,5 16 60.jpg;0;-5,5;60
project_fotos_raw\20 x_0\14,5 0_-5,5\0_-5,5 17 90.jpg;0;-5,5;90
project_fotos_raw\20 x_0\14,5 0_-5,5\0_-5,5 18 120.jpg;0;-5,5;120
project_fotos_raw\20 x_0\14,5 0_-5,5\0_-5,5 19 150.jpg;0;-5,5;150
project_fotos_raw\20 x_0\14,5 0_-5,5\0_-5,5 20 180.jpg;0;-5,5;180
project_fotos_raw\20 x_0\14,5 0_-5,5\0_-5,5 21 210.jpg;0;-5,5;210
project_fotos_raw\20 x_0\14,5 0_-5,5\0_-5,5 22 240.jpg;0;-5,5;240
project_fotos_raw\20 x_0\14,5 0_-5,5\0_-5,5 23 270.jpg;0;-5,5;270
project_fotos_raw\20 x_0\14,5 0_-5,5\0_-5,5 24 300.jpg;0;-5,5;300
project_fotos_raw\20 x_0\14,5 0_-5,5\0_-5,5 25 330.jpg;0;-5,5;330
project_fotos_raw\20 x_0\15 0_-5\0_-5 14 0.jpg;0;-5;0
project_fotos_raw\20 x_0\15 0_-5\0_-5 15 30.jpg;0;-5;30
project_fotos_raw\20 x_0\15 0_-5\0_-5 16 60.jpg;0;-5;60
project_fotos_raw\20 x_0\15 0_-5\0_-5 17 90.jpg;0;-5;90
project_fotos_raw\20 x_0\15 0_-5\0_-5 18 120.jpg;0;-5;120
project_fotos_raw\20 x_0\15 0_-5\0_-5 19 150.jpg;0;-5;150
project_fotos_raw\20 x_0\15 0_-5\0_-5 20 180.jpg;0;-5;180
project_fotos_raw\20 x_0\15 0_-5\0_-5 21 210.jpg;0;-5;210
project_fotos_raw\20 x_0\15 0_-5\0_-5 22 240.jpg;0;-5;240
project_fotos_raw\20 x_0\15 0_-5\0_-5 23 270.jpg;0;-5;270
project_fotos_raw\20 x_0\15 0_-5\0_-5 24 300.jpg;0;-5;300
project_fotos_raw\20 x_0\15 0_-5\0_-5 25 330.jpg;0;-5;330
project_fotos_raw\20 x_0\15,5 0_-4,5\0_-4,5 14 0.jpg;0;-4,5;0
project_fotos_raw\20 x_0\15,5 0_-4,5\0_-4,5 15 30.jpg;0;-4,5;30
project_fotos_raw\20 x_0\15,5 0_-4,5\0_-4,5 16 60.jpg;0;-4,5;60
project_fotos_raw\20 x_0\15,5 0_-4,5\0_-4,5 17 90.jpg;0;-4,5;90
project_fotos_raw\20 x_0\15,5 0_-4,5\0_-4,5 18 120.jpg;0;-4,5;120
project_fotos_raw\20 x_0\15,5 0_-4,5\0_-4,5 19 150.jpg;0;-4,5;150
project_fotos_raw\20 x_0\15,5 0_-4,5\0_-4,5 20 180.jpg;0;-4,5;180
project_fotos_raw\20 x_0\15,5 0_-4,5\0_-4,5 21 210.jpg;0;-4,5;210
project_fotos_raw\20 x_0\15,5 0_-4,5\0_-4,5 22 240.jpg;0;-4,5;240
project_fotos_raw\20 x_0\15,5 0_-4,5\0_-4,5 23 270.jpg;0;-4,5;270
project_fotos_raw\20 x_0\15,5 0_-4,5\0_-4,5 24 300.jpg;0;-4,5;300
project_fotos_raw\20 x_0\15,5 0_-4,5\0_-4,5 25 330.jpg;0;-4,5;330
project_fotos_raw\20 x_0\16 0_-4\0_-4 14 0.jpg;0;-4;0
project_fotos_raw\20 x_0\16 0_-4\0_-4 15 30.jpg;0;-4;30
project_fotos_raw\20 x_0\16 0_-4\0_-4 16 60.jpg;0;-4;60
project_fotos_raw\20 x_0\16 0_-4\0_-4 17 90.jpg;0;-4;90
project_fotos_raw\20 x_0\16 0_-4\0_-4 18 120.jpg;0;-4;120
project_fotos_raw\20 x_0\16 0_-4\0_-4 19 150.jpg;0;-4;150
project_fotos_raw\20 x_0\16 0_-4\0_-4 20 180.jpg;0;-4;180
project_fotos_raw\20 x_0\16 0_-4\0_-4 21 210.jpg;0;-4;210
project_fotos_raw\20 x_0\16 0_-4\0_-4 22 240.jpg;0;-4;240
project_fotos_raw\20 x_0\16 0_-4\0_-4 23 270.jpg;0;-4;270
project_fotos_raw\20 x_0\16 0_-4\0_-4 24 300.jpg;0;-4;300
project_fotos_raw\20 x_0\16 0_-4\0_-4 25 330.jpg;0;-4;330
project_fotos_raw\20 x_0\16,5 0_-3,5\0_-3,5 14 0.jpg;0;-3,5;0
project_fotos_raw\20 x_0\16,5 0_-3,5\0_-3,5 15 30.jpg;0;-3,5;30
project_fotos_raw\20 x_0\16,5 0_-3,5\0_-3,5 16 60.jpg;0;-3,5;60
project_fotos_raw\20 x_0\16,5 0_-3,5\0_-3,5 17 90.jpg;0;-3,5;90
project_fotos_raw\20 x_0\16,5 0_-3,5\0_-3,5 18 120.jpg;0;-3,5;120
project_fotos_raw\20 x_0\16,5 0_-3,5\0_-3,5 19 150.jpg;0;-3,5;150
project_fotos_raw\20 x_0\16,5 0_-3,5\0_-3,5 20 180.jpg;0;-3,5;180
project_fotos_raw\20 x_0\16,5 0_-3,5\0_-3,5 21 210.jpg;0;-3,5;210
project_fotos_raw\20 x_0\16,5 0_-3,5\0_-3,5 22 240.jpg;0;-3,5;240
project_fotos_raw\20 x_0\16,5 0_-3,5\0_-3,5 23 270.jpg;0;-3,5;270
project_fotos_raw\20 x_0\16,5 0_-3,5\0_-3,5 24 300.jpg;0;-3,5;300
project_fotos_raw\20 x_0\16,5 0_-3,5\0_-3,5 25 330.jpg;0;-3,5;330
project_fotos_raw\20 x_0\17 0_-3\0_-3 14 0.jpg;0;-3;0
project_fotos_raw\20 x_0\17 0_-3\0_-3 15 30.jpg;0;-3;30
project_fotos_raw\20 x_0\17 0_-3\0_-3 16 60.jpg;0;-3;60
project_fotos_raw\20 x_0\17 0_-3\0_-3 17 90.jpg;0;-3;90
project_fotos_raw\20 x_0\17 0_-3\0_-3 18 120.jpg;0;-3;120
project_fotos_raw\20 x_0\17 0_-3\0_-3 19 150.jpg;0;-3;150
project_fotos_raw\20 x_0\17 0_-3\0_-3 20 180.jpg;0;-3;180
project_fotos_raw\20 x_0\17 0_-3\0_-3 21 210.jpg;0;-3;210
project_fotos_raw\20 x_0\17 0_-3\0_-3 22 240.jpg;0;-3;240
project_fotos_raw\20 x_0\17 0_-3\0_-3 23 270.jpg;0;-3;270
project_fotos_raw\20 x_0\17 0_-3\0_-3 24 300.jpg;0;-3;300
project_fotos_raw\20 x_0\17 0_-3\0_-3 25 330.jpg;0;-3;330
project_fotos_raw\20 x_0\17,5 0_-2,5\0_-2,5 14 0.jpg;0;-2,5;0
project_fotos_raw\20 x_0\17,5 0_-2,5\0_-2,5 15 30.jpg;0;-2,5;30
project_fotos_raw\20 x_0\17,5 0_-2,5\0_-2,5 16 60.jpg;0;-2,5;60
project_fotos_raw\20 x_0\17,5 0_-2,5\0_-2,5 17 90.jpg;0;-2,5;90
project_fotos_raw\20 x_0\17,5 0_-2,5\0_-2,5 18 120.jpg;0;-2,5;120
project_fotos_raw\20 x_0\17,5 0_-2,5\0_-2,5 19 150.jpg;0;-2,5;150
project_fotos_raw\20 x_0\17,5 0_-2,5\0_-2,5 20 180.jpg;0;-2,5;180
project_fotos_raw\20 x_0\17,5 0_-2,5\0_-2,5 21 210.jpg;0;-2,5;210
project_fotos_raw\20 x_0\17,5 0_-2,5\0_-2,5 22 240.jpg;0;-2,5;240
project_fotos_raw\20 x_0\17,5 0_-2,5\0_-2,5 23 270.jpg;0;-2,5;270
project_fotos_raw\20 x_0\17,5 0_-2,5\0_-2,5 24 300.jpg;0;-2,5;300
project_fotos_raw\20 x_0\17,5 0_-2,5\0_-2,5 25 330.jpg;0;-2,5;330
project_fotos_raw\20 x_0\18 0_-2\0_-2 14 0.jpg;0;-2;0
project_fotos_raw\20 x_0\18 0_-2\0_-2 15 30.jpg;0;-2;30
project_fotos_raw\20 x_0\18 0_-2\0_-2 16 60.jpg;0;-2;60
project_fotos_raw\20 x_0\18 0_-2\0_-2 17 90.jpg;0;-2;90
project_fotos_raw\20 x_0\18 0_-2\0_-2 18 120.jpg;0;-2;120
project_fotos_raw\20 x_0\18 0_-2\0_-2 19 150.jpg;0;-2;150
project_fotos_raw\20 x_0\18 0_-2\0_-2 20 180.jpg;0;-2;180
project_fotos_raw\20 x_0\18 0_-2\0_-2 21 210.jpg;0;-2;210
project_fotos_raw\20 x_0\18 0_-2\0_-2 22 240.jpg;0;-2;240
project_fotos_raw\20 x_0\18 0_-2\0_-2 23 270.jpg;0;-2;270
project_fotos_raw\20 x_0\18 0_-2\0_-2 24 300.jpg;0;-2;300
project_fotos_raw\20 x_0\18 0_-2\0_-2 25 330.jpg;0;-2;330
project_fotos_raw\20 x_0\18,5 0_-1,5\0_-1,5 14 0.jpg;0;-1,5;0
project_fotos_raw\20 x_0\18,5 0_-1,5\0_-1,5 15 30.jpg;0;-1,5;30
project_fotos_raw\20 x_0\18,5 0_-1,5\0_-1,5 16 60.jpg;0;-1,5;60
project_fotos_raw\20 x_0\18,5 0_-1,5\0_-1,5 17 90.jpg;0;-1,5;90
project_fotos_raw\20 x_0\18,5 0_-1,5\0_-1,5 18 120.jpg;0;-1,5;120
project_fotos_raw\20 x_0\18,5 0_-1,5\0_-1,5 19 150.jpg;0;-1,5;150
project_fotos_raw\20 x_0\18,5 0_-1,5\0_-1,5 20 180.jpg;0;-1,5;180
project_fotos_raw\20 x_0\18,5 0_-1,5\0_-1,5 21 210.jpg;0;-1,5;210
project_fotos_raw\20 x_0\18,5 0_-1,5\0_-1,5 22 240.jpg;0;-1,5;240
project_fotos_raw\20 x_0\18,5 0_-1,5\0_-1,5 23 270.jpg;0;-1,5;270
project_fotos_raw\20 x_0\18,5 0_-1,5\0_-1,5 24 300.jpg;0;-1,5;300
project_fotos_raw\20 x_0\18,5 0_-1,5\0_-1,5 25 330.jpg;0;-1,5;330
project_fotos_raw\20 x_0\19 0_-1\0_-1 14 0.jpg;0;-1;0
project_fotos_raw\20 x_0\19 0_-1\0_-1 15 30.jpg;0;-1;30
project_fotos_raw\20 x_0\19 0_-1\0_-1 16 60.jpg;0;-1;60
project_fotos_raw\20 x_0\19 0_-1\0_-1 17 90.jpg;0;-1;90
project_fotos_raw\20 x_0\19 0_-1\0_-1 18 120.jpg;0;-1;120
project_fotos_raw\20 x_0\19 0_-1\0_-1 19 150.jpg;0;-1;150
project_fotos_raw\20 x_0\19 0_-1\0_-1 20 180.jpg;0;-1;180
project_fotos_raw\20 x_0\19 0_-1\0_-1 21 210.jpg;0;-1;210
project_fotos_raw\20 x_0\19 0_-1\0_-1 22 240.jpg;0;-1;240
project_fotos_raw\20 x_0\19 0_-1\0_-1 23 270.jpg;0;-1;270
project_fotos_raw\20 x_0\19 0_-1\0_-1 24 300.jpg;0;-1;300
project_fotos_raw\20 x_0\19 0_-1\0_-1 25 330.jpg;0;-1;330
project_fotos_raw\20 x_0\19,5 0_-0,5\0_-0,5 14 0.jpg;0;-0,5;0
project_fotos_raw\20 x_0\19,5 0_-0,5\0_-0,5 15 30.jpg;0;-0,5;30
project_fotos_raw\20 x_0\19,5 0_-0,5\0_-0,5 16 60.jpg;0;-0,5;60
project_fotos_raw\20 x_0\19,5 0_-0,5\0_-0,5 17 90.jpg;0;-0,5;90
project_fotos_raw\20 x_0\19,5 0_-0,5\0_-0,5 18 120.jpg;0;-0,5;120
project_fotos_raw\20 x_0\19,5 0_-0,5\0_-0,5 19 150.jpg;0;-0,5;150
project_fotos_raw\20 x_0\19,5 0_-0,5\0_-0,5 20 180.jpg;0;-0,5;180
project_fotos_raw\20 x_0\19,5 0_-0,5\0_-0,5 21 210.jpg;0;-0,5;210
project_fotos_raw\20 x_0\19,5 0_-0,5\0_-0,5 22 240.jpg;0;-0,5;240
project_fotos_raw\20 x_0\19,5 0_-0,5\0_-0,5 23 270.jpg;0;-0,5;270
project_fotos_raw\20 x_0\19,5 0_-0,5\0_-0,5 24 300.jpg;0;-0,5;300
project_fotos_raw\20 x_0\19,5 0_-0,5\0_-0,5 25 330.jpg;0;-0,5;330
project_fotos_raw\20 x_0\20 0_0\0_0 14 0.jpg;0;0;0
project_fotos_raw\20 x_0\20 0_0\0_0 15 30.jpg;0;0;30
project_fotos_raw\20 x_0\20 0_0\0_0 16 60.jpg;0;0;60
project_fotos_raw\20 x_0\20 0_0\0_0 17 90.jpg;0;0;90
project_fotos_raw\20 x_0\20 0_0\0_0 18 120.jpg;0;0;120
project_fotos_raw\20 x_0\20 0_0\0_0 19 150.jpg;0;0;150
project_fotos_raw\20 x_0\20 0_0\0_0 20 180.jpg;0;0;180
project_fotos_raw\20 x_0\20 0_0\0_0 21 210.jpg;0;0;210
project_fotos_raw\20 x_0\20 0_0\0_0 22 240.jpg;0;0;240
project_fotos_raw\20 x_0\20 0_0\0_0 23 270.jpg;0;0;270
project_fotos_raw\20 x_0\20 0_0\0_0 24 300.jpg;0;0;300
project_fotos_raw\20 x_0\20 0_0\0_0 25 330.jpg;0;0;330
project_fotos_raw\20 x_0\21 0_1\0_1 14 0.jpg;0;1;0
project_fotos_raw\20 x_0\21 0_1\0_1 15 30.jpg;0;1;30
project_fotos_raw\20 x_0\21 0_1\0_1 16 60.jpg;0;1;60
project_fotos_raw\20 x_0\21 0_1\0_1 17 90.jpg;0;1;90
project_fotos_raw\20 x_0\21 0_1\0_1 18 120.jpg;0;1;120
project_fotos_raw\20 x_0\21 0_1\0_1 19 150.jpg;0;1;150
project_fotos_raw\20 x_0\21 0_1\0_1 20 180.jpg;0;1;180
project_fotos_raw\20 x_0\21 0_1\0_1 21 210.jpg;0;1;210
project_fotos_raw\20 x_0\21 0_1\0_1 22 240.jpg;0;1;240
project_fotos_raw\20 x_0\21 0_1\0_1 23 270.jpg;0;1;270
project_fotos_raw\20 x_0\21 0_1\0_1 24 300.jpg;0;1;300
project_fotos_raw\20 x_0\21 0_1\0_1 25 330.jpg;0;1;330
project_fotos_raw\20 x_0\22 0_2\0_2 14 0.jpg;0;2;0
project_fotos_raw\20 x_0\22 0_2\0_2 15 30.jpg;0;2;30
project_fotos_raw\20 x_0\22 0_2\0_2 16 60.jpg;0;2;60
project_fotos_raw\20 x_0\22 0_2\0_2 17 90.jpg;0;2;90
project_fotos_raw\20 x_0\22 0_2\0_2 18 120.jpg;0;2;120
project_fotos_raw\20 x_0\22 0_2\0_2 19 150.jpg;0;2;150
project_fotos_raw\20 x_0\22 0_2\0_2 20 180.jpg;0;2;180
project_fotos_raw\20 x_0\22 0_2\0_2 21 210.jpg;0;2;210
project_fotos_raw\20 x_0\22 0_2\0_2 22 240.jpg;0;2;240
project_fotos_raw\20 x_0\22 0_2\0_2 23 270.jpg;0;2;270
project_fotos_raw\20 x_0\22 0_2\0_2 24 300.jpg;0;2;300
project_fotos_raw\20 x_0\22 0_2\0_2 25 330.jpg;0;2;330
project_fotos_raw\20 x_0\23 0_3\0_3 14 0.jpg;0;3;0
project_fotos_raw\20 x_0\23 0_3\0_3 15 30.jpg;0;3;30
project_fotos_raw\20 x_0\23 0_3\0_3 16 60.jpg;0;3;60
project_fotos_raw\20 x_0\23 0_3\0_3 17 90.jpg;0;3;90
project_fotos_raw\20 x_0\23 0_3\0_3 18 120.jpg;0;3;120
project_fotos_raw\20 x_0\23 0_3\0_3 19 150.jpg;0;3;150
project_fotos_raw\20 x_0\23 0_3\0_3 20 180.jpg;0;3;180
project_fotos_raw\20 x_0\23 0_3\0_3 21 210.jpg;0;3;210
project_fotos_raw\20 x_0\23 0_3\0_3 22 240.jpg;0;3;240
project_fotos_raw\20 x_0\23 0_3\0_3 23 270.jpg;0;3;270
project_fotos_raw\20 x_0\23 0_3\0_3 24 300.jpg;0;3;300
project_fotos_raw\20 x_0\23 0_3\0_3 25 330.jpg;0;3;330
project_fotos_raw\20 x_0\24 0_4\0_4 14 0.jpg;0;4;0
project_fotos_raw\20 x_0\24 0_4\0_4 15 30.jpg;0;4;30
project_fotos_raw\20 x_0\24 0_4\0_4 16 60.jpg;0;4;60
project_fotos_raw\20 x_0\24 0_4\0_4 17 90.jpg;0;4;90
project_fotos_raw\20 x_0\24 0_4\0_4 18 120.jpg;0;4;120
project_fotos_raw\20 x_0\24 0_4\0_4 19 150.jpg;0;4;150
project_fotos_raw\20 x_0\24 0_4\0_4 20 180.jpg;0;4;180
project_fotos_raw\20 x_0\24 0_4\0_4 21 210.jpg;0;4;210
project_fotos_raw\20 x_0\24 0_4\0_4 22 240.jpg;0;4;240
project_fotos_raw\20 x_0\24 0_4\0_4 23 270.jpg;0;4;270
project_fotos_raw\20 x_0\24 0_4\0_4 24 300.jpg;0;4;300
project_fotos_raw\20 x_0\24 0_4\0_4 25 330.jpg;0;4;330
project_fotos_raw\20 x_0\25 0_5\0_5 14 0.jpg;0;5;0
project_fotos_raw\20 x_0\25 0_5\0_5 15 30.jpg;0;5;30
project_fotos_raw\20 x_0\25 0_5\0_5 16 60.jpg;0;5;60
project_fotos_raw\20 x_0\25 0_5\0_5 17 90.jpg;0;5;90
project_fotos_raw\20 x_0\25 0_5\0_5 18 120.jpg;0;5;120
project_fotos_raw\20 x_0\25 0_5\0_5 19 150.jpg;0;5;150
project_fotos_raw\20 x_0\25 0_5\0_5 20 180.jpg;0;5;180
project_fotos_raw\20 x_0\25 0_5\0_5 21 210.jpg;0;5;210
project_fotos_raw\20 x_0\25 0_5\0_5 22 240.jpg;0;5;240
project_fotos_raw\20 x_0\25 0_5\0_5 23 270.jpg;0;5;270
project_fotos_raw\20 x_0\25 0_5\0_5 24 300.jpg;0;5;300
project_fotos_raw\20 x_0\25 0_5\0_5 25 330.jpg;0;5;330
project_fotos_raw\20 x_0\26 0_6\0_6 14 0.jpg;0;6;0
project_fotos_raw\20 x_0\26 0_6\0_6 15 30.jpg;0;6;30
project_fotos_raw\20 x_0\26 0_6\0_6 16 60.jpg;0;6;60
project_fotos_raw\20 x_0\26 0_6\0_6 17 90.jpg;0;6;90
project_fotos_raw\20 x_0\26 0_6\0_6 18 120.jpg;0;6;120
project_fotos_raw\20 x_0\26 0_6\0_6 19 150.jpg;0;6;150
project_fotos_raw\20 x_0\26 0_6\0_6 20 180.jpg;0;6;180
project_fotos_raw\20 x_0\26 0_6\0_6 21 210.jpg;0;6;210
project_fotos_raw\20 x_0\26 0_6\0_6 22 240.jpg;0;6;240
project_fotos_raw\20 x_0\26 0_6\0_6 23 270.jpg;0;6;270
project_fotos_raw\20 x_0\26 0_6\0_6 24 300.jpg;0;6;300
project_fotos_raw\20 x_0\26 0_6\0_6 25 330.jpg;0;6;330
