﻿path;x;y;rotation
project_fotos_raw\20 x_0\14 -6_0\-6_0 14 0.jpg;-6;0;0
project_fotos_raw\20 x_0\14 -6_0\-6_0 15 30.jpg;-6;0;30
project_fotos_raw\20 x_0\14 -6_0\-6_0 16 60.jpg;-6;0;60
project_fotos_raw\20 x_0\14 -6_0\-6_0 17 90.jpg;-6;0;90
project_fotos_raw\20 x_0\14 -6_0\-6_0 18 120.jpg;-6;0;120
project_fotos_raw\20 x_0\14 -6_0\-6_0 19 150.jpg;-6;0;150
project_fotos_raw\20 x_0\14 -6_0\-6_0 20 180.jpg;-6;0;180
project_fotos_raw\20 x_0\14 -6_0\-6_0 21 210.jpg;-6;0;210
project_fotos_raw\20 x_0\14 -6_0\-6_0 22 240.jpg;-6;0;240
project_fotos_raw\20 x_0\14 -6_0\-6_0 23 270.jpg;-6;0;270
project_fotos_raw\20 x_0\14 -6_0\-6_0 24 300.jpg;-6;0;300
project_fotos_raw\20 x_0\14 -6_0\-6_0 25 330.jpg;-6;0;330
project_fotos_raw\20 x_0\14,5 -5,5_0\-5,5_0 14 0.jpg;-5,5;0;0
project_fotos_raw\20 x_0\14,5 -5,5_0\-5,5_0 15 30.jpg;-5,5;0;30
project_fotos_raw\20 x_0\14,5 -5,5_0\-5,5_0 16 60.jpg;-5,5;0;60
project_fotos_raw\20 x_0\14,5 -5,5_0\-5,5_0 17 90.jpg;-5,5;0;90
project_fotos_raw\20 x_0\14,5 -5,5_0\-5,5_0 18 120.jpg;-5,5;0;120
project_fotos_raw\20 x_0\14,5 -5,5_0\-5,5_0 19 150.jpg;-5,5;0;150
project_fotos_raw\20 x_0\14,5 -5,5_0\-5,5_0 20 180.jpg;-5,5;0;180
project_fotos_raw\20 x_0\14,5 -5,5_0\-5,5_0 21 210.jpg;-5,5;0;210
project_fotos_raw\20 x_0\14,5 -5,5_0\-5,5_0 22 240.jpg;-5,5;0;240
project_fotos_raw\20 x_0\14,5 -5,5_0\-5,5_0 23 270.jpg;-5,5;0;270
project_fotos_raw\20 x_0\14,5 -5,5_0\-5,5_0 24 300.jpg;-5,5;0;300
project_fotos_raw\20 x_0\14,5 -5,5_0\-5,5_0 25 330.jpg;-5,5;0;330
project_fotos_raw\20 x_0\15 -5_0\-5_0 14 0.jpg;-5;0;0
project_fotos_raw\20 x_0\15 -5_0\-5_0 15 30.jpg;-5;0;30
project_fotos_raw\20 x_0\15 -5_0\-5_0 16 60.jpg;-5;0;60
project_fotos_raw\20 x_0\15 -5_0\-5_0 17 90.jpg;-5;0;90
project_fotos_raw\20 x_0\15 -5_0\-5_0 18 120.jpg;-5;0;120
project_fotos_raw\20 x_0\15 -5_0\-5_0 19 150.jpg;-5;0;150
project_fotos_raw\20 x_0\15 -5_0\-5_0 20 180.jpg;-5;0;180
project_fotos_raw\20 x_0\15 -5_0\-5_0 21 210.jpg;-5;0;210
project_fotos_raw\20 x_0\15 -5_0\-5_0 22 240.jpg;-5;0;240
project_fotos_raw\20 x_0\15 -5_0\-5_0 23 270.jpg;-5;0;270
project_fotos_raw\20 x_0\15 -5_0\-5_0 24 300.jpg;-5;0;300
project_fotos_raw\20 x_0\15 -5_0\-5_0 25 330.jpg;-5;0;330
project_fotos_raw\20 x_0\15,5 -4,5_0\-4,5_0 14 0.jpg;-4,5;0;0
project_fotos_raw\20 x_0\15,5 -4,5_0\-4,5_0 15 30.jpg;-4,5;0;30
project_fotos_raw\20 x_0\15,5 -4,5_0\-4,5_0 16 60.jpg;-4,5;0;60
project_fotos_raw\20 x_0\15,5 -4,5_0\-4,5_0 17 90.jpg;-4,5;0;90
project_fotos_raw\20 x_0\15,5 -4,5_0\-4,5_0 18 120.jpg;-4,5;0;120
project_fotos_raw\20 x_0\15,5 -4,5_0\-4,5_0 19 150.jpg;-4,5;0;150
project_fotos_raw\20 x_0\15,5 -4,5_0\-4,5_0 20 180.jpg;-4,5;0;180
project_fotos_raw\20 x_0\15,5 -4,5_0\-4,5_0 21 210.jpg;-4,5;0;210
project_fotos_raw\20 x_0\15,5 -4,5_0\-4,5_0 22 240.jpg;-4,5;0;240
project_fotos_raw\20 x_0\15,5 -4,5_0\-4,5_0 23 270.jpg;-4,5;0;270
project_fotos_raw\20 x_0\15,5 -4,5_0\-4,5_0 24 300.jpg;-4,5;0;300
project_fotos_raw\20 x_0\15,5 -4,5_0\-4,5_0 25 330.jpg;-4,5;0;330
project_fotos_raw\20 x_0\16 -4_0\-4_0 14 0.jpg;-4;0;0
project_fotos_raw\20 x_0\16 -4_0\-4_0 15 30.jpg;-4;0;30
project_fotos_raw\20 x_0\16 -4_0\-4_0 16 60.jpg;-4;0;60
project_fotos_raw\20 x_0\16 -4_0\-4_0 17 90.jpg;-4;0;90
project_fotos_raw\20 x_0\16 -4_0\-4_0 18 120.jpg;-4;0;120
project_fotos_raw\20 x_0\16 -4_0\-4_0 19 150.jpg;-4;0;150
project_fotos_raw\20 x_0\16 -4_0\-4_0 20 180.jpg;-4;0;180
project_fotos_raw\20 x_0\16 -4_0\-4_0 21 210.jpg;-4;0;210
project_fotos_raw\20 x_0\16 -4_0\-4_0 22 240.jpg;-4;0;240
project_fotos_raw\20 x_0\16 -4_0\-4_0 23 270.jpg;-4;0;270
project_fotos_raw\20 x_0\16 -4_0\-4_0 24 300.jpg;-4;0;300
project_fotos_raw\20 x_0\16 -4_0\-4_0 25 330.jpg;-4;0;330
project_fotos_raw\20 x_0\16,5 -3,5_0\-3,5_0 14 0.jpg;-3,5;0;0
project_fotos_raw\20 x_0\16,5 -3,5_0\-3,5_0 15 30.jpg;-3,5;0;30
project_fotos_raw\20 x_0\16,5 -3,5_0\-3,5_0 16 60.jpg;-3,5;0;60
project_fotos_raw\20 x_0\16,5 -3,5_0\-3,5_0 17 90.jpg;-3,5;0;90
project_fotos_raw\20 x_0\16,5 -3,5_0\-3,5_0 18 120.jpg;-3,5;0;120
project_fotos_raw\20 x_0\16,5 -3,5_0\-3,5_0 19 150.jpg;-3,5;0;150
project_fotos_raw\20 x_0\16,5 -3,5_0\-3,5_0 20 180.jpg;-3,5;0;180
project_fotos_raw\20 x_0\16,5 -3,5_0\-3,5_0 21 210.jpg;-3,5;0;210
project_fotos_raw\20 x_0\16,5 -3,5_0\-3,5_0 22 240.jpg;-3,5;0;240
project_fotos_raw\20 x_0\16,5 -3,5_0\-3,5_0 23 270.jpg;-3,5;0;270
project_fotos_raw\20 x_0\16,5 -3,5_0\-3,5_0 24 300.jpg;-3,5;0;300
project_fotos_raw\20 x_0\16,5 -3,5_0\-3,5_0 25 330.jpg;-3,5;0;330
project_fotos_raw\20 x_0\17 -3_0\-3_0 14 0.jpg;-3;0;0
project_fotos_raw\20 x_0\17 -3_0\-3_0 15 30.jpg;-3;0;30
project_fotos_raw\20 x_0\17 -3_0\-3_0 16 60.jpg;-3;0;60
project_fotos_raw\20 x_0\17 -3_0\-3_0 17 90.jpg;-3;0;90
project_fotos_raw\20 x_0\17 -3_0\-3_0 18 120.jpg;-3;0;120
project_fotos_raw\20 x_0\17 -3_0\-3_0 19 150.jpg;-3;0;150
project_fotos_raw\20 x_0\17 -3_0\-3_0 20 180.jpg;-3;0;180
project_fotos_raw\20 x_0\17 -3_0\-3_0 21 210.jpg;-3;0;210
project_fotos_raw\20 x_0\17 -3_0\-3_0 22 240.jpg;-3;0;240
project_fotos_raw\20 x_0\17 -3_0\-3_0 23 270.jpg;-3;0;270
project_fotos_raw\20 x_0\17 -3_0\-3_0 24 300.jpg;-3;0;300
project_fotos_raw\20 x_0\17 -3_0\-3_0 25 330.jpg;-3;0;330
project_fotos_raw\20 x_0\17,5 -2,5_0\-2,5_0 14 0.jpg;-2,5;0;0
project_fotos_raw\20 x_0\17,5 -2,5_0\-2,5_0 15 30.jpg;-2,5;0;30
project_fotos_raw\20 x_0\17,5 -2,5_0\-2,5_0 16 60.jpg;-2,5;0;60
project_fotos_raw\20 x_0\17,5 -2,5_0\-2,5_0 17 90.jpg;-2,5;0;90
project_fotos_raw\20 x_0\17,5 -2,5_0\-2,5_0 18 120.jpg;-2,5;0;120
project_fotos_raw\20 x_0\17,5 -2,5_0\-2,5_0 19 150.jpg;-2,5;0;150
project_fotos_raw\20 x_0\17,5 -2,5_0\-2,5_0 20 180.jpg;-2,5;0;180
project_fotos_raw\20 x_0\17,5 -2,5_0\-2,5_0 21 210.jpg;-2,5;0;210
project_fotos_raw\20 x_0\17,5 -2,5_0\-2,5_0 22 240.jpg;-2,5;0;240
project_fotos_raw\20 x_0\17,5 -2,5_0\-2,5_0 23 270.jpg;-2,5;0;270
project_fotos_raw\20 x_0\17,5 -2,5_0\-2,5_0 24 300.jpg;-2,5;0;300
project_fotos_raw\20 x_0\17,5 -2,5_0\-2,5_0 25 330.jpg;-2,5;0;330
project_fotos_raw\20 x_0\18 -2_0\-2_0 14 0.jpg;-2;0;0
project_fotos_raw\20 x_0\18 -2_0\-2_0 15 30.jpg;-2;0;30
project_fotos_raw\20 x_0\18 -2_0\-2_0 16 60.jpg;-2;0;60
project_fotos_raw\20 x_0\18 -2_0\-2_0 17 90.jpg;-2;0;90
project_fotos_raw\20 x_0\18 -2_0\-2_0 18 120.jpg;-2;0;120
project_fotos_raw\20 x_0\18 -2_0\-2_0 19 150.jpg;-2;0;150
project_fotos_raw\20 x_0\18 -2_0\-2_0 20 180.jpg;-2;0;180
project_fotos_raw\20 x_0\18 -2_0\-2_0 21 210.jpg;-2;0;210
project_fotos_raw\20 x_0\18 -2_0\-2_0 22 240.jpg;-2;0;240
project_fotos_raw\20 x_0\18 -2_0\-2_0 23 270.jpg;-2;0;270
project_fotos_raw\20 x_0\18 -2_0\-2_0 24 300.jpg;-2;0;300
project_fotos_raw\20 x_0\18 -2_0\-2_0 25 330.jpg;-2;0;330
project_fotos_raw\20 x_0\18,5 -1,5_0\-1,5_0 14 0.jpg;-1,5;0;0
project_fotos_raw\20 x_0\18,5 -1,5_0\-1,5_0 15 30.jpg;-1,5;0;30
project_fotos_raw\20 x_0\18,5 -1,5_0\-1,5_0 16 60.jpg;-1,5;0;60
project_fotos_raw\20 x_0\18,5 -1,5_0\-1,5_0 17 90.jpg;-1,5;0;90
project_fotos_raw\20 x_0\18,5 -1,5_0\-1,5_0 18 120.jpg;-1,5;0;120
project_fotos_raw\20 x_0\18,5 -1,5_0\-1,5_0 19 150.jpg;-1,5;0;150
project_fotos_raw\20 x_0\18,5 -1,5_0\-1,5_0 20 180.jpg;-1,5;0;180
project_fotos_raw\20 x_0\18,5 -1,5_0\-1,5_0 21 210.jpg;-1,5;0;210
project_fotos_raw\20 x_0\18,5 -1,5_0\-1,5_0 22 240.jpg;-1,5;0;240
project_fotos_raw\20 x_0\18,5 -1,5_0\-1,5_0 23 270.jpg;-1,5;0;270
project_fotos_raw\20 x_0\18,5 -1,5_0\-1,5_0 24 300.jpg;-1,5;0;300
project_fotos_raw\20 x_0\18,5 -1,5_0\-1,5_0 25 330.jpg;-1,5;0;330
project_fotos_raw\20 x_0\19 -1_0\-1_0 14 0.jpg;-1;0;0
project_fotos_raw\20 x_0\19 -1_0\-1_0 15 30.jpg;-1;0;30
project_fotos_raw\20 x_0\19 -1_0\-1_0 16 60.jpg;-1;0;60
project_fotos_raw\20 x_0\19 -1_0\-1_0 17 90.jpg;-1;0;90
project_fotos_raw\20 x_0\19 -1_0\-1_0 18 120.jpg;-1;0;120
project_fotos_raw\20 x_0\19 -1_0\-1_0 19 150.jpg;-1;0;150
project_fotos_raw\20 x_0\19 -1_0\-1_0 20 180.jpg;-1;0;180
project_fotos_raw\20 x_0\19 -1_0\-1_0 21 210.jpg;-1;0;210
project_fotos_raw\20 x_0\19 -1_0\-1_0 22 240.jpg;-1;0;240
project_fotos_raw\20 x_0\19 -1_0\-1_0 23 270.jpg;-1;0;270
project_fotos_raw\20 x_0\19 -1_0\-1_0 24 300.jpg;-1;0;300
project_fotos_raw\20 x_0\19 -1_0\-1_0 25 330.jpg;-1;0;330
project_fotos_raw\20 x_0\19,5 -0,5_0\-0,5_0 14 0.jpg;-0,5;0;0
project_fotos_raw\20 x_0\19,5 -0,5_0\-0,5_0 15 30.jpg;-0,5;0;30
project_fotos_raw\20 x_0\19,5 -0,5_0\-0,5_0 16 60.jpg;-0,5;0;60
project_fotos_raw\20 x_0\19,5 -0,5_0\-0,5_0 17 90.jpg;-0,5;0;90
project_fotos_raw\20 x_0\19,5 -0,5_0\-0,5_0 18 120.jpg;-0,5;0;120
project_fotos_raw\20 x_0\19,5 -0,5_0\-0,5_0 19 150.jpg;-0,5;0;150
project_fotos_raw\20 x_0\19,5 -0,5_0\-0,5_0 20 180.jpg;-0,5;0;180
project_fotos_raw\20 x_0\19,5 -0,5_0\-0,5_0 21 210.jpg;-0,5;0;210
project_fotos_raw\20 x_0\19,5 -0,5_0\-0,5_0 22 240.jpg;-0,5;0;240
project_fotos_raw\20 x_0\19,5 -0,5_0\-0,5_0 23 270.jpg;-0,5;0;270
project_fotos_raw\20 x_0\19,5 -0,5_0\-0,5_0 24 300.jpg;-0,5;0;300
project_fotos_raw\20 x_0\19,5 -0,5_0\-0,5_0 25 330.jpg;-0,5;0;330
project_fotos_raw\20 x_0\20 0_0\0_0 14 0.jpg;0;0;0
project_fotos_raw\20 x_0\20 0_0\0_0 15 30.jpg;0;0;30
project_fotos_raw\20 x_0\20 0_0\0_0 16 60.jpg;0;0;60
project_fotos_raw\20 x_0\20 0_0\0_0 17 90.jpg;0;0;90
project_fotos_raw\20 x_0\20 0_0\0_0 18 120.jpg;0;0;120
project_fotos_raw\20 x_0\20 0_0\0_0 19 150.jpg;0;0;150
project_fotos_raw\20 x_0\20 0_0\0_0 20 180.jpg;0;0;180
project_fotos_raw\20 x_0\20 0_0\0_0 21 210.jpg;0;0;210
project_fotos_raw\20 x_0\20 0_0\0_0 22 240.jpg;0;0;240
project_fotos_raw\20 x_0\20 0_0\0_0 23 270.jpg;0;0;270
project_fotos_raw\20 x_0\20 0_0\0_0 24 300.jpg;0;0;300
project_fotos_raw\20 x_0\20 0_0\0_0 25 330.jpg;0;0;330
project_fotos_raw\20 x_0\21 1_0\1_0 14 0.jpg;1;0;0
project_fotos_raw\20 x_0\21 1_0\1_0 15 30.jpg;1;0;30
project_fotos_raw\20 x_0\21 1_0\1_0 16 60.jpg;1;0;60
project_fotos_raw\20 x_0\21 1_0\1_0 17 90.jpg;1;0;90
project_fotos_raw\20 x_0\21 1_0\1_0 18 120.jpg;1;0;120
project_fotos_raw\20 x_0\21 1_0\1_0 19 150.jpg;1;0;150
project_fotos_raw\20 x_0\21 1_0\1_0 20 180.jpg;1;0;180
project_fotos_raw\20 x_0\21 1_0\1_0 21 210.jpg;1;0;210
project_fotos_raw\20 x_0\21 1_0\1_0 22 240.jpg;1;0;240
project_fotos_raw\20 x_0\21 1_0\1_0 23 270.jpg;1;0;270
project_fotos_raw\20 x_0\21 1_0\1_0 24 300.jpg;1;0;300
project_fotos_raw\20 x_0\21 1_0\1_0 25 330.jpg;1;0;330
project_fotos_raw\20 x_0\22 2_0\2_0 14 0.jpg;2;0;0
project_fotos_raw\20 x_0\22 2_0\2_0 15 30.jpg;2;0;30
project_fotos_raw\20 x_0\22 2_0\2_0 16 60.jpg;2;0;60
project_fotos_raw\20 x_0\22 2_0\2_0 17 90.jpg;2;0;90
project_fotos_raw\20 x_0\22 2_0\2_0 18 120.jpg;2;0;120
project_fotos_raw\20 x_0\22 2_0\2_0 19 150.jpg;2;0;150
project_fotos_raw\20 x_0\22 2_0\2_0 20 180.jpg;2;0;180
project_fotos_raw\20 x_0\22 2_0\2_0 21 210.jpg;2;0;210
project_fotos_raw\20 x_0\22 2_0\2_0 22 240.jpg;2;0;240
project_fotos_raw\20 x_0\22 2_0\2_0 23 270.jpg;2;0;270
project_fotos_raw\20 x_0\22 2_0\2_0 24 300.jpg;2;0;300
project_fotos_raw\20 x_0\22 2_0\2_0 25 330.jpg;2;0;330
project_fotos_raw\20 x_0\23 3_0\3_0 14 0.jpg;3;0;0
project_fotos_raw\20 x_0\23 3_0\3_0 15 30.jpg;3;0;30
project_fotos_raw\20 x_0\23 3_0\3_0 16 60.jpg;3;0;60
project_fotos_raw\20 x_0\23 3_0\3_0 17 90.jpg;3;0;90
project_fotos_raw\20 x_0\23 3_0\3_0 18 120.jpg;3;0;120
project_fotos_raw\20 x_0\23 3_0\3_0 19 150.jpg;3;0;150
project_fotos_raw\20 x_0\23 3_0\3_0 20 180.jpg;3;0;180
project_fotos_raw\20 x_0\23 3_0\3_0 21 210.jpg;3;0;210
project_fotos_raw\20 x_0\23 3_0\3_0 22 240.jpg;3;0;240
project_fotos_raw\20 x_0\23 3_0\3_0 23 270.jpg;3;0;270
project_fotos_raw\20 x_0\23 3_0\3_0 24 300.jpg;3;0;300
project_fotos_raw\20 x_0\23 3_0\3_0 25 330.jpg;3;0;330
project_fotos_raw\20 x_0\24 4_0\4_0 14 0.jpg;4;0;0
project_fotos_raw\20 x_0\24 4_0\4_0 15 30.jpg;4;0;30
project_fotos_raw\20 x_0\24 4_0\4_0 16 60.jpg;4;0;60
project_fotos_raw\20 x_0\24 4_0\4_0 17 90.jpg;4;0;90
project_fotos_raw\20 x_0\24 4_0\4_0 18 120.jpg;4;0;120
project_fotos_raw\20 x_0\24 4_0\4_0 19 150.jpg;4;0;150
project_fotos_raw\20 x_0\24 4_0\4_0 20 180.jpg;4;0;180
project_fotos_raw\20 x_0\24 4_0\4_0 21 210.jpg;4;0;210
project_fotos_raw\20 x_0\24 4_0\4_0 22 240.jpg;4;0;240
project_fotos_raw\20 x_0\24 4_0\4_0 23 270.jpg;4;0;270
project_fotos_raw\20 x_0\24 4_0\4_0 24 300.jpg;4;0;300
project_fotos_raw\20 x_0\24 4_0\4_0 25 330.jpg;4;0;330
project_fotos_raw\20 x_0\25 5_0\5_0 14 0.jpg;5;0;0
project_fotos_raw\20 x_0\25 5_0\5_0 15 30.jpg;5;0;30
project_fotos_raw\20 x_0\25 5_0\5_0 16 60.jpg;5;0;60
project_fotos_raw\20 x_0\25 5_0\5_0 17 90.jpg;5;0;90
project_fotos_raw\20 x_0\25 5_0\5_0 18 120.jpg;5;0;120
project_fotos_raw\20 x_0\25 5_0\5_0 19 150.jpg;5;0;150
project_fotos_raw\20 x_0\25 5_0\5_0 20 180.jpg;5;0;180
project_fotos_raw\20 x_0\25 5_0\5_0 21 210.jpg;5;0;210
project_fotos_raw\20 x_0\25 5_0\5_0 22 240.jpg;5;0;240
project_fotos_raw\20 x_0\25 5_0\5_0 23 270.jpg;5;0;270
project_fotos_raw\20 x_0\25 5_0\5_0 24 300.jpg;5;0;300
project_fotos_raw\20 x_0\25 5_0\5_0 25 330.jpg;5;0;330
project_fotos_raw\20 x_0\26 6_0\6_0 14 0.jpg;6;0;0
project_fotos_raw\20 x_0\26 6_0\6_0 15 30.jpg;6;0;30
project_fotos_raw\20 x_0\26 6_0\6_0 16 60.jpg;6;0;60
project_fotos_raw\20 x_0\26 6_0\6_0 17 90.jpg;6;0;90
project_fotos_raw\20 x_0\26 6_0\6_0 18 120.jpg;6;0;120
project_fotos_raw\20 x_0\26 6_0\6_0 19 150.jpg;6;0;150
project_fotos_raw\20 x_0\26 6_0\6_0 20 180.jpg;6;0;180
project_fotos_raw\20 x_0\26 6_0\6_0 21 210.jpg;6;0;210
project_fotos_raw\20 x_0\26 6_0\6_0 22 240.jpg;6;0;240
project_fotos_raw\20 x_0\26 6_0\6_0 23 270.jpg;6;0;270
project_fotos_raw\20 x_0\26 6_0\6_0 24 300.jpg;6;0;300
project_fotos_raw\20 x_0\26 6_0\6_0 25 330.jpg;6;0;330
