﻿path;x;y;rotation
project_fotos_raw\29 x_9\14 -6_9\-6_9 14 0.jpg;-6;9;0
project_fotos_raw\29 x_9\14 -6_9\-6_9 15 30.jpg;-6;9;30
project_fotos_raw\29 x_9\14 -6_9\-6_9 16 60.jpg;-6;9;60
project_fotos_raw\29 x_9\14 -6_9\-6_9 17 90.jpg;-6;9;90
project_fotos_raw\29 x_9\14 -6_9\-6_9 18 120.jpg;-6;9;120
project_fotos_raw\29 x_9\14 -6_9\-6_9 19 150.jpg;-6;9;150
project_fotos_raw\29 x_9\14 -6_9\-6_9 20 180.jpg;-6;9;180
project_fotos_raw\29 x_9\14 -6_9\-6_9 21 210.jpg;-6;9;210
project_fotos_raw\29 x_9\14 -6_9\-6_9 22 240.jpg;-6;9;240
project_fotos_raw\29 x_9\14 -6_9\-6_9 23 270.jpg;-6;9;270
project_fotos_raw\29 x_9\14 -6_9\-6_9 24 300.jpg;-6;9;300
project_fotos_raw\29 x_9\14 -6_9\-6_9 25 330.jpg;-6;9;330
project_fotos_raw\29 x_9\15 -5_9\-5_9 14 0.jpg;-5;9;0
project_fotos_raw\29 x_9\15 -5_9\-5_9 15 30.jpg;-5;9;30
project_fotos_raw\29 x_9\15 -5_9\-5_9 16 60.jpg;-5;9;60
project_fotos_raw\29 x_9\15 -5_9\-5_9 17 90.jpg;-5;9;90
project_fotos_raw\29 x_9\15 -5_9\-5_9 18 120.jpg;-5;9;120
project_fotos_raw\29 x_9\15 -5_9\-5_9 19 150.jpg;-5;9;150
project_fotos_raw\29 x_9\15 -5_9\-5_9 20 180.jpg;-5;9;180
project_fotos_raw\29 x_9\15 -5_9\-5_9 21 210.jpg;-5;9;210
project_fotos_raw\29 x_9\15 -5_9\-5_9 22 240.jpg;-5;9;240
project_fotos_raw\29 x_9\15 -5_9\-5_9 23 270.jpg;-5;9;270
project_fotos_raw\29 x_9\15 -5_9\-5_9 24 300.jpg;-5;9;300
project_fotos_raw\29 x_9\15 -5_9\-5_9 25 330.jpg;-5;9;330
project_fotos_raw\29 x_9\16 -4_9\-4_9 14 0.jpg;-4;9;0
project_fotos_raw\29 x_9\16 -4_9\-4_9 15 30.jpg;-4;9;30
project_fotos_raw\29 x_9\16 -4_9\-4_9 16 60.jpg;-4;9;60
project_fotos_raw\29 x_9\16 -4_9\-4_9 17 90.jpg;-4;9;90
project_fotos_raw\29 x_9\16 -4_9\-4_9 18 120.jpg;-4;9;120
project_fotos_raw\29 x_9\16 -4_9\-4_9 19 150.jpg;-4;9;150
project_fotos_raw\29 x_9\16 -4_9\-4_9 20 180.jpg;-4;9;180
project_fotos_raw\29 x_9\16 -4_9\-4_9 21 210.jpg;-4;9;210
project_fotos_raw\29 x_9\16 -4_9\-4_9 22 240.jpg;-4;9;240
project_fotos_raw\29 x_9\16 -4_9\-4_9 23 270.jpg;-4;9;270
project_fotos_raw\29 x_9\16 -4_9\-4_9 24 300.jpg;-4;9;300
project_fotos_raw\29 x_9\16 -4_9\-4_9 25 330.jpg;-4;9;330
project_fotos_raw\29 x_9\17 -3_9\-3_9 14 0.jpg;-3;9;0
project_fotos_raw\29 x_9\17 -3_9\-3_9 15 30.jpg;-3;9;30
project_fotos_raw\29 x_9\17 -3_9\-3_9 16 60.jpg;-3;9;60
project_fotos_raw\29 x_9\17 -3_9\-3_9 17 90.jpg;-3;9;90
project_fotos_raw\29 x_9\17 -3_9\-3_9 18 120.jpg;-3;9;120
project_fotos_raw\29 x_9\17 -3_9\-3_9 19 150.jpg;-3;9;150
project_fotos_raw\29 x_9\17 -3_9\-3_9 20 180.jpg;-3;9;180
project_fotos_raw\29 x_9\17 -3_9\-3_9 21 210.jpg;-3;9;210
project_fotos_raw\29 x_9\17 -3_9\-3_9 22 240.jpg;-3;9;240
project_fotos_raw\29 x_9\17 -3_9\-3_9 23 270.jpg;-3;9;270
project_fotos_raw\29 x_9\17 -3_9\-3_9 24 300.jpg;-3;9;300
project_fotos_raw\29 x_9\17 -3_9\-3_9 25 330.jpg;-3;9;330
project_fotos_raw\29 x_9\18 -2_9\-2_9 14 0.jpg;-2;9;0
project_fotos_raw\29 x_9\18 -2_9\-2_9 15 30.jpg;-2;9;30
project_fotos_raw\29 x_9\18 -2_9\-2_9 16 60.jpg;-2;9;60
project_fotos_raw\29 x_9\18 -2_9\-2_9 17 90.jpg;-2;9;90
project_fotos_raw\29 x_9\18 -2_9\-2_9 18 120.jpg;-2;9;120
project_fotos_raw\29 x_9\18 -2_9\-2_9 19 150.jpg;-2;9;150
project_fotos_raw\29 x_9\18 -2_9\-2_9 20 180.jpg;-2;9;180
project_fotos_raw\29 x_9\18 -2_9\-2_9 21 210.jpg;-2;9;210
project_fotos_raw\29 x_9\18 -2_9\-2_9 22 240.jpg;-2;9;240
project_fotos_raw\29 x_9\18 -2_9\-2_9 23 270.jpg;-2;9;270
project_fotos_raw\29 x_9\18 -2_9\-2_9 24 300.jpg;-2;9;300
project_fotos_raw\29 x_9\18 -2_9\-2_9 25 330.jpg;-2;9;330
project_fotos_raw\29 x_9\19,2 -0,8_9\-0,8_9 14 0.jpg;-0,8;9;0
project_fotos_raw\29 x_9\19,2 -0,8_9\-0,8_9 15 30.jpg;-0,8;9;30
project_fotos_raw\29 x_9\19,2 -0,8_9\-0,8_9 16 60.jpg;-0,8;9;60
project_fotos_raw\29 x_9\19,2 -0,8_9\-0,8_9 17 90.jpg;-0,8;9;90
project_fotos_raw\29 x_9\19,2 -0,8_9\-0,8_9 18 120.jpg;-0,8;9;120
project_fotos_raw\29 x_9\19,2 -0,8_9\-0,8_9 19 150.jpg;-0,8;9;150
project_fotos_raw\29 x_9\19,2 -0,8_9\-0,8_9 20 180.jpg;-0,8;9;180
project_fotos_raw\29 x_9\19,2 -0,8_9\-0,8_9 21 210.jpg;-0,8;9;210
project_fotos_raw\29 x_9\19,2 -0,8_9\-0,8_9 22 240.jpg;-0,8;9;240
project_fotos_raw\29 x_9\19,2 -0,8_9\-0,8_9 23 270.jpg;-0,8;9;270
project_fotos_raw\29 x_9\19,2 -0,8_9\-0,8_9 24 300.jpg;-0,8;9;300
project_fotos_raw\29 x_9\19,2 -0,8_9\-0,8_9 25 330.jpg;-0,8;9;330
project_fotos_raw\29 x_9\20 0_9\0_9 14 0.jpg;0;9;0
project_fotos_raw\29 x_9\20 0_9\0_9 15 30.jpg;0;9;30
project_fotos_raw\29 x_9\20 0_9\0_9 16 60.jpg;0;9;60
project_fotos_raw\29 x_9\20 0_9\0_9 17 90.jpg;0;9;90
project_fotos_raw\29 x_9\20 0_9\0_9 18 120.jpg;0;9;120
project_fotos_raw\29 x_9\20 0_9\0_9 19 150.jpg;0;9;150
project_fotos_raw\29 x_9\20 0_9\0_9 20 180.jpg;0;9;180
project_fotos_raw\29 x_9\20 0_9\0_9 21 210.jpg;0;9;210
project_fotos_raw\29 x_9\20 0_9\0_9 22 240.jpg;0;9;240
project_fotos_raw\29 x_9\20 0_9\0_9 23 270.jpg;0;9;270
project_fotos_raw\29 x_9\20 0_9\0_9 24 300.jpg;0;9;300
project_fotos_raw\29 x_9\20 0_9\0_9 25 330.jpg;0;9;330
project_fotos_raw\29 x_9\20,8 0,8_9\0,8_9 14 0.jpg;0,8;9;0
project_fotos_raw\29 x_9\20,8 0,8_9\0,8_9 15 30.jpg;0,8;9;30
project_fotos_raw\29 x_9\20,8 0,8_9\0,8_9 16 60.jpg;0,8;9;60
project_fotos_raw\29 x_9\20,8 0,8_9\0,8_9 17 90.jpg;0,8;9;90
project_fotos_raw\29 x_9\20,8 0,8_9\0,8_9 18 120.jpg;0,8;9;120
project_fotos_raw\29 x_9\20,8 0,8_9\0,8_9 19 150.jpg;0,8;9;150
project_fotos_raw\29 x_9\20,8 0,8_9\0,8_9 20 180.jpg;0,8;9;180
project_fotos_raw\29 x_9\20,8 0,8_9\0,8_9 21 210.jpg;0,8;9;210
project_fotos_raw\29 x_9\20,8 0,8_9\0,8_9 22 240.jpg;0,8;9;240
project_fotos_raw\29 x_9\20,8 0,8_9\0,8_9 23 270.jpg;0,8;9;270
project_fotos_raw\29 x_9\20,8 0,8_9\0,8_9 24 300.jpg;0,8;9;300
project_fotos_raw\29 x_9\20,8 0,8_9\0,8_9 25 330.jpg;0,8;9;330
project_fotos_raw\29 x_9\22 2_9\2_9 14 0.jpg;2;9;0
project_fotos_raw\29 x_9\22 2_9\2_9 15 30.jpg;2;9;30
project_fotos_raw\29 x_9\22 2_9\2_9 16 60.jpg;2;9;60
project_fotos_raw\29 x_9\22 2_9\2_9 17 90.jpg;2;9;90
project_fotos_raw\29 x_9\22 2_9\2_9 18 120.jpg;2;9;120
project_fotos_raw\29 x_9\22 2_9\2_9 19 150.jpg;2;9;150
project_fotos_raw\29 x_9\22 2_9\2_9 20 180.jpg;2;9;180
project_fotos_raw\29 x_9\22 2_9\2_9 21 210.jpg;2;9;210
project_fotos_raw\29 x_9\22 2_9\2_9 22 240.jpg;2;9;240
project_fotos_raw\29 x_9\22 2_9\2_9 23 270.jpg;2;9;270
project_fotos_raw\29 x_9\22 2_9\2_9 24 300.jpg;2;9;300
project_fotos_raw\29 x_9\22 2_9\2_9 25 330.jpg;2;9;330
project_fotos_raw\29 x_9\23 3_9\3_9 14 0.jpg;3;9;0
project_fotos_raw\29 x_9\23 3_9\3_9 15 30.jpg;3;9;30
project_fotos_raw\29 x_9\23 3_9\3_9 16 60.jpg;3;9;60
project_fotos_raw\29 x_9\23 3_9\3_9 17 90.jpg;3;9;90
project_fotos_raw\29 x_9\23 3_9\3_9 18 120.jpg;3;9;120
project_fotos_raw\29 x_9\23 3_9\3_9 19 150.jpg;3;9;150
project_fotos_raw\29 x_9\23 3_9\3_9 20 180.jpg;3;9;180
project_fotos_raw\29 x_9\23 3_9\3_9 21 210.jpg;3;9;210
project_fotos_raw\29 x_9\23 3_9\3_9 22 240.jpg;3;9;240
project_fotos_raw\29 x_9\23 3_9\3_9 23 270.jpg;3;9;270
project_fotos_raw\29 x_9\23 3_9\3_9 24 300.jpg;3;9;300
project_fotos_raw\29 x_9\23 3_9\3_9 25 330.jpg;3;9;330
project_fotos_raw\29 x_9\24 4_9\4_9 14 0.jpg;4;9;0
project_fotos_raw\29 x_9\24 4_9\4_9 15 30.jpg;4;9;30
project_fotos_raw\29 x_9\24 4_9\4_9 16 60.jpg;4;9;60
project_fotos_raw\29 x_9\24 4_9\4_9 17 90.jpg;4;9;90
project_fotos_raw\29 x_9\24 4_9\4_9 18 120.jpg;4;9;120
project_fotos_raw\29 x_9\24 4_9\4_9 19 150.jpg;4;9;150
project_fotos_raw\29 x_9\24 4_9\4_9 20 180.jpg;4;9;180
project_fotos_raw\29 x_9\24 4_9\4_9 21 210.jpg;4;9;210
project_fotos_raw\29 x_9\24 4_9\4_9 22 240.jpg;4;9;240
project_fotos_raw\29 x_9\24 4_9\4_9 23 270.jpg;4;9;270
project_fotos_raw\29 x_9\24 4_9\4_9 24 300.jpg;4;9;300
project_fotos_raw\29 x_9\24 4_9\4_9 25 330.jpg;4;9;330
project_fotos_raw\29 x_9\25 5_9\5_9 14 0.jpg;5;9;0
project_fotos_raw\29 x_9\25 5_9\5_9 15 30.jpg;5;9;30
project_fotos_raw\29 x_9\25 5_9\5_9 16 60.jpg;5;9;60
project_fotos_raw\29 x_9\25 5_9\5_9 17 90.jpg;5;9;90
project_fotos_raw\29 x_9\25 5_9\5_9 18 120.jpg;5;9;120
project_fotos_raw\29 x_9\25 5_9\5_9 19 150.jpg;5;9;150
project_fotos_raw\29 x_9\25 5_9\5_9 20 180.jpg;5;9;180
project_fotos_raw\29 x_9\25 5_9\5_9 21 210.jpg;5;9;210
project_fotos_raw\29 x_9\25 5_9\5_9 22 240.jpg;5;9;240
project_fotos_raw\29 x_9\25 5_9\5_9 23 270.jpg;5;9;270
project_fotos_raw\29 x_9\25 5_9\5_9 24 300.jpg;5;9;300
project_fotos_raw\29 x_9\25 5_9\5_9 25 330.jpg;5;9;330
project_fotos_raw\29 x_9\26 6_9\6_9 14 0.jpg;6;9;0
project_fotos_raw\29 x_9\26 6_9\6_9 15 30.jpg;6;9;30
project_fotos_raw\29 x_9\26 6_9\6_9 16 60.jpg;6;9;60
project_fotos_raw\29 x_9\26 6_9\6_9 17 90.jpg;6;9;90
project_fotos_raw\29 x_9\26 6_9\6_9 18 120.jpg;6;9;120
project_fotos_raw\29 x_9\26 6_9\6_9 19 150.jpg;6;9;150
project_fotos_raw\29 x_9\26 6_9\6_9 20 180.jpg;6;9;180
project_fotos_raw\29 x_9\26 6_9\6_9 21 210.jpg;6;9;210
project_fotos_raw\29 x_9\26 6_9\6_9 22 240.jpg;6;9;240
project_fotos_raw\29 x_9\26 6_9\6_9 23 270.jpg;6;9;270
project_fotos_raw\29 x_9\26 6_9\6_9 24 300.jpg;6;9;300
project_fotos_raw\29 x_9\26 6_9\6_9 25 330.jpg;6;9;330
