﻿path;x;y;rotation
project_fotos_raw\14 x_-6\14 -6_-6\-6_-6 14 0.jpg;-6;-6;0
project_fotos_raw\14 x_-6\14 -6_-6\-6_-6 15 30.jpg;-6;-6;30
project_fotos_raw\14 x_-6\14 -6_-6\-6_-6 16 60.jpg;-6;-6;60
project_fotos_raw\14 x_-6\14 -6_-6\-6_-6 17 90.jpg;-6;-6;90
project_fotos_raw\14 x_-6\14 -6_-6\-6_-6 18 120.jpg;-6;-6;120
project_fotos_raw\14 x_-6\14 -6_-6\-6_-6 19 150.jpg;-6;-6;150
project_fotos_raw\14 x_-6\14 -6_-6\-6_-6 20 180.jpg;-6;-6;180
project_fotos_raw\14 x_-6\14 -6_-6\-6_-6 21 210.jpg;-6;-6;210
project_fotos_raw\14 x_-6\14 -6_-6\-6_-6 22 240.jpg;-6;-6;240
project_fotos_raw\14 x_-6\14 -6_-6\-6_-6 23 270.jpg;-6;-6;270
project_fotos_raw\14 x_-6\14 -6_-6\-6_-6 24 300.jpg;-6;-6;300
project_fotos_raw\14 x_-6\14 -6_-6\-6_-6 25 330.jpg;-6;-6;330
project_fotos_raw\14 x_-6\15 -5_-6\-5_-6 14 0.jpg;-5;-6;0
project_fotos_raw\14 x_-6\15 -5_-6\-5_-6 15 30.jpg;-5;-6;30
project_fotos_raw\14 x_-6\15 -5_-6\-5_-6 16 60.jpg;-5;-6;60
project_fotos_raw\14 x_-6\15 -5_-6\-5_-6 17 90.jpg;-5;-6;90
project_fotos_raw\14 x_-6\15 -5_-6\-5_-6 18 120.jpg;-5;-6;120
project_fotos_raw\14 x_-6\15 -5_-6\-5_-6 19 150.jpg;-5;-6;150
project_fotos_raw\14 x_-6\15 -5_-6\-5_-6 20 180.jpg;-5;-6;180
project_fotos_raw\14 x_-6\15 -5_-6\-5_-6 21 210.jpg;-5;-6;210
project_fotos_raw\14 x_-6\15 -5_-6\-5_-6 22 240.jpg;-5;-6;240
project_fotos_raw\14 x_-6\15 -5_-6\-5_-6 23 270.jpg;-5;-6;270
project_fotos_raw\14 x_-6\15 -5_-6\-5_-6 24 300.jpg;-5;-6;300
project_fotos_raw\14 x_-6\15 -5_-6\-5_-6 25 330.jpg;-5;-6;330
project_fotos_raw\14 x_-6\16 -4_-6\-4_-6 14 0.jpg;-4;-6;0
project_fotos_raw\14 x_-6\16 -4_-6\-4_-6 15 30.jpg;-4;-6;30
project_fotos_raw\14 x_-6\16 -4_-6\-4_-6 16 60.jpg;-4;-6;60
project_fotos_raw\14 x_-6\16 -4_-6\-4_-6 17 90.jpg;-4;-6;90
project_fotos_raw\14 x_-6\16 -4_-6\-4_-6 18 120.jpg;-4;-6;120
project_fotos_raw\14 x_-6\16 -4_-6\-4_-6 19 150.jpg;-4;-6;150
project_fotos_raw\14 x_-6\16 -4_-6\-4_-6 20 180.jpg;-4;-6;180
project_fotos_raw\14 x_-6\16 -4_-6\-4_-6 21 210.jpg;-4;-6;210
project_fotos_raw\14 x_-6\16 -4_-6\-4_-6 22 240.jpg;-4;-6;240
project_fotos_raw\14 x_-6\16 -4_-6\-4_-6 23 270.jpg;-4;-6;270
project_fotos_raw\14 x_-6\16 -4_-6\-4_-6 24 300.jpg;-4;-6;300
project_fotos_raw\14 x_-6\16 -4_-6\-4_-6 25 330.jpg;-4;-6;330
project_fotos_raw\14 x_-6\17 -3_-6\-3_-6 14 0.jpg;-3;-6;0
project_fotos_raw\14 x_-6\17 -3_-6\-3_-6 15 30.jpg;-3;-6;30
project_fotos_raw\14 x_-6\17 -3_-6\-3_-6 16 60.jpg;-3;-6;60
project_fotos_raw\14 x_-6\17 -3_-6\-3_-6 17 90.jpg;-3;-6;90
project_fotos_raw\14 x_-6\17 -3_-6\-3_-6 18 120.jpg;-3;-6;120
project_fotos_raw\14 x_-6\17 -3_-6\-3_-6 19 150.jpg;-3;-6;150
project_fotos_raw\14 x_-6\17 -3_-6\-3_-6 20 180.jpg;-3;-6;180
project_fotos_raw\14 x_-6\17 -3_-6\-3_-6 21 210.jpg;-3;-6;210
project_fotos_raw\14 x_-6\17 -3_-6\-3_-6 22 240.jpg;-3;-6;240
project_fotos_raw\14 x_-6\17 -3_-6\-3_-6 23 270.jpg;-3;-6;270
project_fotos_raw\14 x_-6\17 -3_-6\-3_-6 24 300.jpg;-3;-6;300
project_fotos_raw\14 x_-6\17 -3_-6\-3_-6 25 330.jpg;-3;-6;330
project_fotos_raw\14 x_-6\18 -2_-6\-2_-6 14 0.jpg;-2;-6;0
project_fotos_raw\14 x_-6\18 -2_-6\-2_-6 15 30.jpg;-2;-6;30
project_fotos_raw\14 x_-6\18 -2_-6\-2_-6 16 60.jpg;-2;-6;60
project_fotos_raw\14 x_-6\18 -2_-6\-2_-6 17 90.jpg;-2;-6;90
project_fotos_raw\14 x_-6\18 -2_-6\-2_-6 18 120.jpg;-2;-6;120
project_fotos_raw\14 x_-6\18 -2_-6\-2_-6 19 150.jpg;-2;-6;150
project_fotos_raw\14 x_-6\18 -2_-6\-2_-6 20 180.jpg;-2;-6;180
project_fotos_raw\14 x_-6\18 -2_-6\-2_-6 21 210.jpg;-2;-6;210
project_fotos_raw\14 x_-6\18 -2_-6\-2_-6 22 240.jpg;-2;-6;240
project_fotos_raw\14 x_-6\18 -2_-6\-2_-6 23 270.jpg;-2;-6;270
project_fotos_raw\14 x_-6\18 -2_-6\-2_-6 24 300.jpg;-2;-6;300
project_fotos_raw\14 x_-6\18 -2_-6\-2_-6 25 330.jpg;-2;-6;330
project_fotos_raw\14 x_-6\19 -1_-6\-1_-6 14 0.jpg;-1;-6;0
project_fotos_raw\14 x_-6\19 -1_-6\-1_-6 15 30.jpg;-1;-6;30
project_fotos_raw\14 x_-6\19 -1_-6\-1_-6 16 60.jpg;-1;-6;60
project_fotos_raw\14 x_-6\19 -1_-6\-1_-6 17 90.jpg;-1;-6;90
project_fotos_raw\14 x_-6\19 -1_-6\-1_-6 18 120.jpg;-1;-6;120
project_fotos_raw\14 x_-6\19 -1_-6\-1_-6 19 150.jpg;-1;-6;150
project_fotos_raw\14 x_-6\19 -1_-6\-1_-6 20 180.jpg;-1;-6;180
project_fotos_raw\14 x_-6\19 -1_-6\-1_-6 21 210.jpg;-1;-6;210
project_fotos_raw\14 x_-6\19 -1_-6\-1_-6 22 240.jpg;-1;-6;240
project_fotos_raw\14 x_-6\19 -1_-6\-1_-6 23 270.jpg;-1;-6;270
project_fotos_raw\14 x_-6\19 -1_-6\-1_-6 24 300.jpg;-1;-6;300
project_fotos_raw\14 x_-6\19 -1_-6\-1_-6 25 330.jpg;-1;-6;330
project_fotos_raw\14 x_-6\20 0_-6\0_-6 14 0.jpg;0;-6;0
project_fotos_raw\14 x_-6\20 0_-6\0_-6 15 30.jpg;0;-6;30
project_fotos_raw\14 x_-6\20 0_-6\0_-6 16 60.jpg;0;-6;60
project_fotos_raw\14 x_-6\20 0_-6\0_-6 17 90.jpg;0;-6;90
project_fotos_raw\14 x_-6\20 0_-6\0_-6 18 120.jpg;0;-6;120
project_fotos_raw\14 x_-6\20 0_-6\0_-6 19 150.jpg;0;-6;150
project_fotos_raw\14 x_-6\20 0_-6\0_-6 20 180.jpg;0;-6;180
project_fotos_raw\14 x_-6\20 0_-6\0_-6 21 210.jpg;0;-6;210
project_fotos_raw\14 x_-6\20 0_-6\0_-6 22 240.jpg;0;-6;240
project_fotos_raw\14 x_-6\20 0_-6\0_-6 23 270.jpg;0;-6;270
project_fotos_raw\14 x_-6\20 0_-6\0_-6 24 300.jpg;0;-6;300
project_fotos_raw\14 x_-6\20 0_-6\0_-6 25 330.jpg;0;-6;330
project_fotos_raw\14 x_-6\21 1_-6\1_-6 14 0.jpg;1;-6;0
project_fotos_raw\14 x_-6\21 1_-6\1_-6 15 30.jpg;1;-6;30
project_fotos_raw\14 x_-6\21 1_-6\1_-6 16 60.jpg;1;-6;60
project_fotos_raw\14 x_-6\21 1_-6\1_-6 17 90.jpg;1;-6;90
project_fotos_raw\14 x_-6\21 1_-6\1_-6 18 120.jpg;1;-6;120
project_fotos_raw\14 x_-6\21 1_-6\1_-6 19 150.jpg;1;-6;150
project_fotos_raw\14 x_-6\21 1_-6\1_-6 20 180.jpg;1;-6;180
project_fotos_raw\14 x_-6\21 1_-6\1_-6 21 210.jpg;1;-6;210
project_fotos_raw\14 x_-6\21 1_-6\1_-6 22 240.jpg;1;-6;240
project_fotos_raw\14 x_-6\21 1_-6\1_-6 23 270.jpg;1;-6;270
project_fotos_raw\14 x_-6\21 1_-6\1_-6 24 300.jpg;1;-6;300
project_fotos_raw\14 x_-6\21 1_-6\1_-6 25 330.jpg;1;-6;330
project_fotos_raw\14 x_-6\22 2_-6\2_-6 14 0.jpg;2;-6;0
project_fotos_raw\14 x_-6\22 2_-6\2_-6 15 30.jpg;2;-6;30
project_fotos_raw\14 x_-6\22 2_-6\2_-6 16 60.jpg;2;-6;60
project_fotos_raw\14 x_-6\22 2_-6\2_-6 17 90.jpg;2;-6;90
project_fotos_raw\14 x_-6\22 2_-6\2_-6 18 120.jpg;2;-6;120
project_fotos_raw\14 x_-6\22 2_-6\2_-6 19 150.jpg;2;-6;150
project_fotos_raw\14 x_-6\22 2_-6\2_-6 20 180.jpg;2;-6;180
project_fotos_raw\14 x_-6\22 2_-6\2_-6 21 210.jpg;2;-6;210
project_fotos_raw\14 x_-6\22 2_-6\2_-6 22 240.jpg;2;-6;240
project_fotos_raw\14 x_-6\22 2_-6\2_-6 23 270.jpg;2;-6;270
project_fotos_raw\14 x_-6\22 2_-6\2_-6 24 300.jpg;2;-6;300
project_fotos_raw\14 x_-6\22 2_-6\2_-6 25 330.jpg;2;-6;330
project_fotos_raw\14 x_-6\23 3_-6\3_-6 14 0.jpg;3;-6;0
project_fotos_raw\14 x_-6\23 3_-6\3_-6 15 30.jpg;3;-6;30
project_fotos_raw\14 x_-6\23 3_-6\3_-6 16 60.jpg;3;-6;60
project_fotos_raw\14 x_-6\23 3_-6\3_-6 17 90.jpg;3;-6;90
project_fotos_raw\14 x_-6\23 3_-6\3_-6 18 120.jpg;3;-6;120
project_fotos_raw\14 x_-6\23 3_-6\3_-6 19 150.jpg;3;-6;150
project_fotos_raw\14 x_-6\23 3_-6\3_-6 20 180.jpg;3;-6;180
project_fotos_raw\14 x_-6\23 3_-6\3_-6 21 210.jpg;3;-6;210
project_fotos_raw\14 x_-6\23 3_-6\3_-6 22 240.jpg;3;-6;240
project_fotos_raw\14 x_-6\23 3_-6\3_-6 23 270.jpg;3;-6;270
project_fotos_raw\14 x_-6\23 3_-6\3_-6 24 300.jpg;3;-6;300
project_fotos_raw\14 x_-6\23 3_-6\3_-6 25 330.jpg;3;-6;330
project_fotos_raw\14 x_-6\24 4_-6\4_-6 14 0.jpg;4;-6;0
project_fotos_raw\14 x_-6\24 4_-6\4_-6 15 30.jpg;4;-6;30
project_fotos_raw\14 x_-6\24 4_-6\4_-6 16 60.jpg;4;-6;60
project_fotos_raw\14 x_-6\24 4_-6\4_-6 17 90.jpg;4;-6;90
project_fotos_raw\14 x_-6\24 4_-6\4_-6 18 120.jpg;4;-6;120
project_fotos_raw\14 x_-6\24 4_-6\4_-6 19 150.jpg;4;-6;150
project_fotos_raw\14 x_-6\24 4_-6\4_-6 20 180.jpg;4;-6;180
project_fotos_raw\14 x_-6\24 4_-6\4_-6 21 210.jpg;4;-6;210
project_fotos_raw\14 x_-6\24 4_-6\4_-6 22 240.jpg;4;-6;240
project_fotos_raw\14 x_-6\24 4_-6\4_-6 23 270.jpg;4;-6;270
project_fotos_raw\14 x_-6\24 4_-6\4_-6 24 300.jpg;4;-6;300
project_fotos_raw\14 x_-6\24 4_-6\4_-6 25 330.jpg;4;-6;330
project_fotos_raw\14 x_-6\25 5_-6\5_-6 14 0.jpg;5;-6;0
project_fotos_raw\14 x_-6\25 5_-6\5_-6 15 30.jpg;5;-6;30
project_fotos_raw\14 x_-6\25 5_-6\5_-6 16 60.jpg;5;-6;60
project_fotos_raw\14 x_-6\25 5_-6\5_-6 17 90.jpg;5;-6;90
project_fotos_raw\14 x_-6\25 5_-6\5_-6 18 120.jpg;5;-6;120
project_fotos_raw\14 x_-6\25 5_-6\5_-6 19 150.jpg;5;-6;150
project_fotos_raw\14 x_-6\25 5_-6\5_-6 20 180.jpg;5;-6;180
project_fotos_raw\14 x_-6\25 5_-6\5_-6 21 210.jpg;5;-6;210
project_fotos_raw\14 x_-6\25 5_-6\5_-6 22 240.jpg;5;-6;240
project_fotos_raw\14 x_-6\25 5_-6\5_-6 23 270.jpg;5;-6;270
project_fotos_raw\14 x_-6\25 5_-6\5_-6 24 300.jpg;5;-6;300
project_fotos_raw\14 x_-6\25 5_-6\5_-6 25 330.jpg;5;-6;330
project_fotos_raw\14 x_-6\26 6_-6\6_-6 14 0.jpg;6;-6;0
project_fotos_raw\14 x_-6\26 6_-6\6_-6 15 30.jpg;6;-6;30
project_fotos_raw\14 x_-6\26 6_-6\6_-6 16 60.jpg;6;-6;60
project_fotos_raw\14 x_-6\26 6_-6\6_-6 17 90.jpg;6;-6;90
project_fotos_raw\14 x_-6\26 6_-6\6_-6 18 120.jpg;6;-6;120
project_fotos_raw\14 x_-6\26 6_-6\6_-6 19 150.jpg;6;-6;150
project_fotos_raw\14 x_-6\26 6_-6\6_-6 20 180.jpg;6;-6;180
project_fotos_raw\14 x_-6\26 6_-6\6_-6 21 210.jpg;6;-6;210
project_fotos_raw\14 x_-6\26 6_-6\6_-6 22 240.jpg;6;-6;240
project_fotos_raw\14 x_-6\26 6_-6\6_-6 23 270.jpg;6;-6;270
project_fotos_raw\14 x_-6\26 6_-6\6_-6 24 300.jpg;6;-6;300
project_fotos_raw\14 x_-6\26 6_-6\6_-6 25 330.jpg;6;-6;330
