﻿path;x;y;rotation
project_fotos_raw\14 x_-6\14 -6_-6\-6_-6 14 0.jpg;-6;-6;0
project_fotos_raw\14 x_-6\14 -6_-6\-6_-6 15 30.jpg;-6;-6;30
project_fotos_raw\14 x_-6\14 -6_-6\-6_-6 16 60.jpg;-6;-6;60
project_fotos_raw\14 x_-6\14 -6_-6\-6_-6 17 90.jpg;-6;-6;90
project_fotos_raw\14 x_-6\14 -6_-6\-6_-6 18 120.jpg;-6;-6;120
project_fotos_raw\14 x_-6\14 -6_-6\-6_-6 19 150.jpg;-6;-6;150
project_fotos_raw\14 x_-6\14 -6_-6\-6_-6 20 180.jpg;-6;-6;180
project_fotos_raw\14 x_-6\14 -6_-6\-6_-6 21 210.jpg;-6;-6;210
project_fotos_raw\14 x_-6\14 -6_-6\-6_-6 22 240.jpg;-6;-6;240
project_fotos_raw\14 x_-6\14 -6_-6\-6_-6 23 270.jpg;-6;-6;270
project_fotos_raw\14 x_-6\14 -6_-6\-6_-6 24 300.jpg;-6;-6;300
project_fotos_raw\14 x_-6\14 -6_-6\-6_-6 25 330.jpg;-6;-6;330
project_fotos_raw\14 x_-6\15 -6_-5\-6_-5 14 0.jpg;-6;-5;0
project_fotos_raw\14 x_-6\15 -6_-5\-6_-5 15 30.jpg;-6;-5;30
project_fotos_raw\14 x_-6\15 -6_-5\-6_-5 16 60.jpg;-6;-5;60
project_fotos_raw\14 x_-6\15 -6_-5\-6_-5 17 90.jpg;-6;-5;90
project_fotos_raw\14 x_-6\15 -6_-5\-6_-5 18 120.jpg;-6;-5;120
project_fotos_raw\14 x_-6\15 -6_-5\-6_-5 19 150.jpg;-6;-5;150
project_fotos_raw\14 x_-6\15 -6_-5\-6_-5 20 180.jpg;-6;-5;180
project_fotos_raw\14 x_-6\15 -6_-5\-6_-5 21 210.jpg;-6;-5;210
project_fotos_raw\14 x_-6\15 -6_-5\-6_-5 22 240.jpg;-6;-5;240
project_fotos_raw\14 x_-6\15 -6_-5\-6_-5 23 270.jpg;-6;-5;270
project_fotos_raw\14 x_-6\15 -6_-5\-6_-5 24 300.jpg;-6;-5;300
project_fotos_raw\14 x_-6\15 -6_-5\-6_-5 25 330.jpg;-6;-5;330
project_fotos_raw\14 x_-6\16 -6_-4\-6_-4 14 0.jpg;-6;-4;0
project_fotos_raw\14 x_-6\16 -6_-4\-6_-4 15 30.jpg;-6;-4;30
project_fotos_raw\14 x_-6\16 -6_-4\-6_-4 16 60.jpg;-6;-4;60
project_fotos_raw\14 x_-6\16 -6_-4\-6_-4 17 90.jpg;-6;-4;90
project_fotos_raw\14 x_-6\16 -6_-4\-6_-4 18 120.jpg;-6;-4;120
project_fotos_raw\14 x_-6\16 -6_-4\-6_-4 19 150.jpg;-6;-4;150
project_fotos_raw\14 x_-6\16 -6_-4\-6_-4 20 180.jpg;-6;-4;180
project_fotos_raw\14 x_-6\16 -6_-4\-6_-4 21 210.jpg;-6;-4;210
project_fotos_raw\14 x_-6\16 -6_-4\-6_-4 22 240.jpg;-6;-4;240
project_fotos_raw\14 x_-6\16 -6_-4\-6_-4 23 270.jpg;-6;-4;270
project_fotos_raw\14 x_-6\16 -6_-4\-6_-4 24 300.jpg;-6;-4;300
project_fotos_raw\14 x_-6\16 -6_-4\-6_-4 25 330.jpg;-6;-4;330
project_fotos_raw\14 x_-6\17 -6_-3\-6_-3 14 0.jpg;-6;-3;0
project_fotos_raw\14 x_-6\17 -6_-3\-6_-3 15 30.jpg;-6;-3;30
project_fotos_raw\14 x_-6\17 -6_-3\-6_-3 16 60.jpg;-6;-3;60
project_fotos_raw\14 x_-6\17 -6_-3\-6_-3 17 90.jpg;-6;-3;90
project_fotos_raw\14 x_-6\17 -6_-3\-6_-3 18 120.jpg;-6;-3;120
project_fotos_raw\14 x_-6\17 -6_-3\-6_-3 19 150.jpg;-6;-3;150
project_fotos_raw\14 x_-6\17 -6_-3\-6_-3 20 180.jpg;-6;-3;180
project_fotos_raw\14 x_-6\17 -6_-3\-6_-3 21 210.jpg;-6;-3;210
project_fotos_raw\14 x_-6\17 -6_-3\-6_-3 22 240.jpg;-6;-3;240
project_fotos_raw\14 x_-6\17 -6_-3\-6_-3 23 270.jpg;-6;-3;270
project_fotos_raw\14 x_-6\17 -6_-3\-6_-3 24 300.jpg;-6;-3;300
project_fotos_raw\14 x_-6\17 -6_-3\-6_-3 25 330.jpg;-6;-3;330
project_fotos_raw\14 x_-6\18 -6_-2\-6_-2 14 0.jpg;-6;-2;0
project_fotos_raw\14 x_-6\18 -6_-2\-6_-2 15 30.jpg;-6;-2;30
project_fotos_raw\14 x_-6\18 -6_-2\-6_-2 16 60.jpg;-6;-2;60
project_fotos_raw\14 x_-6\18 -6_-2\-6_-2 17 90.jpg;-6;-2;90
project_fotos_raw\14 x_-6\18 -6_-2\-6_-2 18 120.jpg;-6;-2;120
project_fotos_raw\14 x_-6\18 -6_-2\-6_-2 19 150.jpg;-6;-2;150
project_fotos_raw\14 x_-6\18 -6_-2\-6_-2 20 180.jpg;-6;-2;180
project_fotos_raw\14 x_-6\18 -6_-2\-6_-2 21 210.jpg;-6;-2;210
project_fotos_raw\14 x_-6\18 -6_-2\-6_-2 22 240.jpg;-6;-2;240
project_fotos_raw\14 x_-6\18 -6_-2\-6_-2 23 270.jpg;-6;-2;270
project_fotos_raw\14 x_-6\18 -6_-2\-6_-2 24 300.jpg;-6;-2;300
project_fotos_raw\14 x_-6\18 -6_-2\-6_-2 25 330.jpg;-6;-2;330
project_fotos_raw\14 x_-6\19 -6_-1\-6_-1 14 0.jpg;-6;-1;0
project_fotos_raw\14 x_-6\19 -6_-1\-6_-1 15 30.jpg;-6;-1;30
project_fotos_raw\14 x_-6\19 -6_-1\-6_-1 16 60.jpg;-6;-1;60
project_fotos_raw\14 x_-6\19 -6_-1\-6_-1 17 90.jpg;-6;-1;90
project_fotos_raw\14 x_-6\19 -6_-1\-6_-1 18 120.jpg;-6;-1;120
project_fotos_raw\14 x_-6\19 -6_-1\-6_-1 19 150.jpg;-6;-1;150
project_fotos_raw\14 x_-6\19 -6_-1\-6_-1 20 180.jpg;-6;-1;180
project_fotos_raw\14 x_-6\19 -6_-1\-6_-1 21 210.jpg;-6;-1;210
project_fotos_raw\14 x_-6\19 -6_-1\-6_-1 22 240.jpg;-6;-1;240
project_fotos_raw\14 x_-6\19 -6_-1\-6_-1 23 270.jpg;-6;-1;270
project_fotos_raw\14 x_-6\19 -6_-1\-6_-1 24 300.jpg;-6;-1;300
project_fotos_raw\14 x_-6\19 -6_-1\-6_-1 25 330.jpg;-6;-1;330
project_fotos_raw\14 x_-6\20 -6_0\-6_0 14 0.jpg;-6;0;0
project_fotos_raw\14 x_-6\20 -6_0\-6_0 15 30.jpg;-6;0;30
project_fotos_raw\14 x_-6\20 -6_0\-6_0 16 60.jpg;-6;0;60
project_fotos_raw\14 x_-6\20 -6_0\-6_0 17 90.jpg;-6;0;90
project_fotos_raw\14 x_-6\20 -6_0\-6_0 18 120.jpg;-6;0;120
project_fotos_raw\14 x_-6\20 -6_0\-6_0 19 150.jpg;-6;0;150
project_fotos_raw\14 x_-6\20 -6_0\-6_0 20 180.jpg;-6;0;180
project_fotos_raw\14 x_-6\20 -6_0\-6_0 21 210.jpg;-6;0;210
project_fotos_raw\14 x_-6\20 -6_0\-6_0 22 240.jpg;-6;0;240
project_fotos_raw\14 x_-6\20 -6_0\-6_0 23 270.jpg;-6;0;270
project_fotos_raw\14 x_-6\20 -6_0\-6_0 24 300.jpg;-6;0;300
project_fotos_raw\14 x_-6\20 -6_0\-6_0 25 330.jpg;-6;0;330
project_fotos_raw\14 x_-6\21 -6_1\-6_1 14 0.jpg;-6;1;0
project_fotos_raw\14 x_-6\21 -6_1\-6_1 15 30.jpg;-6;1;30
project_fotos_raw\14 x_-6\21 -6_1\-6_1 16 60.jpg;-6;1;60
project_fotos_raw\14 x_-6\21 -6_1\-6_1 17 90.jpg;-6;1;90
project_fotos_raw\14 x_-6\21 -6_1\-6_1 18 120.jpg;-6;1;120
project_fotos_raw\14 x_-6\21 -6_1\-6_1 19 150.jpg;-6;1;150
project_fotos_raw\14 x_-6\21 -6_1\-6_1 20 180.jpg;-6;1;180
project_fotos_raw\14 x_-6\21 -6_1\-6_1 21 210.jpg;-6;1;210
project_fotos_raw\14 x_-6\21 -6_1\-6_1 22 240.jpg;-6;1;240
project_fotos_raw\14 x_-6\21 -6_1\-6_1 23 270.jpg;-6;1;270
project_fotos_raw\14 x_-6\21 -6_1\-6_1 24 300.jpg;-6;1;300
project_fotos_raw\14 x_-6\21 -6_1\-6_1 25 330.jpg;-6;1;330
project_fotos_raw\14 x_-6\22 -6_2\-6_2 14 0.jpg;-6;2;0
project_fotos_raw\14 x_-6\22 -6_2\-6_2 15 30.jpg;-6;2;30
project_fotos_raw\14 x_-6\22 -6_2\-6_2 16 60.jpg;-6;2;60
project_fotos_raw\14 x_-6\22 -6_2\-6_2 17 90.jpg;-6;2;90
project_fotos_raw\14 x_-6\22 -6_2\-6_2 18 120.jpg;-6;2;120
project_fotos_raw\14 x_-6\22 -6_2\-6_2 19 150.jpg;-6;2;150
project_fotos_raw\14 x_-6\22 -6_2\-6_2 20 180.jpg;-6;2;180
project_fotos_raw\14 x_-6\22 -6_2\-6_2 21 210.jpg;-6;2;210
project_fotos_raw\14 x_-6\22 -6_2\-6_2 22 240.jpg;-6;2;240
project_fotos_raw\14 x_-6\22 -6_2\-6_2 23 270.jpg;-6;2;270
project_fotos_raw\14 x_-6\22 -6_2\-6_2 24 300.jpg;-6;2;300
project_fotos_raw\14 x_-6\22 -6_2\-6_2 25 330.jpg;-6;2;330
project_fotos_raw\14 x_-6\23 -6_3\-6_3 14 0.jpg;-6;3;0
project_fotos_raw\14 x_-6\23 -6_3\-6_3 15 30.jpg;-6;3;30
project_fotos_raw\14 x_-6\23 -6_3\-6_3 16 60.jpg;-6;3;60
project_fotos_raw\14 x_-6\23 -6_3\-6_3 17 90.jpg;-6;3;90
project_fotos_raw\14 x_-6\23 -6_3\-6_3 18 120.jpg;-6;3;120
project_fotos_raw\14 x_-6\23 -6_3\-6_3 19 150.jpg;-6;3;150
project_fotos_raw\14 x_-6\23 -6_3\-6_3 20 180.jpg;-6;3;180
project_fotos_raw\14 x_-6\23 -6_3\-6_3 21 210.jpg;-6;3;210
project_fotos_raw\14 x_-6\23 -6_3\-6_3 22 240.jpg;-6;3;240
project_fotos_raw\14 x_-6\23 -6_3\-6_3 23 270.jpg;-6;3;270
project_fotos_raw\14 x_-6\23 -6_3\-6_3 24 300.jpg;-6;3;300
project_fotos_raw\14 x_-6\23 -6_3\-6_3 25 330.jpg;-6;3;330
project_fotos_raw\14 x_-6\24 -6_4\-6_4 14 0.jpg;-6;4;0
project_fotos_raw\14 x_-6\24 -6_4\-6_4 15 30.jpg;-6;4;30
project_fotos_raw\14 x_-6\24 -6_4\-6_4 16 60.jpg;-6;4;60
project_fotos_raw\14 x_-6\24 -6_4\-6_4 17 90.jpg;-6;4;90
project_fotos_raw\14 x_-6\24 -6_4\-6_4 18 120.jpg;-6;4;120
project_fotos_raw\14 x_-6\24 -6_4\-6_4 19 150.jpg;-6;4;150
project_fotos_raw\14 x_-6\24 -6_4\-6_4 20 180.jpg;-6;4;180
project_fotos_raw\14 x_-6\24 -6_4\-6_4 21 210.jpg;-6;4;210
project_fotos_raw\14 x_-6\24 -6_4\-6_4 22 240.jpg;-6;4;240
project_fotos_raw\14 x_-6\24 -6_4\-6_4 23 270.jpg;-6;4;270
project_fotos_raw\14 x_-6\24 -6_4\-6_4 24 300.jpg;-6;4;300
project_fotos_raw\14 x_-6\24 -6_4\-6_4 25 330.jpg;-6;4;330
project_fotos_raw\14 x_-6\25 -6_5\-6_5 14 0.jpg;-6;5;0
project_fotos_raw\14 x_-6\25 -6_5\-6_5 15 30.jpg;-6;5;30
project_fotos_raw\14 x_-6\25 -6_5\-6_5 16 60.jpg;-6;5;60
project_fotos_raw\14 x_-6\25 -6_5\-6_5 17 90.jpg;-6;5;90
project_fotos_raw\14 x_-6\25 -6_5\-6_5 18 120.jpg;-6;5;120
project_fotos_raw\14 x_-6\25 -6_5\-6_5 19 150.jpg;-6;5;150
project_fotos_raw\14 x_-6\25 -6_5\-6_5 20 180.jpg;-6;5;180
project_fotos_raw\14 x_-6\25 -6_5\-6_5 21 210.jpg;-6;5;210
project_fotos_raw\14 x_-6\25 -6_5\-6_5 22 240.jpg;-6;5;240
project_fotos_raw\14 x_-6\25 -6_5\-6_5 23 270.jpg;-6;5;270
project_fotos_raw\14 x_-6\25 -6_5\-6_5 24 300.jpg;-6;5;300
project_fotos_raw\14 x_-6\25 -6_5\-6_5 25 330.jpg;-6;5;330
project_fotos_raw\14 x_-6\26 -6_6\-6_6 14 0.jpg;-6;6;0
project_fotos_raw\14 x_-6\26 -6_6\-6_6 15 30.jpg;-6;6;30
project_fotos_raw\14 x_-6\26 -6_6\-6_6 16 60.jpg;-6;6;60
project_fotos_raw\14 x_-6\26 -6_6\-6_6 17 90.jpg;-6;6;90
project_fotos_raw\14 x_-6\26 -6_6\-6_6 18 120.jpg;-6;6;120
project_fotos_raw\14 x_-6\26 -6_6\-6_6 19 150.jpg;-6;6;150
project_fotos_raw\14 x_-6\26 -6_6\-6_6 20 180.jpg;-6;6;180
project_fotos_raw\14 x_-6\26 -6_6\-6_6 21 210.jpg;-6;6;210
project_fotos_raw\14 x_-6\26 -6_6\-6_6 22 240.jpg;-6;6;240
project_fotos_raw\14 x_-6\26 -6_6\-6_6 23 270.jpg;-6;6;270
project_fotos_raw\14 x_-6\26 -6_6\-6_6 24 300.jpg;-6;6;300
project_fotos_raw\14 x_-6\26 -6_6\-6_6 25 330.jpg;-6;6;330
