﻿path;x;y;rotation
project_fotos_raw\21 x_1\14 -6_1\-6_1 14 0.jpg;-6;1;0
project_fotos_raw\21 x_1\14 -6_1\-6_1 15 30.jpg;-6;1;30
project_fotos_raw\21 x_1\14 -6_1\-6_1 16 60.jpg;-6;1;60
project_fotos_raw\21 x_1\14 -6_1\-6_1 17 90.jpg;-6;1;90
project_fotos_raw\21 x_1\14 -6_1\-6_1 18 120.jpg;-6;1;120
project_fotos_raw\21 x_1\14 -6_1\-6_1 19 150.jpg;-6;1;150
project_fotos_raw\21 x_1\14 -6_1\-6_1 20 180.jpg;-6;1;180
project_fotos_raw\21 x_1\14 -6_1\-6_1 21 210.jpg;-6;1;210
project_fotos_raw\21 x_1\14 -6_1\-6_1 22 240.jpg;-6;1;240
project_fotos_raw\21 x_1\14 -6_1\-6_1 23 270.jpg;-6;1;270
project_fotos_raw\21 x_1\14 -6_1\-6_1 24 300.jpg;-6;1;300
project_fotos_raw\21 x_1\14 -6_1\-6_1 25 330.jpg;-6;1;330
project_fotos_raw\21 x_1\15 -5_1\-5_1 14 0.jpg;-5;1;0
project_fotos_raw\21 x_1\15 -5_1\-5_1 15 30.jpg;-5;1;30
project_fotos_raw\21 x_1\15 -5_1\-5_1 16 60.jpg;-5;1;60
project_fotos_raw\21 x_1\15 -5_1\-5_1 17 90.jpg;-5;1;90
project_fotos_raw\21 x_1\15 -5_1\-5_1 18 120.jpg;-5;1;120
project_fotos_raw\21 x_1\15 -5_1\-5_1 19 150.jpg;-5;1;150
project_fotos_raw\21 x_1\15 -5_1\-5_1 20 180.jpg;-5;1;180
project_fotos_raw\21 x_1\15 -5_1\-5_1 21 210.jpg;-5;1;210
project_fotos_raw\21 x_1\15 -5_1\-5_1 22 240.jpg;-5;1;240
project_fotos_raw\21 x_1\15 -5_1\-5_1 23 270.jpg;-5;1;270
project_fotos_raw\21 x_1\15 -5_1\-5_1 24 300.jpg;-5;1;300
project_fotos_raw\21 x_1\15 -5_1\-5_1 25 330.jpg;-5;1;330
project_fotos_raw\21 x_1\16 -4_1\-4_1 14 0.jpg;-4;1;0
project_fotos_raw\21 x_1\16 -4_1\-4_1 15 30.jpg;-4;1;30
project_fotos_raw\21 x_1\16 -4_1\-4_1 16 60.jpg;-4;1;60
project_fotos_raw\21 x_1\16 -4_1\-4_1 17 90.jpg;-4;1;90
project_fotos_raw\21 x_1\16 -4_1\-4_1 18 120.jpg;-4;1;120
project_fotos_raw\21 x_1\16 -4_1\-4_1 19 150.jpg;-4;1;150
project_fotos_raw\21 x_1\16 -4_1\-4_1 20 180.jpg;-4;1;180
project_fotos_raw\21 x_1\16 -4_1\-4_1 21 210.jpg;-4;1;210
project_fotos_raw\21 x_1\16 -4_1\-4_1 22 240.jpg;-4;1;240
project_fotos_raw\21 x_1\16 -4_1\-4_1 23 270.jpg;-4;1;270
project_fotos_raw\21 x_1\16 -4_1\-4_1 24 300.jpg;-4;1;300
project_fotos_raw\21 x_1\16 -4_1\-4_1 25 330.jpg;-4;1;330
project_fotos_raw\21 x_1\17 -3_1\-3_1 14 0.jpg;-3;1;0
project_fotos_raw\21 x_1\17 -3_1\-3_1 15 30.jpg;-3;1;30
project_fotos_raw\21 x_1\17 -3_1\-3_1 16 60.jpg;-3;1;60
project_fotos_raw\21 x_1\17 -3_1\-3_1 17 90.jpg;-3;1;90
project_fotos_raw\21 x_1\17 -3_1\-3_1 18 120.jpg;-3;1;120
project_fotos_raw\21 x_1\17 -3_1\-3_1 19 150.jpg;-3;1;150
project_fotos_raw\21 x_1\17 -3_1\-3_1 20 180.jpg;-3;1;180
project_fotos_raw\21 x_1\17 -3_1\-3_1 21 210.jpg;-3;1;210
project_fotos_raw\21 x_1\17 -3_1\-3_1 22 240.jpg;-3;1;240
project_fotos_raw\21 x_1\17 -3_1\-3_1 23 270.jpg;-3;1;270
project_fotos_raw\21 x_1\17 -3_1\-3_1 24 300.jpg;-3;1;300
project_fotos_raw\21 x_1\17 -3_1\-3_1 25 330.jpg;-3;1;330
project_fotos_raw\21 x_1\18 -2_1\-2_1 14 0.jpg;-2;1;0
project_fotos_raw\21 x_1\18 -2_1\-2_1 15 30.jpg;-2;1;30
project_fotos_raw\21 x_1\18 -2_1\-2_1 16 60.jpg;-2;1;60
project_fotos_raw\21 x_1\18 -2_1\-2_1 17 90.jpg;-2;1;90
project_fotos_raw\21 x_1\18 -2_1\-2_1 18 120.jpg;-2;1;120
project_fotos_raw\21 x_1\18 -2_1\-2_1 19 150.jpg;-2;1;150
project_fotos_raw\21 x_1\18 -2_1\-2_1 20 180.jpg;-2;1;180
project_fotos_raw\21 x_1\18 -2_1\-2_1 21 210.jpg;-2;1;210
project_fotos_raw\21 x_1\18 -2_1\-2_1 22 240.jpg;-2;1;240
project_fotos_raw\21 x_1\18 -2_1\-2_1 23 270.jpg;-2;1;270
project_fotos_raw\21 x_1\18 -2_1\-2_1 24 300.jpg;-2;1;300
project_fotos_raw\21 x_1\18 -2_1\-2_1 25 330.jpg;-2;1;330
project_fotos_raw\21 x_1\19 -1_1\-1_1 14 0.jpg;-1;1;0
project_fotos_raw\21 x_1\19 -1_1\-1_1 15 30.jpg;-1;1;30
project_fotos_raw\21 x_1\19 -1_1\-1_1 16 60.jpg;-1;1;60
project_fotos_raw\21 x_1\19 -1_1\-1_1 17 90.jpg;-1;1;90
project_fotos_raw\21 x_1\19 -1_1\-1_1 18 120.jpg;-1;1;120
project_fotos_raw\21 x_1\19 -1_1\-1_1 19 150.jpg;-1;1;150
project_fotos_raw\21 x_1\19 -1_1\-1_1 20 180.jpg;-1;1;180
project_fotos_raw\21 x_1\19 -1_1\-1_1 21 210.jpg;-1;1;210
project_fotos_raw\21 x_1\19 -1_1\-1_1 22 240.jpg;-1;1;240
project_fotos_raw\21 x_1\19 -1_1\-1_1 23 270.jpg;-1;1;270
project_fotos_raw\21 x_1\19 -1_1\-1_1 24 300.jpg;-1;1;300
project_fotos_raw\21 x_1\19 -1_1\-1_1 25 330.jpg;-1;1;330
project_fotos_raw\21 x_1\20 0_1\0_1 14 0.jpg;0;1;0
project_fotos_raw\21 x_1\20 0_1\0_1 15 30.jpg;0;1;30
project_fotos_raw\21 x_1\20 0_1\0_1 16 60.jpg;0;1;60
project_fotos_raw\21 x_1\20 0_1\0_1 17 90.jpg;0;1;90
project_fotos_raw\21 x_1\20 0_1\0_1 18 120.jpg;0;1;120
project_fotos_raw\21 x_1\20 0_1\0_1 19 150.jpg;0;1;150
project_fotos_raw\21 x_1\20 0_1\0_1 20 180.jpg;0;1;180
project_fotos_raw\21 x_1\20 0_1\0_1 21 210.jpg;0;1;210
project_fotos_raw\21 x_1\20 0_1\0_1 22 240.jpg;0;1;240
project_fotos_raw\21 x_1\20 0_1\0_1 23 270.jpg;0;1;270
project_fotos_raw\21 x_1\20 0_1\0_1 24 300.jpg;0;1;300
project_fotos_raw\21 x_1\20 0_1\0_1 25 330.jpg;0;1;330
project_fotos_raw\21 x_1\21 1_1\1_1 14 0.jpg;1;1;0
project_fotos_raw\21 x_1\21 1_1\1_1 15 30.jpg;1;1;30
project_fotos_raw\21 x_1\21 1_1\1_1 16 60.jpg;1;1;60
project_fotos_raw\21 x_1\21 1_1\1_1 17 90.jpg;1;1;90
project_fotos_raw\21 x_1\21 1_1\1_1 18 120.jpg;1;1;120
project_fotos_raw\21 x_1\21 1_1\1_1 19 150.jpg;1;1;150
project_fotos_raw\21 x_1\21 1_1\1_1 20 180.jpg;1;1;180
project_fotos_raw\21 x_1\21 1_1\1_1 21 210.jpg;1;1;210
project_fotos_raw\21 x_1\21 1_1\1_1 22 240.jpg;1;1;240
project_fotos_raw\21 x_1\21 1_1\1_1 23 270.jpg;1;1;270
project_fotos_raw\21 x_1\21 1_1\1_1 24 300.jpg;1;1;300
project_fotos_raw\21 x_1\21 1_1\1_1 25 330.jpg;1;1;330
project_fotos_raw\21 x_1\22 2_1\2_1 14 0.jpg;2;1;0
project_fotos_raw\21 x_1\22 2_1\2_1 15 30.jpg;2;1;30
project_fotos_raw\21 x_1\22 2_1\2_1 16 60.jpg;2;1;60
project_fotos_raw\21 x_1\22 2_1\2_1 17 90.jpg;2;1;90
project_fotos_raw\21 x_1\22 2_1\2_1 18 120.jpg;2;1;120
project_fotos_raw\21 x_1\22 2_1\2_1 19 150.jpg;2;1;150
project_fotos_raw\21 x_1\22 2_1\2_1 20 180.jpg;2;1;180
project_fotos_raw\21 x_1\22 2_1\2_1 21 210.jpg;2;1;210
project_fotos_raw\21 x_1\22 2_1\2_1 22 240.jpg;2;1;240
project_fotos_raw\21 x_1\22 2_1\2_1 23 270.jpg;2;1;270
project_fotos_raw\21 x_1\22 2_1\2_1 24 300.jpg;2;1;300
project_fotos_raw\21 x_1\22 2_1\2_1 25 330.jpg;2;1;330
project_fotos_raw\21 x_1\23 3_1\3_1 14 0.jpg;3;1;0
project_fotos_raw\21 x_1\23 3_1\3_1 15 30.jpg;3;1;30
project_fotos_raw\21 x_1\23 3_1\3_1 16 60.jpg;3;1;60
project_fotos_raw\21 x_1\23 3_1\3_1 17 90.jpg;3;1;90
project_fotos_raw\21 x_1\23 3_1\3_1 18 120.jpg;3;1;120
project_fotos_raw\21 x_1\23 3_1\3_1 19 150.jpg;3;1;150
project_fotos_raw\21 x_1\23 3_1\3_1 20 180.jpg;3;1;180
project_fotos_raw\21 x_1\23 3_1\3_1 21 210.jpg;3;1;210
project_fotos_raw\21 x_1\23 3_1\3_1 22 240.jpg;3;1;240
project_fotos_raw\21 x_1\23 3_1\3_1 23 270.jpg;3;1;270
project_fotos_raw\21 x_1\23 3_1\3_1 24 300.jpg;3;1;300
project_fotos_raw\21 x_1\23 3_1\3_1 25 330.jpg;3;1;330
project_fotos_raw\21 x_1\24 4_1\4_1 14 0.jpg;4;1;0
project_fotos_raw\21 x_1\24 4_1\4_1 15 30.jpg;4;1;30
project_fotos_raw\21 x_1\24 4_1\4_1 16 60.jpg;4;1;60
project_fotos_raw\21 x_1\24 4_1\4_1 17 90.jpg;4;1;90
project_fotos_raw\21 x_1\24 4_1\4_1 18 120.jpg;4;1;120
project_fotos_raw\21 x_1\24 4_1\4_1 19 150.jpg;4;1;150
project_fotos_raw\21 x_1\24 4_1\4_1 20 180.jpg;4;1;180
project_fotos_raw\21 x_1\24 4_1\4_1 21 210.jpg;4;1;210
project_fotos_raw\21 x_1\24 4_1\4_1 22 240.jpg;4;1;240
project_fotos_raw\21 x_1\24 4_1\4_1 23 270.jpg;4;1;270
project_fotos_raw\21 x_1\24 4_1\4_1 24 300.jpg;4;1;300
project_fotos_raw\21 x_1\24 4_1\4_1 25 330.jpg;4;1;330
project_fotos_raw\21 x_1\25 5_1\5_1 14 0.jpg;5;1;0
project_fotos_raw\21 x_1\25 5_1\5_1 15 30.jpg;5;1;30
project_fotos_raw\21 x_1\25 5_1\5_1 16 60.jpg;5;1;60
project_fotos_raw\21 x_1\25 5_1\5_1 17 90.jpg;5;1;90
project_fotos_raw\21 x_1\25 5_1\5_1 18 120.jpg;5;1;120
project_fotos_raw\21 x_1\25 5_1\5_1 19 150.jpg;5;1;150
project_fotos_raw\21 x_1\25 5_1\5_1 20 180.jpg;5;1;180
project_fotos_raw\21 x_1\25 5_1\5_1 21 210.jpg;5;1;210
project_fotos_raw\21 x_1\25 5_1\5_1 22 240.jpg;5;1;240
project_fotos_raw\21 x_1\25 5_1\5_1 23 270.jpg;5;1;270
project_fotos_raw\21 x_1\25 5_1\5_1 24 300.jpg;5;1;300
project_fotos_raw\21 x_1\25 5_1\5_1 25 330.jpg;5;1;330
project_fotos_raw\21 x_1\26 6_1\6_1 14 0.jpg;6;1;0
project_fotos_raw\21 x_1\26 6_1\6_1 15 30.jpg;6;1;30
project_fotos_raw\21 x_1\26 6_1\6_1 16 60.jpg;6;1;60
project_fotos_raw\21 x_1\26 6_1\6_1 17 90.jpg;6;1;90
project_fotos_raw\21 x_1\26 6_1\6_1 18 120.jpg;6;1;120
project_fotos_raw\21 x_1\26 6_1\6_1 19 150.jpg;6;1;150
project_fotos_raw\21 x_1\26 6_1\6_1 20 180.jpg;6;1;180
project_fotos_raw\21 x_1\26 6_1\6_1 21 210.jpg;6;1;210
project_fotos_raw\21 x_1\26 6_1\6_1 22 240.jpg;6;1;240
project_fotos_raw\21 x_1\26 6_1\6_1 23 270.jpg;6;1;270
project_fotos_raw\21 x_1\26 6_1\6_1 24 300.jpg;6;1;300
project_fotos_raw\21 x_1\26 6_1\6_1 25 330.jpg;6;1;330
