﻿path;x;y;rotation
project_fotos_raw\21 x_1\14 1_-6\1_-6 14 0.jpg;1;-6;0
project_fotos_raw\21 x_1\14 1_-6\1_-6 15 30.jpg;1;-6;30
project_fotos_raw\21 x_1\14 1_-6\1_-6 16 60.jpg;1;-6;60
project_fotos_raw\21 x_1\14 1_-6\1_-6 17 90.jpg;1;-6;90
project_fotos_raw\21 x_1\14 1_-6\1_-6 18 120.jpg;1;-6;120
project_fotos_raw\21 x_1\14 1_-6\1_-6 19 150.jpg;1;-6;150
project_fotos_raw\21 x_1\14 1_-6\1_-6 20 180.jpg;1;-6;180
project_fotos_raw\21 x_1\14 1_-6\1_-6 21 210.jpg;1;-6;210
project_fotos_raw\21 x_1\14 1_-6\1_-6 22 240.jpg;1;-6;240
project_fotos_raw\21 x_1\14 1_-6\1_-6 23 270.jpg;1;-6;270
project_fotos_raw\21 x_1\14 1_-6\1_-6 24 300.jpg;1;-6;300
project_fotos_raw\21 x_1\14 1_-6\1_-6 25 330.jpg;1;-6;330
project_fotos_raw\21 x_1\15 1_-5\1_-5 14 0.jpg;1;-5;0
project_fotos_raw\21 x_1\15 1_-5\1_-5 15 30.jpg;1;-5;30
project_fotos_raw\21 x_1\15 1_-5\1_-5 16 60.jpg;1;-5;60
project_fotos_raw\21 x_1\15 1_-5\1_-5 17 90.jpg;1;-5;90
project_fotos_raw\21 x_1\15 1_-5\1_-5 18 120.jpg;1;-5;120
project_fotos_raw\21 x_1\15 1_-5\1_-5 19 150.jpg;1;-5;150
project_fotos_raw\21 x_1\15 1_-5\1_-5 20 180.jpg;1;-5;180
project_fotos_raw\21 x_1\15 1_-5\1_-5 21 210.jpg;1;-5;210
project_fotos_raw\21 x_1\15 1_-5\1_-5 22 240.jpg;1;-5;240
project_fotos_raw\21 x_1\15 1_-5\1_-5 23 270.jpg;1;-5;270
project_fotos_raw\21 x_1\15 1_-5\1_-5 24 300.jpg;1;-5;300
project_fotos_raw\21 x_1\15 1_-5\1_-5 25 330.jpg;1;-5;330
project_fotos_raw\21 x_1\16 1_-4\1_-4 14 0.jpg;1;-4;0
project_fotos_raw\21 x_1\16 1_-4\1_-4 15 30.jpg;1;-4;30
project_fotos_raw\21 x_1\16 1_-4\1_-4 16 60.jpg;1;-4;60
project_fotos_raw\21 x_1\16 1_-4\1_-4 17 90.jpg;1;-4;90
project_fotos_raw\21 x_1\16 1_-4\1_-4 18 120.jpg;1;-4;120
project_fotos_raw\21 x_1\16 1_-4\1_-4 19 150.jpg;1;-4;150
project_fotos_raw\21 x_1\16 1_-4\1_-4 20 180.jpg;1;-4;180
project_fotos_raw\21 x_1\16 1_-4\1_-4 21 210.jpg;1;-4;210
project_fotos_raw\21 x_1\16 1_-4\1_-4 22 240.jpg;1;-4;240
project_fotos_raw\21 x_1\16 1_-4\1_-4 23 270.jpg;1;-4;270
project_fotos_raw\21 x_1\16 1_-4\1_-4 24 300.jpg;1;-4;300
project_fotos_raw\21 x_1\16 1_-4\1_-4 25 330.jpg;1;-4;330
project_fotos_raw\21 x_1\17 1_-3\1_-3 14 0.jpg;1;-3;0
project_fotos_raw\21 x_1\17 1_-3\1_-3 15 30.jpg;1;-3;30
project_fotos_raw\21 x_1\17 1_-3\1_-3 16 60.jpg;1;-3;60
project_fotos_raw\21 x_1\17 1_-3\1_-3 17 90.jpg;1;-3;90
project_fotos_raw\21 x_1\17 1_-3\1_-3 18 120.jpg;1;-3;120
project_fotos_raw\21 x_1\17 1_-3\1_-3 19 150.jpg;1;-3;150
project_fotos_raw\21 x_1\17 1_-3\1_-3 20 180.jpg;1;-3;180
project_fotos_raw\21 x_1\17 1_-3\1_-3 21 210.jpg;1;-3;210
project_fotos_raw\21 x_1\17 1_-3\1_-3 22 240.jpg;1;-3;240
project_fotos_raw\21 x_1\17 1_-3\1_-3 23 270.jpg;1;-3;270
project_fotos_raw\21 x_1\17 1_-3\1_-3 24 300.jpg;1;-3;300
project_fotos_raw\21 x_1\17 1_-3\1_-3 25 330.jpg;1;-3;330
project_fotos_raw\21 x_1\18 1_-2\1_-2 14 0.jpg;1;-2;0
project_fotos_raw\21 x_1\18 1_-2\1_-2 15 30.jpg;1;-2;30
project_fotos_raw\21 x_1\18 1_-2\1_-2 16 60.jpg;1;-2;60
project_fotos_raw\21 x_1\18 1_-2\1_-2 17 90.jpg;1;-2;90
project_fotos_raw\21 x_1\18 1_-2\1_-2 18 120.jpg;1;-2;120
project_fotos_raw\21 x_1\18 1_-2\1_-2 19 150.jpg;1;-2;150
project_fotos_raw\21 x_1\18 1_-2\1_-2 20 180.jpg;1;-2;180
project_fotos_raw\21 x_1\18 1_-2\1_-2 21 210.jpg;1;-2;210
project_fotos_raw\21 x_1\18 1_-2\1_-2 22 240.jpg;1;-2;240
project_fotos_raw\21 x_1\18 1_-2\1_-2 23 270.jpg;1;-2;270
project_fotos_raw\21 x_1\18 1_-2\1_-2 24 300.jpg;1;-2;300
project_fotos_raw\21 x_1\18 1_-2\1_-2 25 330.jpg;1;-2;330
project_fotos_raw\21 x_1\19 1_-1\1_-1 14 0.jpg;1;-1;0
project_fotos_raw\21 x_1\19 1_-1\1_-1 15 30.jpg;1;-1;30
project_fotos_raw\21 x_1\19 1_-1\1_-1 16 60.jpg;1;-1;60
project_fotos_raw\21 x_1\19 1_-1\1_-1 17 90.jpg;1;-1;90
project_fotos_raw\21 x_1\19 1_-1\1_-1 18 120.jpg;1;-1;120
project_fotos_raw\21 x_1\19 1_-1\1_-1 19 150.jpg;1;-1;150
project_fotos_raw\21 x_1\19 1_-1\1_-1 20 180.jpg;1;-1;180
project_fotos_raw\21 x_1\19 1_-1\1_-1 21 210.jpg;1;-1;210
project_fotos_raw\21 x_1\19 1_-1\1_-1 22 240.jpg;1;-1;240
project_fotos_raw\21 x_1\19 1_-1\1_-1 23 270.jpg;1;-1;270
project_fotos_raw\21 x_1\19 1_-1\1_-1 24 300.jpg;1;-1;300
project_fotos_raw\21 x_1\19 1_-1\1_-1 25 330.jpg;1;-1;330
project_fotos_raw\21 x_1\20 1_0\1_0 14 0.jpg;1;0;0
project_fotos_raw\21 x_1\20 1_0\1_0 15 30.jpg;1;0;30
project_fotos_raw\21 x_1\20 1_0\1_0 16 60.jpg;1;0;60
project_fotos_raw\21 x_1\20 1_0\1_0 17 90.jpg;1;0;90
project_fotos_raw\21 x_1\20 1_0\1_0 18 120.jpg;1;0;120
project_fotos_raw\21 x_1\20 1_0\1_0 19 150.jpg;1;0;150
project_fotos_raw\21 x_1\20 1_0\1_0 20 180.jpg;1;0;180
project_fotos_raw\21 x_1\20 1_0\1_0 21 210.jpg;1;0;210
project_fotos_raw\21 x_1\20 1_0\1_0 22 240.jpg;1;0;240
project_fotos_raw\21 x_1\20 1_0\1_0 23 270.jpg;1;0;270
project_fotos_raw\21 x_1\20 1_0\1_0 24 300.jpg;1;0;300
project_fotos_raw\21 x_1\20 1_0\1_0 25 330.jpg;1;0;330
project_fotos_raw\21 x_1\21 1_1\1_1 14 0.jpg;1;1;0
project_fotos_raw\21 x_1\21 1_1\1_1 15 30.jpg;1;1;30
project_fotos_raw\21 x_1\21 1_1\1_1 16 60.jpg;1;1;60
project_fotos_raw\21 x_1\21 1_1\1_1 17 90.jpg;1;1;90
project_fotos_raw\21 x_1\21 1_1\1_1 18 120.jpg;1;1;120
project_fotos_raw\21 x_1\21 1_1\1_1 19 150.jpg;1;1;150
project_fotos_raw\21 x_1\21 1_1\1_1 20 180.jpg;1;1;180
project_fotos_raw\21 x_1\21 1_1\1_1 21 210.jpg;1;1;210
project_fotos_raw\21 x_1\21 1_1\1_1 22 240.jpg;1;1;240
project_fotos_raw\21 x_1\21 1_1\1_1 23 270.jpg;1;1;270
project_fotos_raw\21 x_1\21 1_1\1_1 24 300.jpg;1;1;300
project_fotos_raw\21 x_1\21 1_1\1_1 25 330.jpg;1;1;330
project_fotos_raw\21 x_1\22 1_2\1_2 14 0.jpg;1;2;0
project_fotos_raw\21 x_1\22 1_2\1_2 15 30.jpg;1;2;30
project_fotos_raw\21 x_1\22 1_2\1_2 16 60.jpg;1;2;60
project_fotos_raw\21 x_1\22 1_2\1_2 17 90.jpg;1;2;90
project_fotos_raw\21 x_1\22 1_2\1_2 18 120.jpg;1;2;120
project_fotos_raw\21 x_1\22 1_2\1_2 19 150.jpg;1;2;150
project_fotos_raw\21 x_1\22 1_2\1_2 20 180.jpg;1;2;180
project_fotos_raw\21 x_1\22 1_2\1_2 21 210.jpg;1;2;210
project_fotos_raw\21 x_1\22 1_2\1_2 22 240.jpg;1;2;240
project_fotos_raw\21 x_1\22 1_2\1_2 23 270.jpg;1;2;270
project_fotos_raw\21 x_1\22 1_2\1_2 24 300.jpg;1;2;300
project_fotos_raw\21 x_1\22 1_2\1_2 25 330.jpg;1;2;330
project_fotos_raw\21 x_1\23 1_3\1_3 14 0.jpg;1;3;0
project_fotos_raw\21 x_1\23 1_3\1_3 15 30.jpg;1;3;30
project_fotos_raw\21 x_1\23 1_3\1_3 16 60.jpg;1;3;60
project_fotos_raw\21 x_1\23 1_3\1_3 17 90.jpg;1;3;90
project_fotos_raw\21 x_1\23 1_3\1_3 18 120.jpg;1;3;120
project_fotos_raw\21 x_1\23 1_3\1_3 19 150.jpg;1;3;150
project_fotos_raw\21 x_1\23 1_3\1_3 20 180.jpg;1;3;180
project_fotos_raw\21 x_1\23 1_3\1_3 21 210.jpg;1;3;210
project_fotos_raw\21 x_1\23 1_3\1_3 22 240.jpg;1;3;240
project_fotos_raw\21 x_1\23 1_3\1_3 23 270.jpg;1;3;270
project_fotos_raw\21 x_1\23 1_3\1_3 24 300.jpg;1;3;300
project_fotos_raw\21 x_1\23 1_3\1_3 25 330.jpg;1;3;330
project_fotos_raw\21 x_1\24 1_4\1_4 14 0.jpg;1;4;0
project_fotos_raw\21 x_1\24 1_4\1_4 15 30.jpg;1;4;30
project_fotos_raw\21 x_1\24 1_4\1_4 16 60.jpg;1;4;60
project_fotos_raw\21 x_1\24 1_4\1_4 17 90.jpg;1;4;90
project_fotos_raw\21 x_1\24 1_4\1_4 18 120.jpg;1;4;120
project_fotos_raw\21 x_1\24 1_4\1_4 19 150.jpg;1;4;150
project_fotos_raw\21 x_1\24 1_4\1_4 20 180.jpg;1;4;180
project_fotos_raw\21 x_1\24 1_4\1_4 21 210.jpg;1;4;210
project_fotos_raw\21 x_1\24 1_4\1_4 22 240.jpg;1;4;240
project_fotos_raw\21 x_1\24 1_4\1_4 23 270.jpg;1;4;270
project_fotos_raw\21 x_1\24 1_4\1_4 24 300.jpg;1;4;300
project_fotos_raw\21 x_1\24 1_4\1_4 25 330.jpg;1;4;330
project_fotos_raw\21 x_1\25 1_5\1_5 14 0.jpg;1;5;0
project_fotos_raw\21 x_1\25 1_5\1_5 15 30.jpg;1;5;30
project_fotos_raw\21 x_1\25 1_5\1_5 16 60.jpg;1;5;60
project_fotos_raw\21 x_1\25 1_5\1_5 17 90.jpg;1;5;90
project_fotos_raw\21 x_1\25 1_5\1_5 18 120.jpg;1;5;120
project_fotos_raw\21 x_1\25 1_5\1_5 19 150.jpg;1;5;150
project_fotos_raw\21 x_1\25 1_5\1_5 20 180.jpg;1;5;180
project_fotos_raw\21 x_1\25 1_5\1_5 21 210.jpg;1;5;210
project_fotos_raw\21 x_1\25 1_5\1_5 22 240.jpg;1;5;240
project_fotos_raw\21 x_1\25 1_5\1_5 23 270.jpg;1;5;270
project_fotos_raw\21 x_1\25 1_5\1_5 24 300.jpg;1;5;300
project_fotos_raw\21 x_1\25 1_5\1_5 25 330.jpg;1;5;330
project_fotos_raw\21 x_1\26 1_6\1_6 14 0.jpg;1;6;0
project_fotos_raw\21 x_1\26 1_6\1_6 15 30.jpg;1;6;30
project_fotos_raw\21 x_1\26 1_6\1_6 16 60.jpg;1;6;60
project_fotos_raw\21 x_1\26 1_6\1_6 17 90.jpg;1;6;90
project_fotos_raw\21 x_1\26 1_6\1_6 18 120.jpg;1;6;120
project_fotos_raw\21 x_1\26 1_6\1_6 19 150.jpg;1;6;150
project_fotos_raw\21 x_1\26 1_6\1_6 20 180.jpg;1;6;180
project_fotos_raw\21 x_1\26 1_6\1_6 21 210.jpg;1;6;210
project_fotos_raw\21 x_1\26 1_6\1_6 22 240.jpg;1;6;240
project_fotos_raw\21 x_1\26 1_6\1_6 23 270.jpg;1;6;270
project_fotos_raw\21 x_1\26 1_6\1_6 24 300.jpg;1;6;300
project_fotos_raw\21 x_1\26 1_6\1_6 25 330.jpg;1;6;330
