﻿path;x;y;rotation
project_fotos_raw\27 x_7\14 -6_7\-6_7 14 0.jpg;-6;7;0
project_fotos_raw\27 x_7\14 -6_7\-6_7 15 30.jpg;-6;7;30
project_fotos_raw\27 x_7\14 -6_7\-6_7 16 60.jpg;-6;7;60
project_fotos_raw\27 x_7\14 -6_7\-6_7 17 90.jpg;-6;7;90
project_fotos_raw\27 x_7\14 -6_7\-6_7 18 120.jpg;-6;7;120
project_fotos_raw\27 x_7\14 -6_7\-6_7 19 150.jpg;-6;7;150
project_fotos_raw\27 x_7\14 -6_7\-6_7 20 180.jpg;-6;7;180
project_fotos_raw\27 x_7\14 -6_7\-6_7 21 210.jpg;-6;7;210
project_fotos_raw\27 x_7\14 -6_7\-6_7 22 240.jpg;-6;7;240
project_fotos_raw\27 x_7\14 -6_7\-6_7 23 270.jpg;-6;7;270
project_fotos_raw\27 x_7\14 -6_7\-6_7 24 300.jpg;-6;7;300
project_fotos_raw\27 x_7\14 -6_7\-6_7 25 330.jpg;-6;7;330
project_fotos_raw\27 x_7\15 -5_7\-5_7 14 0.jpg;-5;7;0
project_fotos_raw\27 x_7\15 -5_7\-5_7 15 30.jpg;-5;7;30
project_fotos_raw\27 x_7\15 -5_7\-5_7 16 60.jpg;-5;7;60
project_fotos_raw\27 x_7\15 -5_7\-5_7 17 90.jpg;-5;7;90
project_fotos_raw\27 x_7\15 -5_7\-5_7 18 120.jpg;-5;7;120
project_fotos_raw\27 x_7\15 -5_7\-5_7 19 150.jpg;-5;7;150
project_fotos_raw\27 x_7\15 -5_7\-5_7 20 180.jpg;-5;7;180
project_fotos_raw\27 x_7\15 -5_7\-5_7 21 210.jpg;-5;7;210
project_fotos_raw\27 x_7\15 -5_7\-5_7 22 240.jpg;-5;7;240
project_fotos_raw\27 x_7\15 -5_7\-5_7 23 270.jpg;-5;7;270
project_fotos_raw\27 x_7\15 -5_7\-5_7 24 300.jpg;-5;7;300
project_fotos_raw\27 x_7\15 -5_7\-5_7 25 330.jpg;-5;7;330
project_fotos_raw\27 x_7\16 -4_7\-4_7 14 0.jpg;-4;7;0
project_fotos_raw\27 x_7\16 -4_7\-4_7 15 30.jpg;-4;7;30
project_fotos_raw\27 x_7\16 -4_7\-4_7 16 60.jpg;-4;7;60
project_fotos_raw\27 x_7\16 -4_7\-4_7 17 90.jpg;-4;7;90
project_fotos_raw\27 x_7\16 -4_7\-4_7 18 120.jpg;-4;7;120
project_fotos_raw\27 x_7\16 -4_7\-4_7 19 150.jpg;-4;7;150
project_fotos_raw\27 x_7\16 -4_7\-4_7 20 180.jpg;-4;7;180
project_fotos_raw\27 x_7\16 -4_7\-4_7 21 210.jpg;-4;7;210
project_fotos_raw\27 x_7\16 -4_7\-4_7 22 240.jpg;-4;7;240
project_fotos_raw\27 x_7\16 -4_7\-4_7 23 270.jpg;-4;7;270
project_fotos_raw\27 x_7\16 -4_7\-4_7 24 300.jpg;-4;7;300
project_fotos_raw\27 x_7\16 -4_7\-4_7 25 330.jpg;-4;7;330
project_fotos_raw\27 x_7\17 -3_7\-3_7 14 0.jpg;-3;7;0
project_fotos_raw\27 x_7\17 -3_7\-3_7 15 30.jpg;-3;7;30
project_fotos_raw\27 x_7\17 -3_7\-3_7 16 60.jpg;-3;7;60
project_fotos_raw\27 x_7\17 -3_7\-3_7 17 90.jpg;-3;7;90
project_fotos_raw\27 x_7\17 -3_7\-3_7 18 120.jpg;-3;7;120
project_fotos_raw\27 x_7\17 -3_7\-3_7 19 150.jpg;-3;7;150
project_fotos_raw\27 x_7\17 -3_7\-3_7 20 180.jpg;-3;7;180
project_fotos_raw\27 x_7\17 -3_7\-3_7 21 210.jpg;-3;7;210
project_fotos_raw\27 x_7\17 -3_7\-3_7 22 240.jpg;-3;7;240
project_fotos_raw\27 x_7\17 -3_7\-3_7 23 270.jpg;-3;7;270
project_fotos_raw\27 x_7\17 -3_7\-3_7 24 300.jpg;-3;7;300
project_fotos_raw\27 x_7\17 -3_7\-3_7 25 330.jpg;-3;7;330
project_fotos_raw\27 x_7\18 -2_7\-2_7 14 0.jpg;-2;7;0
project_fotos_raw\27 x_7\18 -2_7\-2_7 15 30.jpg;-2;7;30
project_fotos_raw\27 x_7\18 -2_7\-2_7 16 60.jpg;-2;7;60
project_fotos_raw\27 x_7\18 -2_7\-2_7 17 90.jpg;-2;7;90
project_fotos_raw\27 x_7\18 -2_7\-2_7 18 120.jpg;-2;7;120
project_fotos_raw\27 x_7\18 -2_7\-2_7 19 150.jpg;-2;7;150
project_fotos_raw\27 x_7\18 -2_7\-2_7 20 180.jpg;-2;7;180
project_fotos_raw\27 x_7\18 -2_7\-2_7 21 210.jpg;-2;7;210
project_fotos_raw\27 x_7\18 -2_7\-2_7 22 240.jpg;-2;7;240
project_fotos_raw\27 x_7\18 -2_7\-2_7 23 270.jpg;-2;7;270
project_fotos_raw\27 x_7\18 -2_7\-2_7 24 300.jpg;-2;7;300
project_fotos_raw\27 x_7\18 -2_7\-2_7 25 330.jpg;-2;7;330
project_fotos_raw\27 x_7\19 -1_7\-1_7 14 0.jpg;-1;7;0
project_fotos_raw\27 x_7\19 -1_7\-1_7 15 30.jpg;-1;7;30
project_fotos_raw\27 x_7\19 -1_7\-1_7 16 60.jpg;-1;7;60
project_fotos_raw\27 x_7\19 -1_7\-1_7 17 90.jpg;-1;7;90
project_fotos_raw\27 x_7\19 -1_7\-1_7 18 120.jpg;-1;7;120
project_fotos_raw\27 x_7\19 -1_7\-1_7 19 150.jpg;-1;7;150
project_fotos_raw\27 x_7\19 -1_7\-1_7 20 180.jpg;-1;7;180
project_fotos_raw\27 x_7\19 -1_7\-1_7 21 210.jpg;-1;7;210
project_fotos_raw\27 x_7\19 -1_7\-1_7 22 240.jpg;-1;7;240
project_fotos_raw\27 x_7\19 -1_7\-1_7 23 270.jpg;-1;7;270
project_fotos_raw\27 x_7\19 -1_7\-1_7 24 300.jpg;-1;7;300
project_fotos_raw\27 x_7\19 -1_7\-1_7 25 330.jpg;-1;7;330
project_fotos_raw\27 x_7\20 0_7\0_7 14 0.jpg;0;7;0
project_fotos_raw\27 x_7\20 0_7\0_7 15 30.jpg;0;7;30
project_fotos_raw\27 x_7\20 0_7\0_7 16 60.jpg;0;7;60
project_fotos_raw\27 x_7\20 0_7\0_7 17 90.jpg;0;7;90
project_fotos_raw\27 x_7\20 0_7\0_7 18 120.jpg;0;7;120
project_fotos_raw\27 x_7\20 0_7\0_7 19 150.jpg;0;7;150
project_fotos_raw\27 x_7\20 0_7\0_7 20 180.jpg;0;7;180
project_fotos_raw\27 x_7\20 0_7\0_7 21 210.jpg;0;7;210
project_fotos_raw\27 x_7\20 0_7\0_7 22 240.jpg;0;7;240
project_fotos_raw\27 x_7\20 0_7\0_7 23 270.jpg;0;7;270
project_fotos_raw\27 x_7\20 0_7\0_7 24 300.jpg;0;7;300
project_fotos_raw\27 x_7\20 0_7\0_7 25 330.jpg;0;7;330
project_fotos_raw\27 x_7\21 1_7\1_7 14 0.jpg;1;7;0
project_fotos_raw\27 x_7\21 1_7\1_7 15 30.jpg;1;7;30
project_fotos_raw\27 x_7\21 1_7\1_7 16 60.jpg;1;7;60
project_fotos_raw\27 x_7\21 1_7\1_7 17 90.jpg;1;7;90
project_fotos_raw\27 x_7\21 1_7\1_7 18 120.jpg;1;7;120
project_fotos_raw\27 x_7\21 1_7\1_7 19 150.jpg;1;7;150
project_fotos_raw\27 x_7\21 1_7\1_7 20 180.jpg;1;7;180
project_fotos_raw\27 x_7\21 1_7\1_7 21 210.jpg;1;7;210
project_fotos_raw\27 x_7\21 1_7\1_7 22 240.jpg;1;7;240
project_fotos_raw\27 x_7\21 1_7\1_7 23 270.jpg;1;7;270
project_fotos_raw\27 x_7\21 1_7\1_7 24 300.jpg;1;7;300
project_fotos_raw\27 x_7\21 1_7\1_7 25 330.jpg;1;7;330
project_fotos_raw\27 x_7\22 2_7\2_7 14 0.jpg;2;7;0
project_fotos_raw\27 x_7\22 2_7\2_7 15 30.jpg;2;7;30
project_fotos_raw\27 x_7\22 2_7\2_7 16 60.jpg;2;7;60
project_fotos_raw\27 x_7\22 2_7\2_7 17 90.jpg;2;7;90
project_fotos_raw\27 x_7\22 2_7\2_7 18 120.jpg;2;7;120
project_fotos_raw\27 x_7\22 2_7\2_7 19 150.jpg;2;7;150
project_fotos_raw\27 x_7\22 2_7\2_7 20 180.jpg;2;7;180
project_fotos_raw\27 x_7\22 2_7\2_7 21 210.jpg;2;7;210
project_fotos_raw\27 x_7\22 2_7\2_7 22 240.jpg;2;7;240
project_fotos_raw\27 x_7\22 2_7\2_7 23 270.jpg;2;7;270
project_fotos_raw\27 x_7\22 2_7\2_7 24 300.jpg;2;7;300
project_fotos_raw\27 x_7\22 2_7\2_7 25 330.jpg;2;7;330
project_fotos_raw\27 x_7\23 3_7\3_7 14 0.jpg;3;7;0
project_fotos_raw\27 x_7\23 3_7\3_7 15 30.jpg;3;7;30
project_fotos_raw\27 x_7\23 3_7\3_7 16 60.jpg;3;7;60
project_fotos_raw\27 x_7\23 3_7\3_7 17 90.jpg;3;7;90
project_fotos_raw\27 x_7\23 3_7\3_7 18 120.jpg;3;7;120
project_fotos_raw\27 x_7\23 3_7\3_7 19 150.jpg;3;7;150
project_fotos_raw\27 x_7\23 3_7\3_7 20 180.jpg;3;7;180
project_fotos_raw\27 x_7\23 3_7\3_7 21 210.jpg;3;7;210
project_fotos_raw\27 x_7\23 3_7\3_7 22 240.jpg;3;7;240
project_fotos_raw\27 x_7\23 3_7\3_7 23 270.jpg;3;7;270
project_fotos_raw\27 x_7\23 3_7\3_7 24 300.jpg;3;7;300
project_fotos_raw\27 x_7\23 3_7\3_7 25 330.jpg;3;7;330
project_fotos_raw\27 x_7\24 4_7\4_7 14 0.jpg;4;7;0
project_fotos_raw\27 x_7\24 4_7\4_7 15 30.jpg;4;7;30
project_fotos_raw\27 x_7\24 4_7\4_7 16 60.jpg;4;7;60
project_fotos_raw\27 x_7\24 4_7\4_7 17 90.jpg;4;7;90
project_fotos_raw\27 x_7\24 4_7\4_7 18 120.jpg;4;7;120
project_fotos_raw\27 x_7\24 4_7\4_7 19 150.jpg;4;7;150
project_fotos_raw\27 x_7\24 4_7\4_7 20 180.jpg;4;7;180
project_fotos_raw\27 x_7\24 4_7\4_7 21 210.jpg;4;7;210
project_fotos_raw\27 x_7\24 4_7\4_7 22 240.jpg;4;7;240
project_fotos_raw\27 x_7\24 4_7\4_7 23 270.jpg;4;7;270
project_fotos_raw\27 x_7\24 4_7\4_7 24 300.jpg;4;7;300
project_fotos_raw\27 x_7\24 4_7\4_7 25 330.jpg;4;7;330
project_fotos_raw\27 x_7\25 5_7\5_7 14 0.jpg;5;7;0
project_fotos_raw\27 x_7\25 5_7\5_7 15 30.jpg;5;7;30
project_fotos_raw\27 x_7\25 5_7\5_7 16 60.jpg;5;7;60
project_fotos_raw\27 x_7\25 5_7\5_7 17 90.jpg;5;7;90
project_fotos_raw\27 x_7\25 5_7\5_7 18 120.jpg;5;7;120
project_fotos_raw\27 x_7\25 5_7\5_7 19 150.jpg;5;7;150
project_fotos_raw\27 x_7\25 5_7\5_7 20 180.jpg;5;7;180
project_fotos_raw\27 x_7\25 5_7\5_7 21 210.jpg;5;7;210
project_fotos_raw\27 x_7\25 5_7\5_7 22 240.jpg;5;7;240
project_fotos_raw\27 x_7\25 5_7\5_7 23 270.jpg;5;7;270
project_fotos_raw\27 x_7\25 5_7\5_7 24 300.jpg;5;7;300
project_fotos_raw\27 x_7\25 5_7\5_7 25 330.jpg;5;7;330
project_fotos_raw\27 x_7\26 6_7\6_7 14 0.jpg;6;7;0
project_fotos_raw\27 x_7\26 6_7\6_7 15 30.jpg;6;7;30
project_fotos_raw\27 x_7\26 6_7\6_7 16 60.jpg;6;7;60
project_fotos_raw\27 x_7\26 6_7\6_7 17 90.jpg;6;7;90
project_fotos_raw\27 x_7\26 6_7\6_7 18 120.jpg;6;7;120
project_fotos_raw\27 x_7\26 6_7\6_7 19 150.jpg;6;7;150
project_fotos_raw\27 x_7\26 6_7\6_7 20 180.jpg;6;7;180
project_fotos_raw\27 x_7\26 6_7\6_7 21 210.jpg;6;7;210
project_fotos_raw\27 x_7\26 6_7\6_7 22 240.jpg;6;7;240
project_fotos_raw\27 x_7\26 6_7\6_7 23 270.jpg;6;7;270
project_fotos_raw\27 x_7\26 6_7\6_7 24 300.jpg;6;7;300
project_fotos_raw\27 x_7\26 6_7\6_7 25 330.jpg;6;7;330
