﻿path;x;y;rotation
project_fotos_raw\25 x_5\14 -6_5\-6_5 14 0.jpg;-6;5;0
project_fotos_raw\25 x_5\14 -6_5\-6_5 15 30.jpg;-6;5;30
project_fotos_raw\25 x_5\14 -6_5\-6_5 16 60.jpg;-6;5;60
project_fotos_raw\25 x_5\14 -6_5\-6_5 17 90.jpg;-6;5;90
project_fotos_raw\25 x_5\14 -6_5\-6_5 18 120.jpg;-6;5;120
project_fotos_raw\25 x_5\14 -6_5\-6_5 19 150.jpg;-6;5;150
project_fotos_raw\25 x_5\14 -6_5\-6_5 20 180.jpg;-6;5;180
project_fotos_raw\25 x_5\14 -6_5\-6_5 21 210.jpg;-6;5;210
project_fotos_raw\25 x_5\14 -6_5\-6_5 22 240.jpg;-6;5;240
project_fotos_raw\25 x_5\14 -6_5\-6_5 23 270.jpg;-6;5;270
project_fotos_raw\25 x_5\14 -6_5\-6_5 24 300.jpg;-6;5;300
project_fotos_raw\25 x_5\14 -6_5\-6_5 25 330.jpg;-6;5;330
project_fotos_raw\25 x_5\15 -5_5\-5_5 14 0.jpg;-5;5;0
project_fotos_raw\25 x_5\15 -5_5\-5_5 15 30.jpg;-5;5;30
project_fotos_raw\25 x_5\15 -5_5\-5_5 16 60.jpg;-5;5;60
project_fotos_raw\25 x_5\15 -5_5\-5_5 17 90.jpg;-5;5;90
project_fotos_raw\25 x_5\15 -5_5\-5_5 18 120.jpg;-5;5;120
project_fotos_raw\25 x_5\15 -5_5\-5_5 19 150.jpg;-5;5;150
project_fotos_raw\25 x_5\15 -5_5\-5_5 20 180.jpg;-5;5;180
project_fotos_raw\25 x_5\15 -5_5\-5_5 21 210.jpg;-5;5;210
project_fotos_raw\25 x_5\15 -5_5\-5_5 22 240.jpg;-5;5;240
project_fotos_raw\25 x_5\15 -5_5\-5_5 23 270.jpg;-5;5;270
project_fotos_raw\25 x_5\15 -5_5\-5_5 24 300.jpg;-5;5;300
project_fotos_raw\25 x_5\15 -5_5\-5_5 25 330.jpg;-5;5;330
project_fotos_raw\25 x_5\16 -4_5\-4_5 14 0.jpg;-4;5;0
project_fotos_raw\25 x_5\16 -4_5\-4_5 15 30.jpg;-4;5;30
project_fotos_raw\25 x_5\16 -4_5\-4_5 16 60.jpg;-4;5;60
project_fotos_raw\25 x_5\16 -4_5\-4_5 17 90.jpg;-4;5;90
project_fotos_raw\25 x_5\16 -4_5\-4_5 18 120.jpg;-4;5;120
project_fotos_raw\25 x_5\16 -4_5\-4_5 19 150.jpg;-4;5;150
project_fotos_raw\25 x_5\16 -4_5\-4_5 20 180.jpg;-4;5;180
project_fotos_raw\25 x_5\16 -4_5\-4_5 21 210.jpg;-4;5;210
project_fotos_raw\25 x_5\16 -4_5\-4_5 22 240.jpg;-4;5;240
project_fotos_raw\25 x_5\16 -4_5\-4_5 23 270.jpg;-4;5;270
project_fotos_raw\25 x_5\16 -4_5\-4_5 24 300.jpg;-4;5;300
project_fotos_raw\25 x_5\16 -4_5\-4_5 25 330.jpg;-4;5;330
project_fotos_raw\25 x_5\17 -3_5\-3_5 14 0.jpg;-3;5;0
project_fotos_raw\25 x_5\17 -3_5\-3_5 15 30.jpg;-3;5;30
project_fotos_raw\25 x_5\17 -3_5\-3_5 16 60.jpg;-3;5;60
project_fotos_raw\25 x_5\17 -3_5\-3_5 17 90.jpg;-3;5;90
project_fotos_raw\25 x_5\17 -3_5\-3_5 18 120.jpg;-3;5;120
project_fotos_raw\25 x_5\17 -3_5\-3_5 19 150.jpg;-3;5;150
project_fotos_raw\25 x_5\17 -3_5\-3_5 20 180.jpg;-3;5;180
project_fotos_raw\25 x_5\17 -3_5\-3_5 21 210.jpg;-3;5;210
project_fotos_raw\25 x_5\17 -3_5\-3_5 22 240.jpg;-3;5;240
project_fotos_raw\25 x_5\17 -3_5\-3_5 23 270.jpg;-3;5;270
project_fotos_raw\25 x_5\17 -3_5\-3_5 24 300.jpg;-3;5;300
project_fotos_raw\25 x_5\17 -3_5\-3_5 25 330.jpg;-3;5;330
project_fotos_raw\25 x_5\18 -2_5\-2_5 14 0.jpg;-2;5;0
project_fotos_raw\25 x_5\18 -2_5\-2_5 15 30.jpg;-2;5;30
project_fotos_raw\25 x_5\18 -2_5\-2_5 16 60.jpg;-2;5;60
project_fotos_raw\25 x_5\18 -2_5\-2_5 17 90.jpg;-2;5;90
project_fotos_raw\25 x_5\18 -2_5\-2_5 18 120.jpg;-2;5;120
project_fotos_raw\25 x_5\18 -2_5\-2_5 19 150.jpg;-2;5;150
project_fotos_raw\25 x_5\18 -2_5\-2_5 20 180.jpg;-2;5;180
project_fotos_raw\25 x_5\18 -2_5\-2_5 21 210.jpg;-2;5;210
project_fotos_raw\25 x_5\18 -2_5\-2_5 22 240.jpg;-2;5;240
project_fotos_raw\25 x_5\18 -2_5\-2_5 23 270.jpg;-2;5;270
project_fotos_raw\25 x_5\18 -2_5\-2_5 24 300.jpg;-2;5;300
project_fotos_raw\25 x_5\18 -2_5\-2_5 25 330.jpg;-2;5;330
project_fotos_raw\25 x_5\19 -1_5\-1_5 14 0.jpg;-1;5;0
project_fotos_raw\25 x_5\19 -1_5\-1_5 15 30.jpg;-1;5;30
project_fotos_raw\25 x_5\19 -1_5\-1_5 16 60.jpg;-1;5;60
project_fotos_raw\25 x_5\19 -1_5\-1_5 17 90.jpg;-1;5;90
project_fotos_raw\25 x_5\19 -1_5\-1_5 18 120.jpg;-1;5;120
project_fotos_raw\25 x_5\19 -1_5\-1_5 19 150.jpg;-1;5;150
project_fotos_raw\25 x_5\19 -1_5\-1_5 20 180.jpg;-1;5;180
project_fotos_raw\25 x_5\19 -1_5\-1_5 21 210.jpg;-1;5;210
project_fotos_raw\25 x_5\19 -1_5\-1_5 22 240.jpg;-1;5;240
project_fotos_raw\25 x_5\19 -1_5\-1_5 23 270.jpg;-1;5;270
project_fotos_raw\25 x_5\19 -1_5\-1_5 24 300.jpg;-1;5;300
project_fotos_raw\25 x_5\19 -1_5\-1_5 25 330.jpg;-1;5;330
project_fotos_raw\25 x_5\20 0_5\0_5 14 0.jpg;0;5;0
project_fotos_raw\25 x_5\20 0_5\0_5 15 30.jpg;0;5;30
project_fotos_raw\25 x_5\20 0_5\0_5 16 60.jpg;0;5;60
project_fotos_raw\25 x_5\20 0_5\0_5 17 90.jpg;0;5;90
project_fotos_raw\25 x_5\20 0_5\0_5 18 120.jpg;0;5;120
project_fotos_raw\25 x_5\20 0_5\0_5 19 150.jpg;0;5;150
project_fotos_raw\25 x_5\20 0_5\0_5 20 180.jpg;0;5;180
project_fotos_raw\25 x_5\20 0_5\0_5 21 210.jpg;0;5;210
project_fotos_raw\25 x_5\20 0_5\0_5 22 240.jpg;0;5;240
project_fotos_raw\25 x_5\20 0_5\0_5 23 270.jpg;0;5;270
project_fotos_raw\25 x_5\20 0_5\0_5 24 300.jpg;0;5;300
project_fotos_raw\25 x_5\20 0_5\0_5 25 330.jpg;0;5;330
project_fotos_raw\25 x_5\21 1_5\1_5 14 0.jpg;1;5;0
project_fotos_raw\25 x_5\21 1_5\1_5 15 30.jpg;1;5;30
project_fotos_raw\25 x_5\21 1_5\1_5 16 60.jpg;1;5;60
project_fotos_raw\25 x_5\21 1_5\1_5 17 90.jpg;1;5;90
project_fotos_raw\25 x_5\21 1_5\1_5 18 120.jpg;1;5;120
project_fotos_raw\25 x_5\21 1_5\1_5 19 150.jpg;1;5;150
project_fotos_raw\25 x_5\21 1_5\1_5 20 180.jpg;1;5;180
project_fotos_raw\25 x_5\21 1_5\1_5 21 210.jpg;1;5;210
project_fotos_raw\25 x_5\21 1_5\1_5 22 240.jpg;1;5;240
project_fotos_raw\25 x_5\21 1_5\1_5 23 270.jpg;1;5;270
project_fotos_raw\25 x_5\21 1_5\1_5 24 300.jpg;1;5;300
project_fotos_raw\25 x_5\21 1_5\1_5 25 330.jpg;1;5;330
project_fotos_raw\25 x_5\22 2_5\2_5 14 0.jpg;2;5;0
project_fotos_raw\25 x_5\22 2_5\2_5 15 30.jpg;2;5;30
project_fotos_raw\25 x_5\22 2_5\2_5 16 60.jpg;2;5;60
project_fotos_raw\25 x_5\22 2_5\2_5 17 90.jpg;2;5;90
project_fotos_raw\25 x_5\22 2_5\2_5 18 120.jpg;2;5;120
project_fotos_raw\25 x_5\22 2_5\2_5 19 150.jpg;2;5;150
project_fotos_raw\25 x_5\22 2_5\2_5 20 180.jpg;2;5;180
project_fotos_raw\25 x_5\22 2_5\2_5 21 210.jpg;2;5;210
project_fotos_raw\25 x_5\22 2_5\2_5 22 240.jpg;2;5;240
project_fotos_raw\25 x_5\22 2_5\2_5 23 270.jpg;2;5;270
project_fotos_raw\25 x_5\22 2_5\2_5 24 300.jpg;2;5;300
project_fotos_raw\25 x_5\22 2_5\2_5 25 330.jpg;2;5;330
project_fotos_raw\25 x_5\23 3_5\3_5 14 0.jpg;3;5;0
project_fotos_raw\25 x_5\23 3_5\3_5 15 30.jpg;3;5;30
project_fotos_raw\25 x_5\23 3_5\3_5 16 60.jpg;3;5;60
project_fotos_raw\25 x_5\23 3_5\3_5 17 90.jpg;3;5;90
project_fotos_raw\25 x_5\23 3_5\3_5 18 120.jpg;3;5;120
project_fotos_raw\25 x_5\23 3_5\3_5 19 150.jpg;3;5;150
project_fotos_raw\25 x_5\23 3_5\3_5 20 180.jpg;3;5;180
project_fotos_raw\25 x_5\23 3_5\3_5 21 210.jpg;3;5;210
project_fotos_raw\25 x_5\23 3_5\3_5 22 240.jpg;3;5;240
project_fotos_raw\25 x_5\23 3_5\3_5 23 270.jpg;3;5;270
project_fotos_raw\25 x_5\23 3_5\3_5 24 300.jpg;3;5;300
project_fotos_raw\25 x_5\23 3_5\3_5 25 330.jpg;3;5;330
project_fotos_raw\25 x_5\24 4_5\4_5 14 0.jpg;4;5;0
project_fotos_raw\25 x_5\24 4_5\4_5 15 30.jpg;4;5;30
project_fotos_raw\25 x_5\24 4_5\4_5 16 60.jpg;4;5;60
project_fotos_raw\25 x_5\24 4_5\4_5 17 90.jpg;4;5;90
project_fotos_raw\25 x_5\24 4_5\4_5 18 120.jpg;4;5;120
project_fotos_raw\25 x_5\24 4_5\4_5 19 150.jpg;4;5;150
project_fotos_raw\25 x_5\24 4_5\4_5 20 180.jpg;4;5;180
project_fotos_raw\25 x_5\24 4_5\4_5 21 210.jpg;4;5;210
project_fotos_raw\25 x_5\24 4_5\4_5 22 240.jpg;4;5;240
project_fotos_raw\25 x_5\24 4_5\4_5 23 270.jpg;4;5;270
project_fotos_raw\25 x_5\24 4_5\4_5 24 300.jpg;4;5;300
project_fotos_raw\25 x_5\24 4_5\4_5 25 330.jpg;4;5;330
project_fotos_raw\25 x_5\25 5_5\5_5 14 0.jpg;5;5;0
project_fotos_raw\25 x_5\25 5_5\5_5 15 30.jpg;5;5;30
project_fotos_raw\25 x_5\25 5_5\5_5 16 60.jpg;5;5;60
project_fotos_raw\25 x_5\25 5_5\5_5 17 90.jpg;5;5;90
project_fotos_raw\25 x_5\25 5_5\5_5 18 120.jpg;5;5;120
project_fotos_raw\25 x_5\25 5_5\5_5 19 150.jpg;5;5;150
project_fotos_raw\25 x_5\25 5_5\5_5 20 180.jpg;5;5;180
project_fotos_raw\25 x_5\25 5_5\5_5 21 210.jpg;5;5;210
project_fotos_raw\25 x_5\25 5_5\5_5 22 240.jpg;5;5;240
project_fotos_raw\25 x_5\25 5_5\5_5 23 270.jpg;5;5;270
project_fotos_raw\25 x_5\25 5_5\5_5 24 300.jpg;5;5;300
project_fotos_raw\25 x_5\25 5_5\5_5 25 330.jpg;5;5;330
project_fotos_raw\25 x_5\26 6_5\6_5 14 0.jpg;6;5;0
project_fotos_raw\25 x_5\26 6_5\6_5 15 30.jpg;6;5;30
project_fotos_raw\25 x_5\26 6_5\6_5 16 60.jpg;6;5;60
project_fotos_raw\25 x_5\26 6_5\6_5 17 90.jpg;6;5;90
project_fotos_raw\25 x_5\26 6_5\6_5 18 120.jpg;6;5;120
project_fotos_raw\25 x_5\26 6_5\6_5 19 150.jpg;6;5;150
project_fotos_raw\25 x_5\26 6_5\6_5 20 180.jpg;6;5;180
project_fotos_raw\25 x_5\26 6_5\6_5 21 210.jpg;6;5;210
project_fotos_raw\25 x_5\26 6_5\6_5 22 240.jpg;6;5;240
project_fotos_raw\25 x_5\26 6_5\6_5 23 270.jpg;6;5;270
project_fotos_raw\25 x_5\26 6_5\6_5 24 300.jpg;6;5;300
project_fotos_raw\25 x_5\26 6_5\6_5 25 330.jpg;6;5;330
