﻿path;x;y;rotation
project_fotos_raw\18 x_-2\14 -6_-2\-6_-2 14 0.jpg;-6;-2;0
project_fotos_raw\18 x_-2\14 -6_-2\-6_-2 15 30.jpg;-6;-2;30
project_fotos_raw\18 x_-2\14 -6_-2\-6_-2 16 60.jpg;-6;-2;60
project_fotos_raw\18 x_-2\14 -6_-2\-6_-2 17 90.jpg;-6;-2;90
project_fotos_raw\18 x_-2\14 -6_-2\-6_-2 18 120.jpg;-6;-2;120
project_fotos_raw\18 x_-2\14 -6_-2\-6_-2 19 150.jpg;-6;-2;150
project_fotos_raw\18 x_-2\14 -6_-2\-6_-2 20 180.jpg;-6;-2;180
project_fotos_raw\18 x_-2\14 -6_-2\-6_-2 21 210.jpg;-6;-2;210
project_fotos_raw\18 x_-2\14 -6_-2\-6_-2 22 240.jpg;-6;-2;240
project_fotos_raw\18 x_-2\14 -6_-2\-6_-2 23 270.jpg;-6;-2;270
project_fotos_raw\18 x_-2\14 -6_-2\-6_-2 24 300.jpg;-6;-2;300
project_fotos_raw\18 x_-2\14 -6_-2\-6_-2 25 330.jpg;-6;-2;330
project_fotos_raw\18 x_-2\15 -5_-2\-5_-2 14 0.jpg;-5;-2;0
project_fotos_raw\18 x_-2\15 -5_-2\-5_-2 15 30.jpg;-5;-2;30
project_fotos_raw\18 x_-2\15 -5_-2\-5_-2 16 60.jpg;-5;-2;60
project_fotos_raw\18 x_-2\15 -5_-2\-5_-2 17 90.jpg;-5;-2;90
project_fotos_raw\18 x_-2\15 -5_-2\-5_-2 18 120.jpg;-5;-2;120
project_fotos_raw\18 x_-2\15 -5_-2\-5_-2 19 150.jpg;-5;-2;150
project_fotos_raw\18 x_-2\15 -5_-2\-5_-2 20 180.jpg;-5;-2;180
project_fotos_raw\18 x_-2\15 -5_-2\-5_-2 21 210.jpg;-5;-2;210
project_fotos_raw\18 x_-2\15 -5_-2\-5_-2 22 240.jpg;-5;-2;240
project_fotos_raw\18 x_-2\15 -5_-2\-5_-2 23 270.jpg;-5;-2;270
project_fotos_raw\18 x_-2\15 -5_-2\-5_-2 24 300.jpg;-5;-2;300
project_fotos_raw\18 x_-2\15 -5_-2\-5_-2 25 330.jpg;-5;-2;330
project_fotos_raw\18 x_-2\16 -4_-2\-4_-2 14 0.jpg;-4;-2;0
project_fotos_raw\18 x_-2\16 -4_-2\-4_-2 15 30.jpg;-4;-2;30
project_fotos_raw\18 x_-2\16 -4_-2\-4_-2 16 60.jpg;-4;-2;60
project_fotos_raw\18 x_-2\16 -4_-2\-4_-2 17 90.jpg;-4;-2;90
project_fotos_raw\18 x_-2\16 -4_-2\-4_-2 18 120.jpg;-4;-2;120
project_fotos_raw\18 x_-2\16 -4_-2\-4_-2 19 150.jpg;-4;-2;150
project_fotos_raw\18 x_-2\16 -4_-2\-4_-2 20 180.jpg;-4;-2;180
project_fotos_raw\18 x_-2\16 -4_-2\-4_-2 21 210.jpg;-4;-2;210
project_fotos_raw\18 x_-2\16 -4_-2\-4_-2 22 240.jpg;-4;-2;240
project_fotos_raw\18 x_-2\16 -4_-2\-4_-2 23 270.jpg;-4;-2;270
project_fotos_raw\18 x_-2\16 -4_-2\-4_-2 24 300.jpg;-4;-2;300
project_fotos_raw\18 x_-2\16 -4_-2\-4_-2 25 330.jpg;-4;-2;330
project_fotos_raw\18 x_-2\17 -3_-2\-3_-2 14 0.jpg;-3;-2;0
project_fotos_raw\18 x_-2\17 -3_-2\-3_-2 15 30.jpg;-3;-2;30
project_fotos_raw\18 x_-2\17 -3_-2\-3_-2 16 60.jpg;-3;-2;60
project_fotos_raw\18 x_-2\17 -3_-2\-3_-2 17 90.jpg;-3;-2;90
project_fotos_raw\18 x_-2\17 -3_-2\-3_-2 18 120.jpg;-3;-2;120
project_fotos_raw\18 x_-2\17 -3_-2\-3_-2 19 150.jpg;-3;-2;150
project_fotos_raw\18 x_-2\17 -3_-2\-3_-2 20 180.jpg;-3;-2;180
project_fotos_raw\18 x_-2\17 -3_-2\-3_-2 21 210.jpg;-3;-2;210
project_fotos_raw\18 x_-2\17 -3_-2\-3_-2 22 240.jpg;-3;-2;240
project_fotos_raw\18 x_-2\17 -3_-2\-3_-2 23 270.jpg;-3;-2;270
project_fotos_raw\18 x_-2\17 -3_-2\-3_-2 24 300.jpg;-3;-2;300
project_fotos_raw\18 x_-2\17 -3_-2\-3_-2 25 330.jpg;-3;-2;330
project_fotos_raw\18 x_-2\18 -2_-2\-2_-2 14 0.jpg;-2;-2;0
project_fotos_raw\18 x_-2\18 -2_-2\-2_-2 15 30.jpg;-2;-2;30
project_fotos_raw\18 x_-2\18 -2_-2\-2_-2 16 60.jpg;-2;-2;60
project_fotos_raw\18 x_-2\18 -2_-2\-2_-2 17 90.jpg;-2;-2;90
project_fotos_raw\18 x_-2\18 -2_-2\-2_-2 18 120.jpg;-2;-2;120
project_fotos_raw\18 x_-2\18 -2_-2\-2_-2 19 150.jpg;-2;-2;150
project_fotos_raw\18 x_-2\18 -2_-2\-2_-2 20 180.jpg;-2;-2;180
project_fotos_raw\18 x_-2\18 -2_-2\-2_-2 21 210.jpg;-2;-2;210
project_fotos_raw\18 x_-2\18 -2_-2\-2_-2 22 240.jpg;-2;-2;240
project_fotos_raw\18 x_-2\18 -2_-2\-2_-2 23 270.jpg;-2;-2;270
project_fotos_raw\18 x_-2\18 -2_-2\-2_-2 24 300.jpg;-2;-2;300
project_fotos_raw\18 x_-2\18 -2_-2\-2_-2 25 330.jpg;-2;-2;330
project_fotos_raw\18 x_-2\19 -1_-2\-1_-2 14 0.jpg;-1;-2;0
project_fotos_raw\18 x_-2\19 -1_-2\-1_-2 15 30.jpg;-1;-2;30
project_fotos_raw\18 x_-2\19 -1_-2\-1_-2 16 60.jpg;-1;-2;60
project_fotos_raw\18 x_-2\19 -1_-2\-1_-2 17 90.jpg;-1;-2;90
project_fotos_raw\18 x_-2\19 -1_-2\-1_-2 18 120.jpg;-1;-2;120
project_fotos_raw\18 x_-2\19 -1_-2\-1_-2 19 150.jpg;-1;-2;150
project_fotos_raw\18 x_-2\19 -1_-2\-1_-2 20 180.jpg;-1;-2;180
project_fotos_raw\18 x_-2\19 -1_-2\-1_-2 21 210.jpg;-1;-2;210
project_fotos_raw\18 x_-2\19 -1_-2\-1_-2 22 240.jpg;-1;-2;240
project_fotos_raw\18 x_-2\19 -1_-2\-1_-2 23 270.jpg;-1;-2;270
project_fotos_raw\18 x_-2\19 -1_-2\-1_-2 24 300.jpg;-1;-2;300
project_fotos_raw\18 x_-2\19 -1_-2\-1_-2 25 330.jpg;-1;-2;330
project_fotos_raw\18 x_-2\20 0_-2\0_-2 14 0.jpg;0;-2;0
project_fotos_raw\18 x_-2\20 0_-2\0_-2 15 30.jpg;0;-2;30
project_fotos_raw\18 x_-2\20 0_-2\0_-2 16 60.jpg;0;-2;60
project_fotos_raw\18 x_-2\20 0_-2\0_-2 17 90.jpg;0;-2;90
project_fotos_raw\18 x_-2\20 0_-2\0_-2 18 120.jpg;0;-2;120
project_fotos_raw\18 x_-2\20 0_-2\0_-2 19 150.jpg;0;-2;150
project_fotos_raw\18 x_-2\20 0_-2\0_-2 20 180.jpg;0;-2;180
project_fotos_raw\18 x_-2\20 0_-2\0_-2 21 210.jpg;0;-2;210
project_fotos_raw\18 x_-2\20 0_-2\0_-2 22 240.jpg;0;-2;240
project_fotos_raw\18 x_-2\20 0_-2\0_-2 23 270.jpg;0;-2;270
project_fotos_raw\18 x_-2\20 0_-2\0_-2 24 300.jpg;0;-2;300
project_fotos_raw\18 x_-2\20 0_-2\0_-2 25 330.jpg;0;-2;330
project_fotos_raw\18 x_-2\21 1_-2\1_-2 14 0.jpg;1;-2;0
project_fotos_raw\18 x_-2\21 1_-2\1_-2 15 30.jpg;1;-2;30
project_fotos_raw\18 x_-2\21 1_-2\1_-2 16 60.jpg;1;-2;60
project_fotos_raw\18 x_-2\21 1_-2\1_-2 17 90.jpg;1;-2;90
project_fotos_raw\18 x_-2\21 1_-2\1_-2 18 120.jpg;1;-2;120
project_fotos_raw\18 x_-2\21 1_-2\1_-2 19 150.jpg;1;-2;150
project_fotos_raw\18 x_-2\21 1_-2\1_-2 20 180.jpg;1;-2;180
project_fotos_raw\18 x_-2\21 1_-2\1_-2 21 210.jpg;1;-2;210
project_fotos_raw\18 x_-2\21 1_-2\1_-2 22 240.jpg;1;-2;240
project_fotos_raw\18 x_-2\21 1_-2\1_-2 23 270.jpg;1;-2;270
project_fotos_raw\18 x_-2\21 1_-2\1_-2 24 300.jpg;1;-2;300
project_fotos_raw\18 x_-2\21 1_-2\1_-2 25 330.jpg;1;-2;330
project_fotos_raw\18 x_-2\22 2_-2\2_-2 14 0.jpg;2;-2;0
project_fotos_raw\18 x_-2\22 2_-2\2_-2 15 30.jpg;2;-2;30
project_fotos_raw\18 x_-2\22 2_-2\2_-2 16 60.jpg;2;-2;60
project_fotos_raw\18 x_-2\22 2_-2\2_-2 17 90.jpg;2;-2;90
project_fotos_raw\18 x_-2\22 2_-2\2_-2 18 120.jpg;2;-2;120
project_fotos_raw\18 x_-2\22 2_-2\2_-2 19 150.jpg;2;-2;150
project_fotos_raw\18 x_-2\22 2_-2\2_-2 20 180.jpg;2;-2;180
project_fotos_raw\18 x_-2\22 2_-2\2_-2 21 210.jpg;2;-2;210
project_fotos_raw\18 x_-2\22 2_-2\2_-2 22 240.jpg;2;-2;240
project_fotos_raw\18 x_-2\22 2_-2\2_-2 23 270.jpg;2;-2;270
project_fotos_raw\18 x_-2\22 2_-2\2_-2 24 300.jpg;2;-2;300
project_fotos_raw\18 x_-2\22 2_-2\2_-2 25 330.jpg;2;-2;330
project_fotos_raw\18 x_-2\23 3_-2\3_-2 14 0.jpg;3;-2;0
project_fotos_raw\18 x_-2\23 3_-2\3_-2 15 30.jpg;3;-2;30
project_fotos_raw\18 x_-2\23 3_-2\3_-2 16 60.jpg;3;-2;60
project_fotos_raw\18 x_-2\23 3_-2\3_-2 17 90.jpg;3;-2;90
project_fotos_raw\18 x_-2\23 3_-2\3_-2 18 120.jpg;3;-2;120
project_fotos_raw\18 x_-2\23 3_-2\3_-2 19 150.jpg;3;-2;150
project_fotos_raw\18 x_-2\23 3_-2\3_-2 20 180.jpg;3;-2;180
project_fotos_raw\18 x_-2\23 3_-2\3_-2 21 210.jpg;3;-2;210
project_fotos_raw\18 x_-2\23 3_-2\3_-2 22 240.jpg;3;-2;240
project_fotos_raw\18 x_-2\23 3_-2\3_-2 23 270.jpg;3;-2;270
project_fotos_raw\18 x_-2\23 3_-2\3_-2 24 300.jpg;3;-2;300
project_fotos_raw\18 x_-2\23 3_-2\3_-2 25 330.jpg;3;-2;330
project_fotos_raw\18 x_-2\24 4_-2\4_-2 14 0.jpg;4;-2;0
project_fotos_raw\18 x_-2\24 4_-2\4_-2 15 30.jpg;4;-2;30
project_fotos_raw\18 x_-2\24 4_-2\4_-2 16 60.jpg;4;-2;60
project_fotos_raw\18 x_-2\24 4_-2\4_-2 17 90.jpg;4;-2;90
project_fotos_raw\18 x_-2\24 4_-2\4_-2 18 120.jpg;4;-2;120
project_fotos_raw\18 x_-2\24 4_-2\4_-2 19 150.jpg;4;-2;150
project_fotos_raw\18 x_-2\24 4_-2\4_-2 20 180.jpg;4;-2;180
project_fotos_raw\18 x_-2\24 4_-2\4_-2 21 210.jpg;4;-2;210
project_fotos_raw\18 x_-2\24 4_-2\4_-2 22 240.jpg;4;-2;240
project_fotos_raw\18 x_-2\24 4_-2\4_-2 23 270.jpg;4;-2;270
project_fotos_raw\18 x_-2\24 4_-2\4_-2 24 300.jpg;4;-2;300
project_fotos_raw\18 x_-2\24 4_-2\4_-2 25 330.jpg;4;-2;330
project_fotos_raw\18 x_-2\25 5_-2\5_-2 14 0.jpg;5;-2;0
project_fotos_raw\18 x_-2\25 5_-2\5_-2 15 30.jpg;5;-2;30
project_fotos_raw\18 x_-2\25 5_-2\5_-2 16 60.jpg;5;-2;60
project_fotos_raw\18 x_-2\25 5_-2\5_-2 17 90.jpg;5;-2;90
project_fotos_raw\18 x_-2\25 5_-2\5_-2 18 120.jpg;5;-2;120
project_fotos_raw\18 x_-2\25 5_-2\5_-2 19 150.jpg;5;-2;150
project_fotos_raw\18 x_-2\25 5_-2\5_-2 20 180.jpg;5;-2;180
project_fotos_raw\18 x_-2\25 5_-2\5_-2 21 210.jpg;5;-2;210
project_fotos_raw\18 x_-2\25 5_-2\5_-2 22 240.jpg;5;-2;240
project_fotos_raw\18 x_-2\25 5_-2\5_-2 23 270.jpg;5;-2;270
project_fotos_raw\18 x_-2\25 5_-2\5_-2 24 300.jpg;5;-2;300
project_fotos_raw\18 x_-2\25 5_-2\5_-2 25 330.jpg;5;-2;330
project_fotos_raw\18 x_-2\26 6_-2\6_-2 14 0.jpg;6;-2;0
project_fotos_raw\18 x_-2\26 6_-2\6_-2 15 30.jpg;6;-2;30
project_fotos_raw\18 x_-2\26 6_-2\6_-2 16 60.jpg;6;-2;60
project_fotos_raw\18 x_-2\26 6_-2\6_-2 17 90.jpg;6;-2;90
project_fotos_raw\18 x_-2\26 6_-2\6_-2 18 120.jpg;6;-2;120
project_fotos_raw\18 x_-2\26 6_-2\6_-2 19 150.jpg;6;-2;150
project_fotos_raw\18 x_-2\26 6_-2\6_-2 20 180.jpg;6;-2;180
project_fotos_raw\18 x_-2\26 6_-2\6_-2 21 210.jpg;6;-2;210
project_fotos_raw\18 x_-2\26 6_-2\6_-2 22 240.jpg;6;-2;240
project_fotos_raw\18 x_-2\26 6_-2\6_-2 23 270.jpg;6;-2;270
project_fotos_raw\18 x_-2\26 6_-2\6_-2 24 300.jpg;6;-2;300
project_fotos_raw\18 x_-2\26 6_-2\6_-2 25 330.jpg;6;-2;330
