﻿path;x;y;rotation
project_fotos_raw\12 x_-8\14 -6_-8\-6_-8 14 0.jpg;-6;-8;0
project_fotos_raw\12 x_-8\14 -6_-8\-6_-8 15 30.jpg;-6;-8;30
project_fotos_raw\12 x_-8\14 -6_-8\-6_-8 16 60.jpg;-6;-8;60
project_fotos_raw\12 x_-8\14 -6_-8\-6_-8 17 90.jpg;-6;-8;90
project_fotos_raw\12 x_-8\14 -6_-8\-6_-8 18 120.jpg;-6;-8;120
project_fotos_raw\12 x_-8\14 -6_-8\-6_-8 19 150.jpg;-6;-8;150
project_fotos_raw\12 x_-8\14 -6_-8\-6_-8 20 180.jpg;-6;-8;180
project_fotos_raw\12 x_-8\14 -6_-8\-6_-8 21 210.jpg;-6;-8;210
project_fotos_raw\12 x_-8\14 -6_-8\-6_-8 22 240.jpg;-6;-8;240
project_fotos_raw\12 x_-8\14 -6_-8\-6_-8 23 270.jpg;-6;-8;270
project_fotos_raw\12 x_-8\14 -6_-8\-6_-8 24 300.jpg;-6;-8;300
project_fotos_raw\12 x_-8\14 -6_-8\-6_-8 25 330.jpg;-6;-8;330
project_fotos_raw\12 x_-8\15 -5_-8\-5_-8 14 0.jpg;-5;-8;0
project_fotos_raw\12 x_-8\15 -5_-8\-5_-8 15 30.jpg;-5;-8;30
project_fotos_raw\12 x_-8\15 -5_-8\-5_-8 16 60.jpg;-5;-8;60
project_fotos_raw\12 x_-8\15 -5_-8\-5_-8 17 90.jpg;-5;-8;90
project_fotos_raw\12 x_-8\15 -5_-8\-5_-8 18 120.jpg;-5;-8;120
project_fotos_raw\12 x_-8\15 -5_-8\-5_-8 19 150.jpg;-5;-8;150
project_fotos_raw\12 x_-8\15 -5_-8\-5_-8 20 180.jpg;-5;-8;180
project_fotos_raw\12 x_-8\15 -5_-8\-5_-8 21 210.jpg;-5;-8;210
project_fotos_raw\12 x_-8\15 -5_-8\-5_-8 22 240.jpg;-5;-8;240
project_fotos_raw\12 x_-8\15 -5_-8\-5_-8 23 270.jpg;-5;-8;270
project_fotos_raw\12 x_-8\15 -5_-8\-5_-8 24 300.jpg;-5;-8;300
project_fotos_raw\12 x_-8\15 -5_-8\-5_-8 25 330.jpg;-5;-8;330
project_fotos_raw\12 x_-8\16 -4_-8\-4_-8 14 0.jpg;-4;-8;0
project_fotos_raw\12 x_-8\16 -4_-8\-4_-8 15 30.jpg;-4;-8;30
project_fotos_raw\12 x_-8\16 -4_-8\-4_-8 16 60.jpg;-4;-8;60
project_fotos_raw\12 x_-8\16 -4_-8\-4_-8 17 90.jpg;-4;-8;90
project_fotos_raw\12 x_-8\16 -4_-8\-4_-8 18 120.jpg;-4;-8;120
project_fotos_raw\12 x_-8\16 -4_-8\-4_-8 19 150.jpg;-4;-8;150
project_fotos_raw\12 x_-8\16 -4_-8\-4_-8 20 180.jpg;-4;-8;180
project_fotos_raw\12 x_-8\16 -4_-8\-4_-8 21 210.jpg;-4;-8;210
project_fotos_raw\12 x_-8\16 -4_-8\-4_-8 22 240.jpg;-4;-8;240
project_fotos_raw\12 x_-8\16 -4_-8\-4_-8 23 270.jpg;-4;-8;270
project_fotos_raw\12 x_-8\16 -4_-8\-4_-8 24 300.jpg;-4;-8;300
project_fotos_raw\12 x_-8\16 -4_-8\-4_-8 25 330.jpg;-4;-8;330
project_fotos_raw\12 x_-8\17 -3_-8\-3_-8 14 0.jpg;-3;-8;0
project_fotos_raw\12 x_-8\17 -3_-8\-3_-8 15 30.jpg;-3;-8;30
project_fotos_raw\12 x_-8\17 -3_-8\-3_-8 16 60.jpg;-3;-8;60
project_fotos_raw\12 x_-8\17 -3_-8\-3_-8 17 90.jpg;-3;-8;90
project_fotos_raw\12 x_-8\17 -3_-8\-3_-8 18 120.jpg;-3;-8;120
project_fotos_raw\12 x_-8\17 -3_-8\-3_-8 19 150.jpg;-3;-8;150
project_fotos_raw\12 x_-8\17 -3_-8\-3_-8 20 180.jpg;-3;-8;180
project_fotos_raw\12 x_-8\17 -3_-8\-3_-8 21 210.jpg;-3;-8;210
project_fotos_raw\12 x_-8\17 -3_-8\-3_-8 22 240.jpg;-3;-8;240
project_fotos_raw\12 x_-8\17 -3_-8\-3_-8 23 270.jpg;-3;-8;270
project_fotos_raw\12 x_-8\17 -3_-8\-3_-8 24 300.jpg;-3;-8;300
project_fotos_raw\12 x_-8\17 -3_-8\-3_-8 25 330.jpg;-3;-8;330
project_fotos_raw\12 x_-8\18 -2_-8\-2_-8 14 0.jpg;-2;-8;0
project_fotos_raw\12 x_-8\18 -2_-8\-2_-8 15 30.jpg;-2;-8;30
project_fotos_raw\12 x_-8\18 -2_-8\-2_-8 16 60.jpg;-2;-8;60
project_fotos_raw\12 x_-8\18 -2_-8\-2_-8 17 90.jpg;-2;-8;90
project_fotos_raw\12 x_-8\18 -2_-8\-2_-8 18 120.jpg;-2;-8;120
project_fotos_raw\12 x_-8\18 -2_-8\-2_-8 19 150.jpg;-2;-8;150
project_fotos_raw\12 x_-8\18 -2_-8\-2_-8 20 180.jpg;-2;-8;180
project_fotos_raw\12 x_-8\18 -2_-8\-2_-8 21 210.jpg;-2;-8;210
project_fotos_raw\12 x_-8\18 -2_-8\-2_-8 22 240.jpg;-2;-8;240
project_fotos_raw\12 x_-8\18 -2_-8\-2_-8 23 270.jpg;-2;-8;270
project_fotos_raw\12 x_-8\18 -2_-8\-2_-8 24 300.jpg;-2;-8;300
project_fotos_raw\12 x_-8\18 -2_-8\-2_-8 25 330.jpg;-2;-8;330
project_fotos_raw\12 x_-8\19 -1_-8\-1_-8 14 0.jpg;-1;-8;0
project_fotos_raw\12 x_-8\19 -1_-8\-1_-8 15 30.jpg;-1;-8;30
project_fotos_raw\12 x_-8\19 -1_-8\-1_-8 16 60.jpg;-1;-8;60
project_fotos_raw\12 x_-8\19 -1_-8\-1_-8 17 90.jpg;-1;-8;90
project_fotos_raw\12 x_-8\19 -1_-8\-1_-8 18 120.jpg;-1;-8;120
project_fotos_raw\12 x_-8\19 -1_-8\-1_-8 19 150.jpg;-1;-8;150
project_fotos_raw\12 x_-8\19 -1_-8\-1_-8 20 180.jpg;-1;-8;180
project_fotos_raw\12 x_-8\19 -1_-8\-1_-8 21 210.jpg;-1;-8;210
project_fotos_raw\12 x_-8\19 -1_-8\-1_-8 22 240.jpg;-1;-8;240
project_fotos_raw\12 x_-8\19 -1_-8\-1_-8 23 270.jpg;-1;-8;270
project_fotos_raw\12 x_-8\19 -1_-8\-1_-8 24 300.jpg;-1;-8;300
project_fotos_raw\12 x_-8\19 -1_-8\-1_-8 25 330.jpg;-1;-8;330
project_fotos_raw\12 x_-8\20 0_-8\0_-8 14 0.jpg;0;-8;0
project_fotos_raw\12 x_-8\20 0_-8\0_-8 15 30.jpg;0;-8;30
project_fotos_raw\12 x_-8\20 0_-8\0_-8 16 60.jpg;0;-8;60
project_fotos_raw\12 x_-8\20 0_-8\0_-8 17 90.jpg;0;-8;90
project_fotos_raw\12 x_-8\20 0_-8\0_-8 18 120.jpg;0;-8;120
project_fotos_raw\12 x_-8\20 0_-8\0_-8 19 150.jpg;0;-8;150
project_fotos_raw\12 x_-8\20 0_-8\0_-8 20 180.jpg;0;-8;180
project_fotos_raw\12 x_-8\20 0_-8\0_-8 21 210.jpg;0;-8;210
project_fotos_raw\12 x_-8\20 0_-8\0_-8 22 240.jpg;0;-8;240
project_fotos_raw\12 x_-8\20 0_-8\0_-8 23 270.jpg;0;-8;270
project_fotos_raw\12 x_-8\20 0_-8\0_-8 24 300.jpg;0;-8;300
project_fotos_raw\12 x_-8\20 0_-8\0_-8 25 330.jpg;0;-8;330
project_fotos_raw\12 x_-8\21 1_-8\1_-8 14 0.jpg;1;-8;0
project_fotos_raw\12 x_-8\21 1_-8\1_-8 15 30.jpg;1;-8;30
project_fotos_raw\12 x_-8\21 1_-8\1_-8 16 60.jpg;1;-8;60
project_fotos_raw\12 x_-8\21 1_-8\1_-8 17 90.jpg;1;-8;90
project_fotos_raw\12 x_-8\21 1_-8\1_-8 18 120.jpg;1;-8;120
project_fotos_raw\12 x_-8\21 1_-8\1_-8 19 150.jpg;1;-8;150
project_fotos_raw\12 x_-8\21 1_-8\1_-8 20 180.jpg;1;-8;180
project_fotos_raw\12 x_-8\21 1_-8\1_-8 21 210.jpg;1;-8;210
project_fotos_raw\12 x_-8\21 1_-8\1_-8 22 240.jpg;1;-8;240
project_fotos_raw\12 x_-8\21 1_-8\1_-8 23 270.jpg;1;-8;270
project_fotos_raw\12 x_-8\21 1_-8\1_-8 24 300.jpg;1;-8;300
project_fotos_raw\12 x_-8\21 1_-8\1_-8 25 330.jpg;1;-8;330
project_fotos_raw\12 x_-8\22 2_-8\2_-8 14 0.jpg;2;-8;0
project_fotos_raw\12 x_-8\22 2_-8\2_-8 15 30.jpg;2;-8;30
project_fotos_raw\12 x_-8\22 2_-8\2_-8 16 60.jpg;2;-8;60
project_fotos_raw\12 x_-8\22 2_-8\2_-8 17 90.jpg;2;-8;90
project_fotos_raw\12 x_-8\22 2_-8\2_-8 18 120.jpg;2;-8;120
project_fotos_raw\12 x_-8\22 2_-8\2_-8 19 150.jpg;2;-8;150
project_fotos_raw\12 x_-8\22 2_-8\2_-8 20 180.jpg;2;-8;180
project_fotos_raw\12 x_-8\22 2_-8\2_-8 21 210.jpg;2;-8;210
project_fotos_raw\12 x_-8\22 2_-8\2_-8 22 240.jpg;2;-8;240
project_fotos_raw\12 x_-8\22 2_-8\2_-8 23 270.jpg;2;-8;270
project_fotos_raw\12 x_-8\22 2_-8\2_-8 24 300.jpg;2;-8;300
project_fotos_raw\12 x_-8\22 2_-8\2_-8 25 330.jpg;2;-8;330
project_fotos_raw\12 x_-8\23 3_-8\3_-8 14 0.jpg;3;-8;0
project_fotos_raw\12 x_-8\23 3_-8\3_-8 15 30.jpg;3;-8;30
project_fotos_raw\12 x_-8\23 3_-8\3_-8 16 60.jpg;3;-8;60
project_fotos_raw\12 x_-8\23 3_-8\3_-8 17 90.jpg;3;-8;90
project_fotos_raw\12 x_-8\23 3_-8\3_-8 18 120.jpg;3;-8;120
project_fotos_raw\12 x_-8\23 3_-8\3_-8 19 150.jpg;3;-8;150
project_fotos_raw\12 x_-8\23 3_-8\3_-8 20 180.jpg;3;-8;180
project_fotos_raw\12 x_-8\23 3_-8\3_-8 21 210.jpg;3;-8;210
project_fotos_raw\12 x_-8\23 3_-8\3_-8 22 240.jpg;3;-8;240
project_fotos_raw\12 x_-8\23 3_-8\3_-8 23 270.jpg;3;-8;270
project_fotos_raw\12 x_-8\23 3_-8\3_-8 24 300.jpg;3;-8;300
project_fotos_raw\12 x_-8\23 3_-8\3_-8 25 330.jpg;3;-8;330
project_fotos_raw\12 x_-8\24 4_-8\4_-8 14 0.jpg;4;-8;0
project_fotos_raw\12 x_-8\24 4_-8\4_-8 15 30.jpg;4;-8;30
project_fotos_raw\12 x_-8\24 4_-8\4_-8 16 60.jpg;4;-8;60
project_fotos_raw\12 x_-8\24 4_-8\4_-8 17 90.jpg;4;-8;90
project_fotos_raw\12 x_-8\24 4_-8\4_-8 18 120.jpg;4;-8;120
project_fotos_raw\12 x_-8\24 4_-8\4_-8 19 150.jpg;4;-8;150
project_fotos_raw\12 x_-8\24 4_-8\4_-8 20 180.jpg;4;-8;180
project_fotos_raw\12 x_-8\24 4_-8\4_-8 21 210.jpg;4;-8;210
project_fotos_raw\12 x_-8\24 4_-8\4_-8 22 240.jpg;4;-8;240
project_fotos_raw\12 x_-8\24 4_-8\4_-8 23 270.jpg;4;-8;270
project_fotos_raw\12 x_-8\24 4_-8\4_-8 24 300.jpg;4;-8;300
project_fotos_raw\12 x_-8\24 4_-8\4_-8 25 330.jpg;4;-8;330
project_fotos_raw\12 x_-8\25 5_-8\5_-8 14 0.jpg;5;-8;0
project_fotos_raw\12 x_-8\25 5_-8\5_-8 15 30.jpg;5;-8;30
project_fotos_raw\12 x_-8\25 5_-8\5_-8 16 60.jpg;5;-8;60
project_fotos_raw\12 x_-8\25 5_-8\5_-8 17 90.jpg;5;-8;90
project_fotos_raw\12 x_-8\25 5_-8\5_-8 18 120.jpg;5;-8;120
project_fotos_raw\12 x_-8\25 5_-8\5_-8 19 150.jpg;5;-8;150
project_fotos_raw\12 x_-8\25 5_-8\5_-8 20 180.jpg;5;-8;180
project_fotos_raw\12 x_-8\25 5_-8\5_-8 21 210.jpg;5;-8;210
project_fotos_raw\12 x_-8\25 5_-8\5_-8 22 240.jpg;5;-8;240
project_fotos_raw\12 x_-8\25 5_-8\5_-8 23 270.jpg;5;-8;270
project_fotos_raw\12 x_-8\25 5_-8\5_-8 24 300.jpg;5;-8;300
project_fotos_raw\12 x_-8\25 5_-8\5_-8 25 330.jpg;5;-8;330
project_fotos_raw\12 x_-8\26 6_-8\6_-8 14 0.jpg;6;-8;0
project_fotos_raw\12 x_-8\26 6_-8\6_-8 15 30.jpg;6;-8;30
project_fotos_raw\12 x_-8\26 6_-8\6_-8 16 60.jpg;6;-8;60
project_fotos_raw\12 x_-8\26 6_-8\6_-8 17 90.jpg;6;-8;90
project_fotos_raw\12 x_-8\26 6_-8\6_-8 18 120.jpg;6;-8;120
project_fotos_raw\12 x_-8\26 6_-8\6_-8 19 150.jpg;6;-8;150
project_fotos_raw\12 x_-8\26 6_-8\6_-8 20 180.jpg;6;-8;180
project_fotos_raw\12 x_-8\26 6_-8\6_-8 21 210.jpg;6;-8;210
project_fotos_raw\12 x_-8\26 6_-8\6_-8 22 240.jpg;6;-8;240
project_fotos_raw\12 x_-8\26 6_-8\6_-8 23 270.jpg;6;-8;270
project_fotos_raw\12 x_-8\26 6_-8\6_-8 24 300.jpg;6;-8;300
project_fotos_raw\12 x_-8\26 6_-8\6_-8 25 330.jpg;6;-8;330
