﻿path;x;y;rotation
project_fotos_raw\13 x_-7\14 -6_-7\-6_-7 14 0.jpg;-6;-7;0
project_fotos_raw\13 x_-7\14 -6_-7\-6_-7 15 30.jpg;-6;-7;30
project_fotos_raw\13 x_-7\14 -6_-7\-6_-7 16 60.jpg;-6;-7;60
project_fotos_raw\13 x_-7\14 -6_-7\-6_-7 17 90.jpg;-6;-7;90
project_fotos_raw\13 x_-7\14 -6_-7\-6_-7 18 120.jpg;-6;-7;120
project_fotos_raw\13 x_-7\14 -6_-7\-6_-7 19 150.jpg;-6;-7;150
project_fotos_raw\13 x_-7\14 -6_-7\-6_-7 20 180.jpg;-6;-7;180
project_fotos_raw\13 x_-7\14 -6_-7\-6_-7 21 210.jpg;-6;-7;210
project_fotos_raw\13 x_-7\14 -6_-7\-6_-7 22 240.jpg;-6;-7;240
project_fotos_raw\13 x_-7\14 -6_-7\-6_-7 23 270.jpg;-6;-7;270
project_fotos_raw\13 x_-7\14 -6_-7\-6_-7 24 300.jpg;-6;-7;300
project_fotos_raw\13 x_-7\14 -6_-7\-6_-7 25 330.jpg;-6;-7;330
project_fotos_raw\13 x_-7\15 -5_-7\-5_-7 14 0.jpg;-5;-7;0
project_fotos_raw\13 x_-7\15 -5_-7\-5_-7 15 30.jpg;-5;-7;30
project_fotos_raw\13 x_-7\15 -5_-7\-5_-7 16 60.jpg;-5;-7;60
project_fotos_raw\13 x_-7\15 -5_-7\-5_-7 17 90.jpg;-5;-7;90
project_fotos_raw\13 x_-7\15 -5_-7\-5_-7 18 120.jpg;-5;-7;120
project_fotos_raw\13 x_-7\15 -5_-7\-5_-7 19 150.jpg;-5;-7;150
project_fotos_raw\13 x_-7\15 -5_-7\-5_-7 20 180.jpg;-5;-7;180
project_fotos_raw\13 x_-7\15 -5_-7\-5_-7 21 210.jpg;-5;-7;210
project_fotos_raw\13 x_-7\15 -5_-7\-5_-7 22 240.jpg;-5;-7;240
project_fotos_raw\13 x_-7\15 -5_-7\-5_-7 23 270.jpg;-5;-7;270
project_fotos_raw\13 x_-7\15 -5_-7\-5_-7 24 300.jpg;-5;-7;300
project_fotos_raw\13 x_-7\15 -5_-7\-5_-7 25 330.jpg;-5;-7;330
project_fotos_raw\13 x_-7\16 -4_-7\-4_-7 14 0.jpg;-4;-7;0
project_fotos_raw\13 x_-7\16 -4_-7\-4_-7 15 30.jpg;-4;-7;30
project_fotos_raw\13 x_-7\16 -4_-7\-4_-7 16 60.jpg;-4;-7;60
project_fotos_raw\13 x_-7\16 -4_-7\-4_-7 17 90.jpg;-4;-7;90
project_fotos_raw\13 x_-7\16 -4_-7\-4_-7 18 120.jpg;-4;-7;120
project_fotos_raw\13 x_-7\16 -4_-7\-4_-7 19 150.jpg;-4;-7;150
project_fotos_raw\13 x_-7\16 -4_-7\-4_-7 20 180.jpg;-4;-7;180
project_fotos_raw\13 x_-7\16 -4_-7\-4_-7 21 210.jpg;-4;-7;210
project_fotos_raw\13 x_-7\16 -4_-7\-4_-7 22 240.jpg;-4;-7;240
project_fotos_raw\13 x_-7\16 -4_-7\-4_-7 23 270.jpg;-4;-7;270
project_fotos_raw\13 x_-7\16 -4_-7\-4_-7 24 300.jpg;-4;-7;300
project_fotos_raw\13 x_-7\16 -4_-7\-4_-7 25 330.jpg;-4;-7;330
project_fotos_raw\13 x_-7\17 -3_-7\-3_-7 14 0.jpg;-3;-7;0
project_fotos_raw\13 x_-7\17 -3_-7\-3_-7 15 30.jpg;-3;-7;30
project_fotos_raw\13 x_-7\17 -3_-7\-3_-7 16 60.jpg;-3;-7;60
project_fotos_raw\13 x_-7\17 -3_-7\-3_-7 17 90.jpg;-3;-7;90
project_fotos_raw\13 x_-7\17 -3_-7\-3_-7 18 120.jpg;-3;-7;120
project_fotos_raw\13 x_-7\17 -3_-7\-3_-7 19 150.jpg;-3;-7;150
project_fotos_raw\13 x_-7\17 -3_-7\-3_-7 20 180.jpg;-3;-7;180
project_fotos_raw\13 x_-7\17 -3_-7\-3_-7 21 210.jpg;-3;-7;210
project_fotos_raw\13 x_-7\17 -3_-7\-3_-7 22 240.jpg;-3;-7;240
project_fotos_raw\13 x_-7\17 -3_-7\-3_-7 23 270.jpg;-3;-7;270
project_fotos_raw\13 x_-7\17 -3_-7\-3_-7 24 300.jpg;-3;-7;300
project_fotos_raw\13 x_-7\17 -3_-7\-3_-7 25 330.jpg;-3;-7;330
project_fotos_raw\13 x_-7\18 -2_-7\-2_-7 14 0.jpg;-2;-7;0
project_fotos_raw\13 x_-7\18 -2_-7\-2_-7 15 30.jpg;-2;-7;30
project_fotos_raw\13 x_-7\18 -2_-7\-2_-7 16 60.jpg;-2;-7;60
project_fotos_raw\13 x_-7\18 -2_-7\-2_-7 17 90.jpg;-2;-7;90
project_fotos_raw\13 x_-7\18 -2_-7\-2_-7 18 120.jpg;-2;-7;120
project_fotos_raw\13 x_-7\18 -2_-7\-2_-7 19 150.jpg;-2;-7;150
project_fotos_raw\13 x_-7\18 -2_-7\-2_-7 20 180.jpg;-2;-7;180
project_fotos_raw\13 x_-7\18 -2_-7\-2_-7 21 210.jpg;-2;-7;210
project_fotos_raw\13 x_-7\18 -2_-7\-2_-7 22 240.jpg;-2;-7;240
project_fotos_raw\13 x_-7\18 -2_-7\-2_-7 23 270.jpg;-2;-7;270
project_fotos_raw\13 x_-7\18 -2_-7\-2_-7 24 300.jpg;-2;-7;300
project_fotos_raw\13 x_-7\18 -2_-7\-2_-7 25 330.jpg;-2;-7;330
project_fotos_raw\13 x_-7\19 -1_-7\-1_-7 14 0.jpg;-1;-7;0
project_fotos_raw\13 x_-7\19 -1_-7\-1_-7 15 30.jpg;-1;-7;30
project_fotos_raw\13 x_-7\19 -1_-7\-1_-7 16 60.jpg;-1;-7;60
project_fotos_raw\13 x_-7\19 -1_-7\-1_-7 17 90.jpg;-1;-7;90
project_fotos_raw\13 x_-7\19 -1_-7\-1_-7 18 120.jpg;-1;-7;120
project_fotos_raw\13 x_-7\19 -1_-7\-1_-7 19 150.jpg;-1;-7;150
project_fotos_raw\13 x_-7\19 -1_-7\-1_-7 20 180.jpg;-1;-7;180
project_fotos_raw\13 x_-7\19 -1_-7\-1_-7 21 210.jpg;-1;-7;210
project_fotos_raw\13 x_-7\19 -1_-7\-1_-7 22 240.jpg;-1;-7;240
project_fotos_raw\13 x_-7\19 -1_-7\-1_-7 23 270.jpg;-1;-7;270
project_fotos_raw\13 x_-7\19 -1_-7\-1_-7 24 300.jpg;-1;-7;300
project_fotos_raw\13 x_-7\19 -1_-7\-1_-7 25 330.jpg;-1;-7;330
project_fotos_raw\13 x_-7\20 0_-7\0_-7 14 0.jpg;0;-7;0
project_fotos_raw\13 x_-7\20 0_-7\0_-7 15 30.jpg;0;-7;30
project_fotos_raw\13 x_-7\20 0_-7\0_-7 16 60.jpg;0;-7;60
project_fotos_raw\13 x_-7\20 0_-7\0_-7 17 90.jpg;0;-7;90
project_fotos_raw\13 x_-7\20 0_-7\0_-7 18 120.jpg;0;-7;120
project_fotos_raw\13 x_-7\20 0_-7\0_-7 19 150.jpg;0;-7;150
project_fotos_raw\13 x_-7\20 0_-7\0_-7 20 180.jpg;0;-7;180
project_fotos_raw\13 x_-7\20 0_-7\0_-7 21 210.jpg;0;-7;210
project_fotos_raw\13 x_-7\20 0_-7\0_-7 22 240.jpg;0;-7;240
project_fotos_raw\13 x_-7\20 0_-7\0_-7 23 270.jpg;0;-7;270
project_fotos_raw\13 x_-7\20 0_-7\0_-7 24 300.jpg;0;-7;300
project_fotos_raw\13 x_-7\20 0_-7\0_-7 25 330.jpg;0;-7;330
project_fotos_raw\13 x_-7\21 1_-7\1_-7 14 0.jpg;1;-7;0
project_fotos_raw\13 x_-7\21 1_-7\1_-7 15 30.jpg;1;-7;30
project_fotos_raw\13 x_-7\21 1_-7\1_-7 16 60.jpg;1;-7;60
project_fotos_raw\13 x_-7\21 1_-7\1_-7 17 90.jpg;1;-7;90
project_fotos_raw\13 x_-7\21 1_-7\1_-7 18 120.jpg;1;-7;120
project_fotos_raw\13 x_-7\21 1_-7\1_-7 19 150.jpg;1;-7;150
project_fotos_raw\13 x_-7\21 1_-7\1_-7 20 180.jpg;1;-7;180
project_fotos_raw\13 x_-7\21 1_-7\1_-7 21 210.jpg;1;-7;210
project_fotos_raw\13 x_-7\21 1_-7\1_-7 22 240.jpg;1;-7;240
project_fotos_raw\13 x_-7\21 1_-7\1_-7 23 270.jpg;1;-7;270
project_fotos_raw\13 x_-7\21 1_-7\1_-7 24 300.jpg;1;-7;300
project_fotos_raw\13 x_-7\21 1_-7\1_-7 25 330.jpg;1;-7;330
project_fotos_raw\13 x_-7\22 2_-7\2_-7 14 0.jpg;2;-7;0
project_fotos_raw\13 x_-7\22 2_-7\2_-7 15 30.jpg;2;-7;30
project_fotos_raw\13 x_-7\22 2_-7\2_-7 16 60.jpg;2;-7;60
project_fotos_raw\13 x_-7\22 2_-7\2_-7 17 90.jpg;2;-7;90
project_fotos_raw\13 x_-7\22 2_-7\2_-7 18 120.jpg;2;-7;120
project_fotos_raw\13 x_-7\22 2_-7\2_-7 19 150.jpg;2;-7;150
project_fotos_raw\13 x_-7\22 2_-7\2_-7 20 180.jpg;2;-7;180
project_fotos_raw\13 x_-7\22 2_-7\2_-7 21 210.jpg;2;-7;210
project_fotos_raw\13 x_-7\22 2_-7\2_-7 22 240.jpg;2;-7;240
project_fotos_raw\13 x_-7\22 2_-7\2_-7 23 270.jpg;2;-7;270
project_fotos_raw\13 x_-7\22 2_-7\2_-7 24 300.jpg;2;-7;300
project_fotos_raw\13 x_-7\22 2_-7\2_-7 25 330.jpg;2;-7;330
project_fotos_raw\13 x_-7\23 3_-7\3_-7 14 0.jpg;3;-7;0
project_fotos_raw\13 x_-7\23 3_-7\3_-7 15 30.jpg;3;-7;30
project_fotos_raw\13 x_-7\23 3_-7\3_-7 16 60.jpg;3;-7;60
project_fotos_raw\13 x_-7\23 3_-7\3_-7 17 90.jpg;3;-7;90
project_fotos_raw\13 x_-7\23 3_-7\3_-7 18 120.jpg;3;-7;120
project_fotos_raw\13 x_-7\23 3_-7\3_-7 19 150.jpg;3;-7;150
project_fotos_raw\13 x_-7\23 3_-7\3_-7 20 180.jpg;3;-7;180
project_fotos_raw\13 x_-7\23 3_-7\3_-7 21 210.jpg;3;-7;210
project_fotos_raw\13 x_-7\23 3_-7\3_-7 22 240.jpg;3;-7;240
project_fotos_raw\13 x_-7\23 3_-7\3_-7 23 270.jpg;3;-7;270
project_fotos_raw\13 x_-7\23 3_-7\3_-7 24 300.jpg;3;-7;300
project_fotos_raw\13 x_-7\23 3_-7\3_-7 25 330.jpg;3;-7;330
project_fotos_raw\13 x_-7\24 4_-7\4_-7 14 0.jpg;4;-7;0
project_fotos_raw\13 x_-7\24 4_-7\4_-7 15 30.jpg;4;-7;30
project_fotos_raw\13 x_-7\24 4_-7\4_-7 16 60.jpg;4;-7;60
project_fotos_raw\13 x_-7\24 4_-7\4_-7 17 90.jpg;4;-7;90
project_fotos_raw\13 x_-7\24 4_-7\4_-7 18 120.jpg;4;-7;120
project_fotos_raw\13 x_-7\24 4_-7\4_-7 19 150.jpg;4;-7;150
project_fotos_raw\13 x_-7\24 4_-7\4_-7 20 180.jpg;4;-7;180
project_fotos_raw\13 x_-7\24 4_-7\4_-7 21 210.jpg;4;-7;210
project_fotos_raw\13 x_-7\24 4_-7\4_-7 22 240.jpg;4;-7;240
project_fotos_raw\13 x_-7\24 4_-7\4_-7 23 270.jpg;4;-7;270
project_fotos_raw\13 x_-7\24 4_-7\4_-7 24 300.jpg;4;-7;300
project_fotos_raw\13 x_-7\24 4_-7\4_-7 25 330.jpg;4;-7;330
project_fotos_raw\13 x_-7\25 5_-7\5_-7 14 0.jpg;5;-7;0
project_fotos_raw\13 x_-7\25 5_-7\5_-7 15 30.jpg;5;-7;30
project_fotos_raw\13 x_-7\25 5_-7\5_-7 16 60.jpg;5;-7;60
project_fotos_raw\13 x_-7\25 5_-7\5_-7 17 90.jpg;5;-7;90
project_fotos_raw\13 x_-7\25 5_-7\5_-7 18 120.jpg;5;-7;120
project_fotos_raw\13 x_-7\25 5_-7\5_-7 19 150.jpg;5;-7;150
project_fotos_raw\13 x_-7\25 5_-7\5_-7 20 180.jpg;5;-7;180
project_fotos_raw\13 x_-7\25 5_-7\5_-7 21 210.jpg;5;-7;210
project_fotos_raw\13 x_-7\25 5_-7\5_-7 22 240.jpg;5;-7;240
project_fotos_raw\13 x_-7\25 5_-7\5_-7 23 270.jpg;5;-7;270
project_fotos_raw\13 x_-7\25 5_-7\5_-7 24 300.jpg;5;-7;300
project_fotos_raw\13 x_-7\25 5_-7\5_-7 25 330.jpg;5;-7;330
project_fotos_raw\13 x_-7\26 6_-7\6_-7 14 0.jpg;6;-7;0
project_fotos_raw\13 x_-7\26 6_-7\6_-7 15 30.jpg;6;-7;30
project_fotos_raw\13 x_-7\26 6_-7\6_-7 16 60.jpg;6;-7;60
project_fotos_raw\13 x_-7\26 6_-7\6_-7 17 90.jpg;6;-7;90
project_fotos_raw\13 x_-7\26 6_-7\6_-7 18 120.jpg;6;-7;120
project_fotos_raw\13 x_-7\26 6_-7\6_-7 19 150.jpg;6;-7;150
project_fotos_raw\13 x_-7\26 6_-7\6_-7 20 180.jpg;6;-7;180
project_fotos_raw\13 x_-7\26 6_-7\6_-7 21 210.jpg;6;-7;210
project_fotos_raw\13 x_-7\26 6_-7\6_-7 22 240.jpg;6;-7;240
project_fotos_raw\13 x_-7\26 6_-7\6_-7 23 270.jpg;6;-7;270
project_fotos_raw\13 x_-7\26 6_-7\6_-7 24 300.jpg;6;-7;300
project_fotos_raw\13 x_-7\26 6_-7\6_-7 25 330.jpg;6;-7;330
