﻿path;x;y;rotation
project_fotos_raw\13 x_-7\14 -7_-6\-7_-6 14 0.jpg;-7;-6;0
project_fotos_raw\13 x_-7\14 -7_-6\-7_-6 15 30.jpg;-7;-6;30
project_fotos_raw\13 x_-7\14 -7_-6\-7_-6 16 60.jpg;-7;-6;60
project_fotos_raw\13 x_-7\14 -7_-6\-7_-6 17 90.jpg;-7;-6;90
project_fotos_raw\13 x_-7\14 -7_-6\-7_-6 18 120.jpg;-7;-6;120
project_fotos_raw\13 x_-7\14 -7_-6\-7_-6 19 150.jpg;-7;-6;150
project_fotos_raw\13 x_-7\14 -7_-6\-7_-6 20 180.jpg;-7;-6;180
project_fotos_raw\13 x_-7\14 -7_-6\-7_-6 21 210.jpg;-7;-6;210
project_fotos_raw\13 x_-7\14 -7_-6\-7_-6 22 240.jpg;-7;-6;240
project_fotos_raw\13 x_-7\14 -7_-6\-7_-6 23 270.jpg;-7;-6;270
project_fotos_raw\13 x_-7\14 -7_-6\-7_-6 24 300.jpg;-7;-6;300
project_fotos_raw\13 x_-7\14 -7_-6\-7_-6 25 330.jpg;-7;-6;330
project_fotos_raw\13 x_-7\15 -7_-5\-7_-5 14 0.jpg;-7;-5;0
project_fotos_raw\13 x_-7\15 -7_-5\-7_-5 15 30.jpg;-7;-5;30
project_fotos_raw\13 x_-7\15 -7_-5\-7_-5 16 60.jpg;-7;-5;60
project_fotos_raw\13 x_-7\15 -7_-5\-7_-5 17 90.jpg;-7;-5;90
project_fotos_raw\13 x_-7\15 -7_-5\-7_-5 18 120.jpg;-7;-5;120
project_fotos_raw\13 x_-7\15 -7_-5\-7_-5 19 150.jpg;-7;-5;150
project_fotos_raw\13 x_-7\15 -7_-5\-7_-5 20 180.jpg;-7;-5;180
project_fotos_raw\13 x_-7\15 -7_-5\-7_-5 21 210.jpg;-7;-5;210
project_fotos_raw\13 x_-7\15 -7_-5\-7_-5 22 240.jpg;-7;-5;240
project_fotos_raw\13 x_-7\15 -7_-5\-7_-5 23 270.jpg;-7;-5;270
project_fotos_raw\13 x_-7\15 -7_-5\-7_-5 24 300.jpg;-7;-5;300
project_fotos_raw\13 x_-7\15 -7_-5\-7_-5 25 330.jpg;-7;-5;330
project_fotos_raw\13 x_-7\16 -7_-4\-7_-4 14 0.jpg;-7;-4;0
project_fotos_raw\13 x_-7\16 -7_-4\-7_-4 15 30.jpg;-7;-4;30
project_fotos_raw\13 x_-7\16 -7_-4\-7_-4 16 60.jpg;-7;-4;60
project_fotos_raw\13 x_-7\16 -7_-4\-7_-4 17 90.jpg;-7;-4;90
project_fotos_raw\13 x_-7\16 -7_-4\-7_-4 18 120.jpg;-7;-4;120
project_fotos_raw\13 x_-7\16 -7_-4\-7_-4 19 150.jpg;-7;-4;150
project_fotos_raw\13 x_-7\16 -7_-4\-7_-4 20 180.jpg;-7;-4;180
project_fotos_raw\13 x_-7\16 -7_-4\-7_-4 21 210.jpg;-7;-4;210
project_fotos_raw\13 x_-7\16 -7_-4\-7_-4 22 240.jpg;-7;-4;240
project_fotos_raw\13 x_-7\16 -7_-4\-7_-4 23 270.jpg;-7;-4;270
project_fotos_raw\13 x_-7\16 -7_-4\-7_-4 24 300.jpg;-7;-4;300
project_fotos_raw\13 x_-7\16 -7_-4\-7_-4 25 330.jpg;-7;-4;330
project_fotos_raw\13 x_-7\17 -7_-3\-7_-3 14 0.jpg;-7;-3;0
project_fotos_raw\13 x_-7\17 -7_-3\-7_-3 15 30.jpg;-7;-3;30
project_fotos_raw\13 x_-7\17 -7_-3\-7_-3 16 60.jpg;-7;-3;60
project_fotos_raw\13 x_-7\17 -7_-3\-7_-3 17 90.jpg;-7;-3;90
project_fotos_raw\13 x_-7\17 -7_-3\-7_-3 18 120.jpg;-7;-3;120
project_fotos_raw\13 x_-7\17 -7_-3\-7_-3 19 150.jpg;-7;-3;150
project_fotos_raw\13 x_-7\17 -7_-3\-7_-3 20 180.jpg;-7;-3;180
project_fotos_raw\13 x_-7\17 -7_-3\-7_-3 21 210.jpg;-7;-3;210
project_fotos_raw\13 x_-7\17 -7_-3\-7_-3 22 240.jpg;-7;-3;240
project_fotos_raw\13 x_-7\17 -7_-3\-7_-3 23 270.jpg;-7;-3;270
project_fotos_raw\13 x_-7\17 -7_-3\-7_-3 24 300.jpg;-7;-3;300
project_fotos_raw\13 x_-7\17 -7_-3\-7_-3 25 330.jpg;-7;-3;330
project_fotos_raw\13 x_-7\18 -7_-2\-7_-2 14 0.jpg;-7;-2;0
project_fotos_raw\13 x_-7\18 -7_-2\-7_-2 15 30.jpg;-7;-2;30
project_fotos_raw\13 x_-7\18 -7_-2\-7_-2 16 60.jpg;-7;-2;60
project_fotos_raw\13 x_-7\18 -7_-2\-7_-2 17 90.jpg;-7;-2;90
project_fotos_raw\13 x_-7\18 -7_-2\-7_-2 18 120.jpg;-7;-2;120
project_fotos_raw\13 x_-7\18 -7_-2\-7_-2 19 150.jpg;-7;-2;150
project_fotos_raw\13 x_-7\18 -7_-2\-7_-2 20 180.jpg;-7;-2;180
project_fotos_raw\13 x_-7\18 -7_-2\-7_-2 21 210.jpg;-7;-2;210
project_fotos_raw\13 x_-7\18 -7_-2\-7_-2 22 240.jpg;-7;-2;240
project_fotos_raw\13 x_-7\18 -7_-2\-7_-2 23 270.jpg;-7;-2;270
project_fotos_raw\13 x_-7\18 -7_-2\-7_-2 24 300.jpg;-7;-2;300
project_fotos_raw\13 x_-7\18 -7_-2\-7_-2 25 330.jpg;-7;-2;330
project_fotos_raw\13 x_-7\19 -7_-1\-7_-1 14 0.jpg;-7;-1;0
project_fotos_raw\13 x_-7\19 -7_-1\-7_-1 15 30.jpg;-7;-1;30
project_fotos_raw\13 x_-7\19 -7_-1\-7_-1 16 60.jpg;-7;-1;60
project_fotos_raw\13 x_-7\19 -7_-1\-7_-1 17 90.jpg;-7;-1;90
project_fotos_raw\13 x_-7\19 -7_-1\-7_-1 18 120.jpg;-7;-1;120
project_fotos_raw\13 x_-7\19 -7_-1\-7_-1 19 150.jpg;-7;-1;150
project_fotos_raw\13 x_-7\19 -7_-1\-7_-1 20 180.jpg;-7;-1;180
project_fotos_raw\13 x_-7\19 -7_-1\-7_-1 21 210.jpg;-7;-1;210
project_fotos_raw\13 x_-7\19 -7_-1\-7_-1 22 240.jpg;-7;-1;240
project_fotos_raw\13 x_-7\19 -7_-1\-7_-1 23 270.jpg;-7;-1;270
project_fotos_raw\13 x_-7\19 -7_-1\-7_-1 24 300.jpg;-7;-1;300
project_fotos_raw\13 x_-7\19 -7_-1\-7_-1 25 330.jpg;-7;-1;330
project_fotos_raw\13 x_-7\20 -7_0\-7_0 14 0.jpg;-7;0;0
project_fotos_raw\13 x_-7\20 -7_0\-7_0 15 30.jpg;-7;0;30
project_fotos_raw\13 x_-7\20 -7_0\-7_0 16 60.jpg;-7;0;60
project_fotos_raw\13 x_-7\20 -7_0\-7_0 17 90.jpg;-7;0;90
project_fotos_raw\13 x_-7\20 -7_0\-7_0 18 120.jpg;-7;0;120
project_fotos_raw\13 x_-7\20 -7_0\-7_0 19 150.jpg;-7;0;150
project_fotos_raw\13 x_-7\20 -7_0\-7_0 20 180.jpg;-7;0;180
project_fotos_raw\13 x_-7\20 -7_0\-7_0 21 210.jpg;-7;0;210
project_fotos_raw\13 x_-7\20 -7_0\-7_0 22 240.jpg;-7;0;240
project_fotos_raw\13 x_-7\20 -7_0\-7_0 23 270.jpg;-7;0;270
project_fotos_raw\13 x_-7\20 -7_0\-7_0 24 300.jpg;-7;0;300
project_fotos_raw\13 x_-7\20 -7_0\-7_0 25 330.jpg;-7;0;330
project_fotos_raw\13 x_-7\21 -7_1\-7_1 14 0.jpg;-7;1;0
project_fotos_raw\13 x_-7\21 -7_1\-7_1 15 30.jpg;-7;1;30
project_fotos_raw\13 x_-7\21 -7_1\-7_1 16 60.jpg;-7;1;60
project_fotos_raw\13 x_-7\21 -7_1\-7_1 17 90.jpg;-7;1;90
project_fotos_raw\13 x_-7\21 -7_1\-7_1 18 120.jpg;-7;1;120
project_fotos_raw\13 x_-7\21 -7_1\-7_1 19 150.jpg;-7;1;150
project_fotos_raw\13 x_-7\21 -7_1\-7_1 20 180.jpg;-7;1;180
project_fotos_raw\13 x_-7\21 -7_1\-7_1 21 210.jpg;-7;1;210
project_fotos_raw\13 x_-7\21 -7_1\-7_1 22 240.jpg;-7;1;240
project_fotos_raw\13 x_-7\21 -7_1\-7_1 23 270.jpg;-7;1;270
project_fotos_raw\13 x_-7\21 -7_1\-7_1 24 300.jpg;-7;1;300
project_fotos_raw\13 x_-7\21 -7_1\-7_1 25 330.jpg;-7;1;330
project_fotos_raw\13 x_-7\22 -7_2\-7_2 14 0.jpg;-7;2;0
project_fotos_raw\13 x_-7\22 -7_2\-7_2 15 30.jpg;-7;2;30
project_fotos_raw\13 x_-7\22 -7_2\-7_2 16 60.jpg;-7;2;60
project_fotos_raw\13 x_-7\22 -7_2\-7_2 17 90.jpg;-7;2;90
project_fotos_raw\13 x_-7\22 -7_2\-7_2 18 120.jpg;-7;2;120
project_fotos_raw\13 x_-7\22 -7_2\-7_2 19 150.jpg;-7;2;150
project_fotos_raw\13 x_-7\22 -7_2\-7_2 20 180.jpg;-7;2;180
project_fotos_raw\13 x_-7\22 -7_2\-7_2 21 210.jpg;-7;2;210
project_fotos_raw\13 x_-7\22 -7_2\-7_2 22 240.jpg;-7;2;240
project_fotos_raw\13 x_-7\22 -7_2\-7_2 23 270.jpg;-7;2;270
project_fotos_raw\13 x_-7\22 -7_2\-7_2 24 300.jpg;-7;2;300
project_fotos_raw\13 x_-7\22 -7_2\-7_2 25 330.jpg;-7;2;330
project_fotos_raw\13 x_-7\23 -7_3\-7_3 14 0.jpg;-7;3;0
project_fotos_raw\13 x_-7\23 -7_3\-7_3 15 30.jpg;-7;3;30
project_fotos_raw\13 x_-7\23 -7_3\-7_3 16 60.jpg;-7;3;60
project_fotos_raw\13 x_-7\23 -7_3\-7_3 17 90.jpg;-7;3;90
project_fotos_raw\13 x_-7\23 -7_3\-7_3 18 120.jpg;-7;3;120
project_fotos_raw\13 x_-7\23 -7_3\-7_3 19 150.jpg;-7;3;150
project_fotos_raw\13 x_-7\23 -7_3\-7_3 20 180.jpg;-7;3;180
project_fotos_raw\13 x_-7\23 -7_3\-7_3 21 210.jpg;-7;3;210
project_fotos_raw\13 x_-7\23 -7_3\-7_3 22 240.jpg;-7;3;240
project_fotos_raw\13 x_-7\23 -7_3\-7_3 23 270.jpg;-7;3;270
project_fotos_raw\13 x_-7\23 -7_3\-7_3 24 300.jpg;-7;3;300
project_fotos_raw\13 x_-7\23 -7_3\-7_3 25 330.jpg;-7;3;330
project_fotos_raw\13 x_-7\24 -7_4\-7_4 14 0.jpg;-7;4;0
project_fotos_raw\13 x_-7\24 -7_4\-7_4 15 30.jpg;-7;4;30
project_fotos_raw\13 x_-7\24 -7_4\-7_4 16 60.jpg;-7;4;60
project_fotos_raw\13 x_-7\24 -7_4\-7_4 17 90.jpg;-7;4;90
project_fotos_raw\13 x_-7\24 -7_4\-7_4 18 120.jpg;-7;4;120
project_fotos_raw\13 x_-7\24 -7_4\-7_4 19 150.jpg;-7;4;150
project_fotos_raw\13 x_-7\24 -7_4\-7_4 20 180.jpg;-7;4;180
project_fotos_raw\13 x_-7\24 -7_4\-7_4 21 210.jpg;-7;4;210
project_fotos_raw\13 x_-7\24 -7_4\-7_4 22 240.jpg;-7;4;240
project_fotos_raw\13 x_-7\24 -7_4\-7_4 23 270.jpg;-7;4;270
project_fotos_raw\13 x_-7\24 -7_4\-7_4 24 300.jpg;-7;4;300
project_fotos_raw\13 x_-7\24 -7_4\-7_4 25 330.jpg;-7;4;330
project_fotos_raw\13 x_-7\25 -7_5\-7_5 14 0.jpg;-7;5;0
project_fotos_raw\13 x_-7\25 -7_5\-7_5 15 30.jpg;-7;5;30
project_fotos_raw\13 x_-7\25 -7_5\-7_5 16 60.jpg;-7;5;60
project_fotos_raw\13 x_-7\25 -7_5\-7_5 17 90.jpg;-7;5;90
project_fotos_raw\13 x_-7\25 -7_5\-7_5 18 120.jpg;-7;5;120
project_fotos_raw\13 x_-7\25 -7_5\-7_5 19 150.jpg;-7;5;150
project_fotos_raw\13 x_-7\25 -7_5\-7_5 20 180.jpg;-7;5;180
project_fotos_raw\13 x_-7\25 -7_5\-7_5 21 210.jpg;-7;5;210
project_fotos_raw\13 x_-7\25 -7_5\-7_5 22 240.jpg;-7;5;240
project_fotos_raw\13 x_-7\25 -7_5\-7_5 23 270.jpg;-7;5;270
project_fotos_raw\13 x_-7\25 -7_5\-7_5 24 300.jpg;-7;5;300
project_fotos_raw\13 x_-7\25 -7_5\-7_5 25 330.jpg;-7;5;330
project_fotos_raw\13 x_-7\26 -7_6\-7_6 14 0.jpg;-7;6;0
project_fotos_raw\13 x_-7\26 -7_6\-7_6 15 30.jpg;-7;6;30
project_fotos_raw\13 x_-7\26 -7_6\-7_6 16 60.jpg;-7;6;60
project_fotos_raw\13 x_-7\26 -7_6\-7_6 17 90.jpg;-7;6;90
project_fotos_raw\13 x_-7\26 -7_6\-7_6 18 120.jpg;-7;6;120
project_fotos_raw\13 x_-7\26 -7_6\-7_6 19 150.jpg;-7;6;150
project_fotos_raw\13 x_-7\26 -7_6\-7_6 20 180.jpg;-7;6;180
project_fotos_raw\13 x_-7\26 -7_6\-7_6 21 210.jpg;-7;6;210
project_fotos_raw\13 x_-7\26 -7_6\-7_6 22 240.jpg;-7;6;240
project_fotos_raw\13 x_-7\26 -7_6\-7_6 23 270.jpg;-7;6;270
project_fotos_raw\13 x_-7\26 -7_6\-7_6 24 300.jpg;-7;6;300
project_fotos_raw\13 x_-7\26 -7_6\-7_6 25 330.jpg;-7;6;330
